,video_id,parent_id,parent_avg,parent_category,replies_avg,replies_category,replies_stdev
0,50AKW9lBuNM,Ugw--CbDpgEGVYWbJat4AaABAg,0.38495,sympathetic,0.041222222222222216,neutral,0.4241501319632524
1,GPcb8SYe8tA,Ugw-28hB9VytV_Ex2tV4AaABAg,0.0,neutral,-0.09273333333333333,inflammatory,0.16061884488855388
2,p8UbRG5hbiM,Ugw-9wYWWGIqZusZBVt4AaABAg,-0.8455,inflammatory,-0.2786,inflammatory,0.37477355296231885
3,a7jLOtY-1VY,Ugw-AQmRTTEDXj0sMbN4AaABAg,-0.6064,inflammatory,-0.21486,inflammatory,0.3526280519187321
4,Bn7WbKVar1I,Ugw-Cdiobj2_XxzMG_N4AaABAg,-0.33395,inflammatory,-0.5574,inflammatory,
5,p8UbRG5hbiM,Ugw-CvaAbQG_H2b0Qct4AaABAg,-0.22655,inflammatory,-0.019927272727272724,neutral,0.3197626872882735
6,rdmy9RjkNtA,Ugw-FAEeKH8rIQ8McwN4AaABAg,-0.4278,inflammatory,0.5267,sympathetic,
7,13q2vOdV9kE,Ugw-GLIcKGNIvdyCTad4AaABAg,0.5574,sympathetic,-0.17656,inflammatory,0.48967236801763686
8,Sy8scM6B_nU,Ugw-GOST7emT7ivvrtd4AaABAg,-0.26886666666666664,inflammatory,0.0594222222222222,sympathetic,0.3269242143745924
9,kzEZ-0ym5Xg,Ugw-JIBmvsefpRRok6x4AaABAg,-0.4019,inflammatory,0.7402,sympathetic,
10,TybnJ6mrvI4,Ugw-JQcD4MYCsK8Y85V4AaABAg,0.0,neutral,0.7947,sympathetic,0.09588367952889588
11,OqB0y-8Ej0c,Ugw-TkQ8iCrTnPYQCWh4AaABAg,-0.3384,inflammatory,-0.12183000000000002,inflammatory,0.39565494801517254
12,gc-7CsqGK9o,Ugw-Tooq6aiEEvx6hmB4AaABAg,-0.4767,inflammatory,-0.19726249999999998,inflammatory,0.41383933023578123
13,nihE9Yt3b-U,Ugw-V9ivQtSDOr3OZ7V4AaABAg,-0.3196,inflammatory,-0.034589999999999996,neutral,0.22410895886698604
14,fo6qLarJ52U,Ugw-WHp7jGTrvZQBszh4AaABAg,0.3182,sympathetic,0.0,neutral,
15,Sy8scM6B_nU,Ugw-WgdXJm7N-_klYtp4AaABAg,0.0,neutral,-0.23645999999999998,inflammatory,0.2188087703909512
16,54oSf8j9Eh0,Ugw-aBPrXz0E69nOyvx4AaABAg,-0.194825,inflammatory,-0.09464473684210525,inflammatory,0.3819930476920542
17,Djzvi2sVsdY,Ugw-aHp-AIowa_3f2Dh4AaABAg,0.2732,sympathetic,0.14368,sympathetic,0.3212782470071698
18,eE61i2y1mJ0,Ugw-bFriKJDNRHhH_-p4AaABAg,-0.44885,inflammatory,0.03698333333333335,neutral,0.5497291239025514
19,lhdAgnXWzFA,Ugw-j1dycUVwHwS-8Cp4AaABAg,-0.34,inflammatory,-0.32985,inflammatory,0.4664783435487654
20,fpVuA8E0KZs,Ugw-jNFYK-qreq7RWMN4AaABAg,-0.17020000000000002,inflammatory,-0.24328000000000002,inflammatory,0.4550195677111041
21,9dn7N5-EKRE,Ugw-jzeWVdro7QJ0HKh4AaABAg,0.0,neutral,-0.44777500000000003,inflammatory,0.30838883869772804
22,4pM7DLEL7xA,Ugw-lo8qAmkU-CXt_Qd4AaABAg,-0.2023,inflammatory,-0.22571428571428573,inflammatory,0.30616106016589495
23,xXAIcenT5KQ,Ugw-mniSFCRugQvj2-54AaABAg,0.021799999999999986,neutral,-0.21457777777777778,inflammatory,0.5107186646720917
24,kzEZ-0ym5Xg,Ugw-noZHqxvLp6q2l6p4AaABAg,-0.27695000000000003,inflammatory,0.7184,sympathetic,
25,p8UbRG5hbiM,Ugw-syB4SrP3uSChJul4AaABAg,-0.3548,inflammatory,-0.59415,inflammatory,0.32944104935481244
26,Djzvi2sVsdY,Ugw-tgt1SeIS7uTrpnB4AaABAg,-0.47459999999999997,inflammatory,0.15513636363636366,sympathetic,0.4042430290622889
27,xXAIcenT5KQ,Ugw-wIL3Vyemj8-DIt54AaABAg,-0.5267,inflammatory,-0.35029166666666667,inflammatory,0.38774173798907424
28,vMKNBsd_XYg,Ugw07Xn4yxU33GRjR1N4AaABAg,0.024462499999999998,neutral,-0.02306666666666667,neutral,0.3435261306279952
29,qYbQZNOX9zc,Ugw08hDKZKExggxBlah4AaABAg,-0.6124,inflammatory,0.0,neutral,
30,pgZTLDI3AAA,Ugw0BtozIZk4UTwWUOh4AaABAg,-0.8074,inflammatory,0.3294166666666667,sympathetic,0.32324570479229364
31,mja0Lze2l0c,Ugw0Pd1Wo-2n6N4U-Yl4AaABAg,0.4215,sympathetic,0.0,neutral,
32,zfQxhG5oWdU,Ugw0PgDUtBEIcT9OStJ4AaABAg,0.0,neutral,0.049090909090909095,neutral,0.5655120042130767
33,GPcb8SYe8tA,Ugw0WBqE3csZYBt3AOl4AaABAg,0.2057,sympathetic,0.14785,sympathetic,0.40491005297473165
34,fo6qLarJ52U,Ugw0YHMtKbuPH8M9ThV4AaABAg,-0.56265,inflammatory,-0.20181999999999997,inflammatory,0.4206518061294876
35,Sy8scM6B_nU,Ugw0_sxxpRHCMFECTZx4AaABAg,-0.1531,inflammatory,-0.36345,inflammatory,0.5139959192445014
36,ZSDPc8de7cw,Ugw0a0WzK4VnN38lOL14AaABAg,-0.019066666666666666,neutral,-0.32353333333333334,inflammatory,0.2803200373382776
37,fo6qLarJ52U,Ugw0bOnlyuGtFlBjU4p4AaABAg,0.8673,sympathetic,0.15445,sympathetic,0.21842528470852454
38,ZSDPc8de7cw,Ugw0dVnWuIyYkWAg7q94AaABAg,0.050199999999999995,sympathetic,0.09340833333333333,sympathetic,0.2693304913310152
39,Bn7WbKVar1I,Ugw0fExktOYhI00aqlx4AaABAg,-0.46015,inflammatory,-0.06487777777777776,inflammatory,0.23593035931063308
40,fo6qLarJ52U,Ugw0hUNPOCBLG3k8xzV4AaABAg,0.2023,sympathetic,0.016700000000000003,neutral,0.36399546700474167
41,CJHJd1gOB48,Ugw0rVL4vUtTgJVIJVB4AaABAg,0.0,neutral,0.0,neutral,
42,zx3JMdSDTJs,Ugw0wT8XmhJIY8FWf4t4AaABAg,-0.27115,inflammatory,0.045149999999999996,neutral,0.3547554721212909
43,fpVuA8E0KZs,Ugw115crGqkAY2d7OMJ4AaABAg,-0.8765,inflammatory,-0.17350000000000002,inflammatory,0.3384326422396831
44,ZSDPc8de7cw,Ugw11B3yKTUZQER1dLx4AaABAg,-0.5574,inflammatory,-0.09712,inflammatory,0.4136847918403576
45,lP_9nYehuss,Ugw167RsWzLSt3Eh6k14AaABAg,0.743,sympathetic,0.25666666666666665,sympathetic,0.5186325224408255
46,eAF4_2edowo,Ugw1PpgOXknGP6hjCp54AaABAg,0.3818,sympathetic,-0.09419000000000002,inflammatory,0.408144266160876
47,6GfCWFftDSA,Ugw1Rs5UrtBYJcd2d-h4AaABAg,-0.7845,inflammatory,-0.01941999999999999,neutral,0.4520799343036583
48,3L2BXNMGTew,Ugw1Yg35rKYI9q9HVqN4AaABAg,-0.1626,inflammatory,-0.15288999999999997,inflammatory,0.5869436400162757
49,_BS6EnE31XM,Ugw1bgIQAw3wooKfBP94AaABAg,0.1526,sympathetic,0.0,neutral,
50,yySFCBFXevg,Ugw1drcXaTBUfVwCATR4AaABAg,0.4101,sympathetic,0.25,sympathetic,
51,SFr12qevR18,Ugw1fqpfiNyZ_TIKTel4AaABAg,0.4215,sympathetic,-0.05340999999999999,inflammatory,0.42159219120402425
52,Bn7WbKVar1I,Ugw1jB4PFFitHwS735F4AaABAg,-0.6249,inflammatory,0.0047666666666666725,neutral,0.2818763470034334
53,qRw6gOjwCbQ,Ugw1oVf4GL-ad2YGqft4AaABAg,0.24080000000000001,sympathetic,-0.17747272727272725,inflammatory,0.46826552529715254
54,zfQxhG5oWdU,Ugw1qa_2uhGaDHDin5B4AaABAg,0.6488,sympathetic,-0.42196666666666666,inflammatory,0.14197043119372896
55,50AKW9lBuNM,Ugw1rJy87ZiclDdVkb54AaABAg,-0.0258,neutral,-0.27471428571428574,inflammatory,0.5446391662638406
56,ykwxUGxIDrQ,Ugw1sxEyabXcYhm0lGN4AaABAg,-0.20025,inflammatory,-0.27115,inflammatory,0.09736860376938761
57,gc-7CsqGK9o,Ugw1uvWERvBkWro43l14AaABAg,0.0,neutral,0.0028769230769230634,neutral,0.3597895430059221
58,NrEyGPb2fNI,Ugw24NLM4678JyRzzBl4AaABAg,0.3612,sympathetic,0.28595,sympathetic,0.4043943681605865
59,dR8H-nQkz4k,Ugw285IHiGHVp72LVf94AaABAg,0.10285,sympathetic,-0.11564,inflammatory,0.3574329531534551
60,Taz-d2zn6Vg,Ugw2EwgJsu-BG8VyEy94AaABAg,0.0,neutral,0.049825,neutral,0.2841075192598746
61,xXAIcenT5KQ,Ugw2HUpvu3K8EiclSq94AaABAg,0.4404,sympathetic,0.058539999999999995,sympathetic,0.15860620416616747
62,_BS6EnE31XM,Ugw2J6G0PvHRn03K1Vl4AaABAg,0.2023,sympathetic,0.025716666666666665,neutral,0.3438857218127363
63,t5mmdQiyhxc,Ugw2N6aCMlmWiNa9bsF4AaABAg,0.2032,sympathetic,-0.1533,inflammatory,0.4605931610434527
64,kin9OECNFRk,Ugw2Oq1iNvSAkQKSxAp4AaABAg,-0.6484,inflammatory,0.0,neutral,
65,psP1uxfO6CQ,Ugw2OzswPVvmBs9r0jh4AaABAg,-0.10115,inflammatory,-0.7003,inflammatory,
66,9dn7N5-EKRE,Ugw2PgD8zbmhQlJGiBt4AaABAg,0.3382,sympathetic,0.01757142857142857,neutral,0.34391140678128973
67,2ytZhL25V4w,Ugw2ViZDYdW0HZ071cx4AaABAg,-0.1027,inflammatory,-0.2263,inflammatory,
68,kin9OECNFRk,Ugw2XtqCBsADSOL6QLl4AaABAg,-0.6908,inflammatory,-0.5423,inflammatory,
69,yySFCBFXevg,Ugw2_ecUcg4o0kpoh6x4AaABAg,-0.4023,inflammatory,-0.18600000000000003,inflammatory,0.17372391890583175
70,z_1OsbwBfJ0,Ugw2htg_OnPcsN50hsR4AaABAg,0.5574,sympathetic,-0.0756625,inflammatory,0.357744924841709
71,54oSf8j9Eh0,Ugw2lVhahJY8ddiJbpR4AaABAg,0.0,neutral,-0.19757499999999997,inflammatory,0.2920707263089998
72,50AKW9lBuNM,Ugw2lk1V8u3my5zDwdd4AaABAg,-0.03783333333333332,neutral,-0.8271,inflammatory,
73,SFr12qevR18,Ugw2n5-Ii0fkEg_vw054AaABAg,-0.310125,inflammatory,-0.00496999999999998,neutral,0.3708281154689086
74,Djzvi2sVsdY,Ugw2r-ovFp11uGvnO4t4AaABAg,0.148,sympathetic,-0.18981666666666666,inflammatory,0.4325949117438469
75,46xekr1CEUU,Ugw2yIowFL05_cXFnKV4AaABAg,0.7184,sympathetic,0.12090000000000001,sympathetic,0.47271182100121606
76,54oSf8j9Eh0,Ugw30skRZ8XToj3tRB94AaABAg,0.0,neutral,0.0,neutral,
77,t5mmdQiyhxc,Ugw35inJ7hHqplMMlgR4AaABAg,0.4939,sympathetic,0.31253333333333333,sympathetic,0.5413236123921931
78,_BS6EnE31XM,Ugw3FAARZ1mfawULeup4AaABAg,-0.2553,inflammatory,-0.08566000000000001,inflammatory,0.29638740114174145
79,fo6qLarJ52U,Ugw3HX0DCIpQEwZcXEV4AaABAg,-0.2307,inflammatory,0.1531,sympathetic,
80,7H-oD45q0MM,Ugw3K6IbokiLwPNWwvV4AaABAg,-0.30953333333333327,inflammatory,-0.09801666666666668,inflammatory,0.17276073750780999
81,vMKNBsd_XYg,Ugw3KxuEC1nCla8ZpC14AaABAg,-0.23835,inflammatory,-0.28023333333333333,inflammatory,0.25764268797438566
82,xXAIcenT5KQ,Ugw3Lw8i55HioJ6gSwp4AaABAg,-0.0676875,inflammatory,0.006244444444444447,neutral,0.2806090791078895
83,WcIOWDNlR7s,Ugw3NbjKbk79qysPhcZ4AaABAg,0.2541,sympathetic,-0.17265714285714287,inflammatory,0.23033533422051464
84,DgOOpBixH80,Ugw3QBkIfdkZlPhRqFd4AaABAg,0.4404,sympathetic,0.11134285714285715,sympathetic,0.19095184259513232
85,54oSf8j9Eh0,Ugw3TaHFHjwzJnoh2i14AaABAg,0.6369,sympathetic,0.2606833333333333,sympathetic,0.21664480069151593
86,6D_RgBOrjI0,Ugw3Y2HBBHpJZDf4NHt4AaABAg,-0.38915,inflammatory,-0.19634166666666672,inflammatory,0.4146075109137081
87,_BS6EnE31XM,Ugw3YhW7nY9n2JFQ4694AaABAg,-0.7184,inflammatory,0.1077,sympathetic,0.24971660937951243
88,pePQ6YdNww4,Ugw3biFnaxfY78KIAvZ4AaABAg,-0.09866666666666667,inflammatory,0.0,neutral,
89,ZSDPc8de7cw,Ugw3fWw11B0duWBIMw54AaABAg,0.8271,sympathetic,0.4598,sympathetic,0.624475294413905
90,p8UbRG5hbiM,Ugw3mOzRUP5ekd0fUsZ4AaABAg,-0.4588,inflammatory,-0.024499999999999997,neutral,0.2657340337003649
91,4pM7DLEL7xA,Ugw3ppge2B34L_wZWlx4AaABAg,0.0,neutral,0.0,neutral,
92,ZSDPc8de7cw,Ugw3rJv5rhLlMNFq5gB4AaABAg,0.2732,sympathetic,0.0,neutral,
93,fpVuA8E0KZs,Ugw43o6F4CsK8frapeB4AaABAg,-0.34,inflammatory,0.1027,sympathetic,
94,wHOGG1-RN5U,Ugw4JbkcmJRQvS29R5J4AaABAg,-0.4405,inflammatory,-0.03423333333333333,neutral,0.05929387264577456
95,p8UbRG5hbiM,Ugw4OyGk0EZyjRNh3nx4AaABAg,0.0,neutral,-0.46103333333333335,inflammatory,0.3457251473352785
96,bd04zIyOCas,Ugw4bPctClyp-8UIw414AaABAg,-0.2732,inflammatory,0.0,neutral,0.0
97,TybnJ6mrvI4,Ugw4irgenNT6oxJgw4R4AaABAg,0.0,neutral,-0.0793625,inflammatory,0.40688998842263424
98,6D_RgBOrjI0,Ugw4qfLlCeXD-1xMlcF4AaABAg,0.0,neutral,0.4404,sympathetic,
99,Z6DD4PaM0zg,Ugw4rAn0mYQM8rXadaB4AaABAg,0.0,neutral,-0.13122857142857144,inflammatory,0.23116142782541751
100,lhdAgnXWzFA,Ugw4sVxjZk2WWaT1rwZ4AaABAg,-0.4767,inflammatory,-0.04354,neutral,0.43993184472142954
101,RuHOwKXtDek,Ugw4u_kM-rvybXolIQN4AaABAg,-0.33392,inflammatory,0.056288888888888895,sympathetic,0.28777700761372704
102,OqB0y-8Ej0c,Ugw4zcsr6WMPZRkeNEx4AaABAg,0.0772,sympathetic,0.003650000000000003,neutral,0.18190829954799875
103,Sy8scM6B_nU,Ugw55hYGA4EH-IRFrzF4AaABAg,0.1513,sympathetic,-0.1843,inflammatory,0.46050980135373576
104,qRw6gOjwCbQ,Ugw56E9aci9zUCzSVZZ4AaABAg,0.0,neutral,0.0,neutral,0.0
105,Y1vPwS2h088,Ugw57dYmJkPy2CQkB_14AaABAg,0.1027,sympathetic,0.3612,sympathetic,
106,50AKW9lBuNM,Ugw59LP8rIVvtzTrjjN4AaABAg,0.0,neutral,-0.08973333333333333,inflammatory,0.5802275875321108
107,Taz-d2zn6Vg,Ugw59QnBVvY4_5m7m854AaABAg,0.07023333333333336,sympathetic,0.0,neutral,0.0
108,xXAIcenT5KQ,Ugw59YMKvJglLzs-IVt4AaABAg,-0.7783,inflammatory,0.021262499999999997,neutral,0.310063431010495
109,Tss1BYWFbtI,Ugw5Cc65toDf3rs3tsB4AaABAg,0.0,neutral,-0.2649,inflammatory,0.3089375665081862
110,z_1OsbwBfJ0,Ugw5D7E8xp6a663xRIB4AaABAg,-0.1806,inflammatory,-0.430275,inflammatory,0.561246923525347
111,d6Pee6Fyvoo,Ugw5M400jEWCJwGani54AaABAg,-0.936,inflammatory,-0.016799999999999985,neutral,0.3962002523976985
112,aWOy271EIKU,Ugw5SdHJ_6HtqNIRDVl4AaABAg,0.0,neutral,0.0,neutral,0.0
113,fpVuA8E0KZs,Ugw5SjQv6PtDUrw2xiN4AaABAg,0.4215,sympathetic,0.5994,sympathetic,
114,IJAwKvrhY58,Ugw5U8uzWIqO3tDo-sp4AaABAg,-0.4683,inflammatory,-0.04972727272727273,neutral,0.3468496679857402
115,vMKNBsd_XYg,Ugw5VpudOrMKI63Ec294AaABAg,-0.0754,inflammatory,0.03759999999999999,neutral,0.4188676163180916
116,Sy8scM6B_nU,Ugw5aYLJRa_UcQLN1fx4AaABAg,-0.12440000000000001,inflammatory,-0.11964,inflammatory,0.5187748288034029
117,6Krjoo3fHtY,Ugw5fdVREoGOJO05v9Z4AaABAg,-0.4939,inflammatory,-0.014624999999999999,neutral,0.39755345466764824
118,Sy8scM6B_nU,Ugw5lEPcRo3_EsHp0Wh4AaABAg,-0.13396666666666665,inflammatory,-0.3194,inflammatory,0.3141589008766105
119,GpmP2vtnXcc,Ugw5nRMAjolI3A6tOx14AaABAg,0.07224,sympathetic,0.0516,sympathetic,0.13652076765093288
120,IJAwKvrhY58,Ugw5olUB9_LrhDRp2K54AaABAg,-0.40067499999999995,inflammatory,0.08661538461538461,sympathetic,0.3966713665957288
121,Tss1BYWFbtI,Ugw5piVuZK4RgG4TS1F4AaABAg,0.5719,sympathetic,-0.038290000000000005,neutral,0.3265057918492582
122,mMPRQSnKe9w,Ugw5tQyw5NCEvZr9SuJ4AaABAg,-0.25465,inflammatory,-0.062316666666666666,inflammatory,0.2927288876531776
123,Djzvi2sVsdY,Ugw60-yKop0CVpZXLBJ4AaABAg,0.3182,sympathetic,0.17,sympathetic,0.24041630560342617
124,mja0Lze2l0c,Ugw60IxBSQq6-6N4B7N4AaABAg,-0.3294,inflammatory,-0.11346666666666666,inflammatory,0.4123640301157866
125,_BS6EnE31XM,Ugw688T4mNAxpKSe3rV4AaABAg,-0.9042,inflammatory,-0.12014285714285715,inflammatory,0.5182996072322869
126,zx3JMdSDTJs,Ugw6ADgzlWh7efXFX9V4AaABAg,-0.7506,inflammatory,-0.06921428571428571,inflammatory,0.47040962089286764
127,DgOOpBixH80,Ugw6FQ4PRkZqY4r2nMN4AaABAg,0.13893333333333333,sympathetic,0.03495714285714285,neutral,0.2595220084253797
128,RuHOwKXtDek,Ugw6MoWSoxgaOvXtpG94AaABAg,-0.8748,inflammatory,0.13044285714285717,sympathetic,0.5600821631901961
129,OybJv6v8qKo,Ugw6NR6Ufeas6o4N86N4AaABAg,-0.019250000000000017,neutral,-0.3404,inflammatory,0.4813982966318015
130,xXAIcenT5KQ,Ugw6Ulr8b9NCGwzCEdF4AaABAg,0.3612,sympathetic,-0.2245125,inflammatory,0.34455535502814555
131,54oSf8j9Eh0,Ugw6WYq_ULwQLi4gEE54AaABAg,-0.26335,inflammatory,-0.1861,inflammatory,0.39737505134138884
132,mgeeD8rYAwc,Ugw6X4n2FcQFL0YBZup4AaABAg,0.33525,sympathetic,0.01590000000000001,neutral,0.48632472396831433
133,7H-oD45q0MM,Ugw6Yt5-kjq0Gy4I40R4AaABAg,0.0,neutral,0.541,sympathetic,
134,mja0Lze2l0c,Ugw6ZWbgdYNOhayaMex4AaABAg,0.0,neutral,-0.04,neutral,0.38780328776326795
135,UGdWOPXE4Pc,Ugw6_dk6oIj-ByyUapl4AaABAg,-0.58735,inflammatory,-0.2939777777777778,inflammatory,0.29863215574422736
136,eAF4_2edowo,Ugw6_oizl7eQkrTIr1l4AaABAg,-0.5859,inflammatory,-0.5423,inflammatory,
137,7H-oD45q0MM,Ugw6adxvrfhNyImRz814AaABAg,0.0,neutral,0.1468,sympathetic,0.2542650585511112
138,6GfCWFftDSA,Ugw6d5k8FKdUWTBSC214AaABAg,-0.5848,inflammatory,-0.15255,inflammatory,0.28623950635787504
139,mgeeD8rYAwc,Ugw6fL8hL5yMO7rbz494AaABAg,-0.4019,inflammatory,-0.018739999999999996,neutral,0.1780346539300706
140,Djzvi2sVsdY,Ugw6k7GM60UTHYW1HNd4AaABAg,0.1342,sympathetic,0.016100000000000003,neutral,0.5706960486984293
141,VCwKVFgL6zU,Ugw6ld3o2JpH5bJ2DkB4AaABAg,0.3404,sympathetic,-0.0193,neutral,0.0386
142,a7jLOtY-1VY,Ugw6mOacOXoaMFaSHaR4AaABAg,-0.2009,inflammatory,-0.18745,inflammatory,0.26509433226683665
143,OqB0y-8Ej0c,Ugw6mplqU8O2ZndOo1h4AaABAg,0.0,neutral,-0.218925,inflammatory,0.5516088552286544
144,dR8H-nQkz4k,Ugw6pW5qWcJJ2Yz3RQR4AaABAg,0.5023,sympathetic,-0.2333857142857143,inflammatory,0.18783881768306418
145,Sy8scM6B_nU,Ugw6qrzjEYUYpenBJ6R4AaABAg,-0.061075000000000004,inflammatory,-0.10304999999999999,inflammatory,0.31235100739101485
146,6D_RgBOrjI0,Ugw6yciUfAT7VStVQOZ4AaABAg,-0.7906,inflammatory,-0.39865,inflammatory,0.5637762366400344
147,6GfCWFftDSA,Ugw71Px3huNRKp-12DJ4AaABAg,0.15435714285714283,sympathetic,0.041620000000000004,neutral,0.1905544069288349
148,lZqHWBKkcos,Ugw73P2EH0awlczpQzV4AaABAg,0.21230000000000002,sympathetic,0.09916666666666668,sympathetic,0.6092244441364228
149,GPcb8SYe8tA,Ugw73fyUPfkjm2Mg4zh4AaABAg,0.1655,sympathetic,0.05554285714285715,sympathetic,0.17079210420023186
150,6D_RgBOrjI0,Ugw79EzuGewLS0RX5bZ4AaABAg,-0.3612,inflammatory,-0.09880000000000001,inflammatory,0.5591343428312495
151,eAF4_2edowo,Ugw7BFlEJxgTuV4HeLN4AaABAg,-0.11175,inflammatory,0.0,neutral,
152,eE61i2y1mJ0,Ugw7BqyUMDQmK4POQit4AaABAg,-0.8126,inflammatory,0.1628,sympathetic,0.4485234163340862
153,kzEZ-0ym5Xg,Ugw7Cyz6r-zCm8jN1WF4AaABAg,0.6124,sympathetic,0.8307,sympathetic,
154,mja0Lze2l0c,Ugw7Dg1J-J1OH38i6_14AaABAg,-0.1779,inflammatory,-0.13363999999999998,inflammatory,0.5365292706108608
155,6GfCWFftDSA,Ugw7F0nvkhza5SlvEvx4AaABAg,-0.26335,inflammatory,-0.16093,inflammatory,0.4316059083366574
156,DgOOpBixH80,Ugw7FghKSSb2SNlBpF54AaABAg,-0.8126,inflammatory,-0.021560000000000003,neutral,0.34437165711222845
157,kzEZ-0ym5Xg,Ugw7WkrG17EZyqBx9sx4AaABAg,-0.24502857142857143,inflammatory,0.3182,sympathetic,
158,lZqHWBKkcos,Ugw7XQ2gJyev-AUk6cV4AaABAg,-0.40675,inflammatory,0.00723999999999998,neutral,0.5314469945347325
159,nihE9Yt3b-U,Ugw7XtO5j1-zz9N-g8J4AaABAg,0.06336666666666667,sympathetic,-0.11740454545454546,inflammatory,0.3726953709159325
160,eE61i2y1mJ0,Ugw7YgbTxWvRv_vdUx14AaABAg,-0.7783,inflammatory,0.18575,sympathetic,0.21465043675706788
161,kin9OECNFRk,Ugw7bscaUeWLa4Tc20t4AaABAg,0.0,neutral,0.296,sympathetic,
162,vMKNBsd_XYg,Ugw7cmHdlumqdB5l_Ul4AaABAg,0.0,neutral,0.07805714285714285,sympathetic,0.13330794996476963
163,mgeeD8rYAwc,Ugw7kNLWkQ3wBrTCXkV4AaABAg,-0.3377,inflammatory,-0.10709999999999999,inflammatory,0.4170647863342097
164,6GfCWFftDSA,Ugw7mEDHngLM22pLY0B4AaABAg,-0.3246,inflammatory,0.06492,sympathetic,0.438113825392443
165,CJHJd1gOB48,Ugw7qIexDQyqzvej3vl4AaABAg,-0.2732,inflammatory,0.02804,neutral,0.2377389808171979
166,yySFCBFXevg,Ugw7vL3nqowMZYIzd9h4AaABAg,-0.1245,inflammatory,0.0,neutral,
167,4pM7DLEL7xA,Ugw83MG_QT7l8fPMzAx4AaABAg,-0.07989999999999998,inflammatory,-0.07955,inflammatory,0.1591
168,lqvigepgbqI,Ugw8ElsHhy5NpgdAimB4AaABAg,0.0,neutral,0.16044999999999998,sympathetic,0.3195812081012095
169,xHIyM7-R8Yw,Ugw8FkXyg08t5UZ0ORt4AaABAg,-0.5707,inflammatory,-0.030949999999999978,neutral,0.4790819911932761
170,qRw6gOjwCbQ,Ugw8L4k2-xrODqTOEXV4AaABAg,-0.34,inflammatory,-0.12535555555555555,inflammatory,0.3342808142531931
171,eAF4_2edowo,Ugw8Q1hgL-hfFf1aL8t4AaABAg,-0.8126,inflammatory,-0.25845,inflammatory,0.3680626654719081
172,OqB0y-8Ej0c,Ugw8RzFWFg0f3s2EHDt4AaABAg,-0.49765,inflammatory,-0.22737499999999997,inflammatory,0.4484129572473043
173,t5mmdQiyhxc,Ugw8XII7JK3jEdtAz654AaABAg,-0.8998,inflammatory,-0.5423,inflammatory,
174,fo6qLarJ52U,Ugw8e1kiiJwS9rTgbRF4AaABAg,0.0,neutral,-0.1701,inflammatory,0.5398329996397034
175,RuHOwKXtDek,Ugw8qEeVuXtQfAcQTFp4AaABAg,0.7783,sympathetic,0.2202,sympathetic,0.31140982643455556
176,qRw6gOjwCbQ,Ugw8rRqipDEvpjIt6uJ4AaABAg,-0.3182,inflammatory,0.09106666666666667,sympathetic,0.15773209354260576
177,qRw6gOjwCbQ,Ugw8rUg8QAYauQXu2uR4AaABAg,-0.62005,inflammatory,-0.2023,inflammatory,
178,IOueE_uol8M,Ugw8sIZjHSBveIAYE8V4AaABAg,0.17,sympathetic,0.4019,sympathetic,
179,4pM7DLEL7xA,Ugw8siRaJrGd8XMhzQZ4AaABAg,-0.195,inflammatory,-0.12342,inflammatory,0.44033948494315156
180,xXAIcenT5KQ,Ugw8t97zIxA2fWbUFXt4AaABAg,0.0,neutral,0.0,neutral,
181,VCwKVFgL6zU,Ugw96X5KuI_Sv8Hraz14AaABAg,-0.0772,inflammatory,0.08374285714285713,sympathetic,0.21585899608419426
182,IJAwKvrhY58,Ugw9QUROnWLuU3tXBK54AaABAg,-0.4019,inflammatory,-0.24563333333333334,inflammatory,0.38266730023176354
183,Z6DD4PaM0zg,Ugw9QokrxpmpWoCmR9h4AaABAg,-0.4615,inflammatory,-0.26787,inflammatory,0.33599186183927465
184,6D_RgBOrjI0,Ugw9SUtxTiXv3UYdB_R4AaABAg,-0.5267,inflammatory,-0.04539166666666667,neutral,0.3511025477195395
185,IJAwKvrhY58,Ugw9WZhW5Nvs4MhKx2N4AaABAg,-0.9035,inflammatory,-0.111775,inflammatory,0.5063332321702774
186,LRt16Fm8HtE,Ugw9YOU4XOL3VFjYsUl4AaABAg,0.0,neutral,0.0,neutral,0.0
187,Bn7WbKVar1I,Ugw9_dK5Uhu_ENC4GW14AaABAg,-0.1564,inflammatory,0.3039428571428572,sympathetic,0.2412798296386919
188,p8UbRG5hbiM,Ugw9bvHwV_Rdn6qv5Pt4AaABAg,0.2084,sympathetic,0.02783333333333334,neutral,0.2729190356131283
189,UGdWOPXE4Pc,Ugw9kd8GLLKFNDcZ8gl4AaABAg,-0.2732,inflammatory,-0.07219999999999999,inflammatory,0.7249258720724485
190,qYbQZNOX9zc,Ugw9ljID-32Qrhd0Bil4AaABAg,-0.28315,inflammatory,0.18071666666666666,sympathetic,0.3209418104059779
191,8zjWbdItFTo,Ugw9oB0-J1RAE1l9olp4AaABAg,-0.4689,inflammatory,-0.11906153846153847,inflammatory,0.4306438697625946
192,xHIyM7-R8Yw,Ugw9rbFLi9SLQW6E1Ih4AaABAg,-0.807,inflammatory,-0.34759999999999996,inflammatory,0.6492112522130219
193,_BS6EnE31XM,Ugw9wB64ehF76adgjJt4AaABAg,-0.17206666666666662,inflammatory,0.3612,sympathetic,0.0
194,Bn7WbKVar1I,Ugw9x045edx7WB9n0gt4AaABAg,-0.743,inflammatory,-0.21030000000000001,inflammatory,0.3687984707126644
195,d6Pee6Fyvoo,UgwA2dlMDavdT1q4xEp4AaABAg,-0.15406666666666666,inflammatory,0.0036705882352941217,neutral,0.21496005083708541
196,8zjWbdItFTo,UgwA2yFRoy_V0N3Bgal4AaABAg,-0.09225,inflammatory,-0.1909,inflammatory,0.26997336905702385
197,aGLmGnuYb_8,UgwA74OMFOOitalxEWB4AaABAg,-0.16765,inflammatory,-0.28535,inflammatory,0.4035458400231627
198,iDuNFBjJ774,UgwAAfsPmOgiblooxiN4AaABAg,-0.5227499999999999,inflammatory,-0.2732,inflammatory,
199,46xekr1CEUU,UgwAC8wcFvME4AOCVD94AaABAg,-0.2772,inflammatory,-0.12857272727272726,inflammatory,0.5151232106805305
200,qRw6gOjwCbQ,UgwADWrordDqaWtwZDV4AaABAg,0.14830000000000002,sympathetic,0.007719999999999993,neutral,0.5288267693678148
201,NrEyGPb2fNI,UgwAFpl39rvu8yPBXAx4AaABAg,0.0,neutral,0.8271,sympathetic,
202,GpmP2vtnXcc,UgwAK9i3eq6IwvM7xn14AaABAg,0.3612,sympathetic,0.0,neutral,0.0
203,Djzvi2sVsdY,UgwAKscfD7blcSVnAgx4AaABAg,-0.23026666666666665,inflammatory,0.1027,sympathetic,
204,aWOy271EIKU,UgwAQn1k8UnfmxqBmBd4AaABAg,0.0,neutral,-0.064,inflammatory,0.09050966799187808
205,dR8H-nQkz4k,UgwAT1cQJoBnWaWE6k94AaABAg,0.3582,sympathetic,-0.36728,inflammatory,0.5533845795546609
206,d6Pee6Fyvoo,UgwAV-gy8h9HVDQVkPl4AaABAg,-0.31845,inflammatory,-0.4767,inflammatory,
207,6Krjoo3fHtY,UgwAVUVugqzvlqL-rSJ4AaABAg,-0.128,inflammatory,0.16156666666666666,sympathetic,0.2508334400885709
208,UGdWOPXE4Pc,UgwAVXmgnCbNlRFIrXN4AaABAg,-0.401,inflammatory,-0.03819999999999999,neutral,0.1516091817799964
209,8zjWbdItFTo,UgwAXOO98S_b6fmVHSx4AaABAg,-0.0459,neutral,-0.34,inflammatory,
210,lhdAgnXWzFA,UgwAdA6JI5IumOxERol4AaABAg,-0.24695,inflammatory,-0.23920000000000002,inflammatory,0.45976607095347954
211,mja0Lze2l0c,UgwAo-ycUXiNSsqFjGZ4AaABAg,-0.4767,inflammatory,-0.46335,inflammatory,0.4742565181418174
212,tKdJkhBFqtI,UgwAubB6NWUDIiq5peZ4AaABAg,0.0,neutral,0.0299875,neutral,0.35160408512782015
213,qYbQZNOX9zc,UgwAwZcixKKxagzHrgl4AaABAg,0.1946,sympathetic,-0.10700909090909091,inflammatory,0.403898186315674
214,Tss1BYWFbtI,UgwAyBCkRJ5KP2R4c9l4AaABAg,0.128,sympathetic,0.40202499999999997,sympathetic,0.16209524720566815
215,wHOGG1-RN5U,UgwAzTCz71szku-PRqF4AaABAg,-0.3612,inflammatory,0.0,neutral,
216,OqB0y-8Ej0c,UgwB2XpKa2aRntm2EcR4AaABAg,-0.2023,inflammatory,0.5265,sympathetic,0.3805820962683347
217,eE61i2y1mJ0,UgwB88fRXwGLHZa9xV94AaABAg,-0.41695000000000004,inflammatory,0.19373999999999997,sympathetic,0.2826301257827976
218,xXAIcenT5KQ,UgwB9986TCewSIv5GPB4AaABAg,0.2628,sympathetic,-0.046241666666666674,neutral,0.22912093852307994
219,61-61BHIIp0,UgwBCcYbHJ1BsvYU6QV4AaABAg,-0.04407499999999999,neutral,-0.19820833333333335,inflammatory,0.32693925334653207
220,WcIOWDNlR7s,UgwBDDFUHmdebSXjf-J4AaABAg,-0.00955,neutral,-0.03010625,neutral,0.234389614299923
221,mja0Lze2l0c,UgwBDpaCABVJAP-XriF4AaABAg,-0.40775,inflammatory,0.09949999999999999,sympathetic,0.6016960761048721
222,p8UbRG5hbiM,UgwBEB0EFRwrlduJJBp4AaABAg,0.0,neutral,0.0011714285714285694,neutral,0.35102072452722655
223,eAF4_2edowo,UgwBJXz7m2HmG6-kMqB4AaABAg,0.3612,sympathetic,-0.20095,inflammatory,0.28418621535887345
224,50AKW9lBuNM,UgwBKLyr2z4JqULtiKh4AaABAg,-0.4044,inflammatory,-0.15354615384615386,inflammatory,0.32527029943157687
225,gc-7CsqGK9o,UgwBMHbl7c__-zh0esZ4AaABAg,0.3182,sympathetic,0.11315,sympathetic,0.1600182645825157
226,8zjWbdItFTo,UgwBUp2CReqOfgEhYCZ4AaABAg,-0.1029,inflammatory,-0.34,inflammatory,
227,xXAIcenT5KQ,UgwBXdJeD4oBGNi7yFB4AaABAg,0.3267,sympathetic,0.1468,sympathetic,0.2542650585511112
228,8zjWbdItFTo,UgwBmp9RttSTGDhuT354AaABAg,0.0,neutral,-0.062445454545454554,inflammatory,0.43281472794634973
229,z_1OsbwBfJ0,UgwBrtoOJyvQaKK1yM94AaABAg,0.0,neutral,0.021500000000000016,neutral,0.34445692038337683
230,yySFCBFXevg,UgwBw9iS3bbRwNXsDX54AaABAg,0.11463333333333332,sympathetic,0.43627499999999997,sympathetic,0.082566876934196
231,zfbvk0ALtIQ,UgwC5Z-Z3R357qoHt8B4AaABAg,0.2732,sympathetic,-0.36155,inflammatory,0.5113089134759925
232,50AKW9lBuNM,UgwC83m48rQxDPIbf8F4AaABAg,0.3818,sympathetic,0.21230000000000002,sympathetic,0.36771438644687265
233,NrEyGPb2fNI,UgwCAhYejnnqvttzgfJ4AaABAg,0.0516,sympathetic,0.7003,sympathetic,
234,GPcb8SYe8tA,UgwCFxRaghg4a4w4biR4AaABAg,0.0258,neutral,0.02662857142857144,neutral,0.31589738689583846
235,UGdWOPXE4Pc,UgwCW3JSvfoEAFmhMm14AaABAg,-0.7262,inflammatory,0.2592,sympathetic,0.331050334541441
236,VCwKVFgL6zU,UgwCYSOkeM64KIyRu5d4AaABAg,0.24546666666666664,sympathetic,-0.01068,neutral,0.02288825026077791
237,dR8H-nQkz4k,UgwCZ4MmkNEYafq4B1R4AaABAg,0.0,neutral,-0.0808375,inflammatory,0.22101392288076074
238,DgOOpBixH80,UgwCbCOrwHxBJ-RZStN4AaABAg,-0.6207,inflammatory,-0.20975,inflammatory,0.24421527973724913
239,zfQxhG5oWdU,UgwCeHgPGSVgFjXhgfd4AaABAg,0.6697,sympathetic,-0.03584444444444444,neutral,0.24409865890204677
240,psP1uxfO6CQ,UgwChNBcPJt_5458vcR4AaABAg,0.0,neutral,0.06698333333333333,sympathetic,0.16407498793742653
241,13q2vOdV9kE,UgwCvYVvmSL8LG69e494AaABAg,-0.008800000000000002,neutral,-0.025474999999999998,neutral,0.40226257904508095
242,SFr12qevR18,UgwCwbAQvWX_YytM5qZ4AaABAg,-0.2049,inflammatory,-0.23732916666666667,inflammatory,0.5245573782012434
243,z_1OsbwBfJ0,UgwD27U-5TY-Zm1NYBd4AaABAg,0.5777,sympathetic,0.09783333333333334,sympathetic,0.34748255112067616
244,Sy8scM6B_nU,UgwD44lRI7GjI3VVEdV4AaABAg,-0.2732,inflammatory,0.0,neutral,
245,zx3JMdSDTJs,UgwD4IgEOddaJYXWdpJ4AaABAg,-0.6249,inflammatory,-0.07294285714285713,inflammatory,0.4064804294474822
246,6Krjoo3fHtY,UgwD6bPqaYLIvZppVO54AaABAg,0.0,neutral,-0.10533999999999999,inflammatory,0.23554740074982783
247,UGdWOPXE4Pc,UgwD97Hv9W7r-XpgAVl4AaABAg,-0.23643750000000002,inflammatory,-0.05803000000000001,inflammatory,0.33400764146281975
248,Bu3H1o4cvgc,UgwD9YlKtB9FYvJRKu94AaABAg,-0.10344117647058823,inflammatory,-0.06435000000000002,inflammatory,0.5110856451385293
249,psP1uxfO6CQ,UgwDEv5rhrVMtjbsUwl4AaABAg,0.4824,sympathetic,-0.3213333333333333,inflammatory,0.3479062709025713
250,WcIOWDNlR7s,UgwDPgGznDHg-pTVVU14AaABAg,0.0,neutral,0.3182,sympathetic,
251,xXAIcenT5KQ,UgwDS5z4CCP_GlqllNN4AaABAg,-0.45583999999999997,inflammatory,-0.1428375,inflammatory,0.37208123105042534
252,vMKNBsd_XYg,UgwDSCZiGz58BgV0Agp4AaABAg,-0.32976,inflammatory,-0.175788,inflammatory,0.3944228128121733
253,mja0Lze2l0c,UgwDWkxjEL6EiqYiq-R4AaABAg,0.0,neutral,0.0,neutral,0.0
254,p8UbRG5hbiM,UgwDYr_f-lxjPro-_sZ4AaABAg,-0.27303333333333335,inflammatory,-0.22156666666666666,inflammatory,0.3434006037657282
255,aGLmGnuYb_8,UgwDabeCLEBtXk4TKXx4AaABAg,-0.5233,inflammatory,-0.5117888888888888,inflammatory,0.3896783142684631
256,qYbQZNOX9zc,UgwDb2hPfTGfcOhucV94AaABAg,-0.5423,inflammatory,0.036175000000000006,neutral,0.3676735313859541
257,OLgwMqMkgsg,UgwDeKS3sn_LNgBCXL94AaABAg,0.23645000000000002,sympathetic,-0.15686666666666668,inflammatory,0.5717263844416022
258,Bngr9lb8MPY,UgwDft9I2EE421GZ5i54AaABAg,0.0,neutral,0.16508,sympathetic,0.2523847004079288
259,Bn7WbKVar1I,UgwDl63BCaKZ7JmmKPJ4AaABAg,-0.58405,inflammatory,0.026571428571428572,neutral,0.3923569536119107
260,IoqeVMg760U,UgwDlwHQQIBaXFNilMd4AaABAg,-0.06323333333333332,inflammatory,-0.49947499999999995,inflammatory,0.3602074233787289
261,9dn7N5-EKRE,UgwDmebwyKdjHkXNU614AaABAg,0.5719,sympathetic,0.24546666666666664,sympathetic,0.22450668883873667
262,IOueE_uol8M,UgwDpZ6IXrjdD185JwJ4AaABAg,0.31045,sympathetic,0.0,neutral,
263,5bjJBcpy9sU,UgwDqjKWi10pEr1PbFp4AaABAg,-0.5574,inflammatory,-0.007428571428571428,neutral,0.4149264140153276
264,DgOOpBixH80,UgwDvjnvNMeZeBX3Gw54AaABAg,-0.050875000000000004,inflammatory,0.031928571428571424,neutral,0.37340119047429277
265,Djzvi2sVsdY,UgwDzjDQsJtAknG4liF4AaABAg,-0.21566666666666667,inflammatory,-0.02119230769230769,neutral,0.33763213576696766
266,nihE9Yt3b-U,UgwE-8-Q06enCHYK_Wt4AaABAg,-0.064,inflammatory,-0.1275,inflammatory,0.38103289884208164
267,lP_9nYehuss,UgwE0i485zVtZERLJah4AaABAg,0.431,sympathetic,-0.07208333333333335,inflammatory,0.24491033176667049
268,p8UbRG5hbiM,UgwE9KDas7aMsJ9EtZl4AaABAg,0.026629999999999997,neutral,0.2863,sympathetic,0.2933995277043623
269,DgOOpBixH80,UgwEBi3aD3lR5fD1peZ4AaABAg,-0.3147,inflammatory,-0.1753090909090909,inflammatory,0.21730253314006928
270,IOueE_uol8M,UgwED-bZwFhrw36VGRt4AaABAg,-0.26935000000000003,inflammatory,0.100475,sympathetic,0.20095
271,xHIyM7-R8Yw,UgwEJLIGqg01RWm3-f54AaABAg,0.0,neutral,-0.11826666666666669,inflammatory,0.43382827324491735
272,Bn7WbKVar1I,UgwEMTmpeVw1_DAuafd4AaABAg,-0.4939,inflammatory,0.5106,sympathetic,
273,mMPRQSnKe9w,UgwEVfv5acvrlJeHR5d4AaABAg,-0.1752,inflammatory,-0.03095,neutral,0.40532041440486727
274,GPcb8SYe8tA,UgwEVmYeckdl067aDjd4AaABAg,-0.7003,inflammatory,-0.08765,inflammatory,0.5556939715346928
275,UGdWOPXE4Pc,UgwEWMERqrDXbh2WeqJ4AaABAg,-0.153875,inflammatory,0.2732,sympathetic,
276,nihE9Yt3b-U,UgwEb2hw-aLerNk5tJ94AaABAg,-0.028874999999999998,neutral,-0.015800000000000005,neutral,0.23586677232224612
277,8zjWbdItFTo,UgwEb9b0XIXE6T0Bvj14AaABAg,-0.4188,inflammatory,-0.12498333333333334,inflammatory,0.20403731439779996
278,_BS6EnE31XM,UgwEiXrlRQgiuEC2yl94AaABAg,0.017949999999999994,neutral,-0.054433333333333334,inflammatory,0.29001918394965454
279,OybJv6v8qKo,UgwEihIdikUfWGTYugF4AaABAg,-0.054799999999999995,inflammatory,-0.024600000000000007,neutral,0.2694249338869734
280,nihE9Yt3b-U,UgwEnMxZo6Jhslxl35p4AaABAg,-0.1779,inflammatory,-0.0437,neutral,0.2567234455596138
281,WcIOWDNlR7s,UgwEoprgFAuGg3m9LTV4AaABAg,-0.04829999999999999,neutral,-0.14463846153846152,inflammatory,0.323998913420147
282,Umco8iQzKbs,UgwEwiprxO8URsk1t7V4AaABAg,0.3812,sympathetic,-0.3612,inflammatory,
283,2EM-F3VfwUI,UgwF0Y5V7nNgtay6B0F4AaABAg,0.0,neutral,0.025856249999999997,neutral,0.40021648636498386
284,2EM-F3VfwUI,UgwF3MLR_mTzAnH4vO54AaABAg,-0.18213333333333334,inflammatory,-0.12109999999999999,inflammatory,0.16996632019314886
285,eE61i2y1mJ0,UgwFAx7d3jXIeRwIdZJ4AaABAg,-0.5106,inflammatory,-0.01729999999999999,neutral,0.32317602858898037
286,Umco8iQzKbs,UgwFJGhpyCW558czVLt4AaABAg,0.2202,sympathetic,-0.18046666666666666,inflammatory,0.34514775821378296
287,eE61i2y1mJ0,UgwFMIFt5guplsT64ih4AaABAg,-0.3182,inflammatory,-0.17834285714285716,inflammatory,0.4314504910073416
288,2EM-F3VfwUI,UgwFUQAqUKHNx7sFXpx4AaABAg,-0.5267,inflammatory,-0.2582,inflammatory,0.31899572993111636
289,OqB0y-8Ej0c,UgwFYYcUxIqweJlr6td4AaABAg,0.0,neutral,0.01731428571428572,neutral,0.27492732632807665
290,WcIOWDNlR7s,UgwFZ0AfpeCWJDj5Xyt4AaABAg,-0.1806,inflammatory,0.0834,sympathetic,0.4422712322287567
291,Sy8scM6B_nU,UgwFZeMSUZDxcXAjBvx4AaABAg,0.4588,sympathetic,0.0,neutral,
292,OLgwMqMkgsg,UgwFZfBHmlqK5ANOeEF4AaABAg,0.2202,sympathetic,0.0,neutral,0.0
293,kJZNjjiWALs,UgwF_B6-fKd9sEUc_wV4AaABAg,0.0,neutral,-0.28750000000000003,inflammatory,0.31551104576543754
294,lqvigepgbqI,UgwFaHMcbAwj1p4aUHZ4AaABAg,-0.7717,inflammatory,-0.06327777777777777,inflammatory,0.20818772044586215
295,lZqHWBKkcos,UgwFid4fmN4eXYkIHXl4AaABAg,-0.1591,inflammatory,0.1781625,sympathetic,0.7288096791295086
296,2ytZhL25V4w,UgwFiy2uozctJ_U3U6R4AaABAg,0.0,neutral,0.1045,sympathetic,0.29071722037440817
297,Y1vPwS2h088,UgwFjAVYfN1O0t4GKRB4AaABAg,0.8519,sympathetic,0.0,neutral,
298,lP_9nYehuss,UgwFwUUD7XjaBfo2gYt4AaABAg,0.49274999999999997,sympathetic,-0.04192500000000002,neutral,0.49633728031786345
299,Sy8scM6B_nU,UgwFxKoYVCYs9iRI96J4AaABAg,0.4215,sympathetic,-0.024490909090909087,neutral,0.2385147561663448
300,_BS6EnE31XM,UgwFxrRCC-fv17MVJaZ4AaABAg,-0.11983333333333333,inflammatory,0.14769,sympathetic,0.26069616393205497
301,2EM-F3VfwUI,UgwG-uF-Z6eWb0-cjel4AaABAg,-0.334425,inflammatory,0.02384285714285715,neutral,0.5367821123980159
302,tKdJkhBFqtI,UgwG0Jb0n0b1dknlvPV4AaABAg,-0.6911,inflammatory,-0.3480636363636363,inflammatory,0.5349039713307937
303,xHIyM7-R8Yw,UgwG1OW42RmoMyftE7B4AaABAg,0.0,neutral,-0.07646666666666667,inflammatory,0.18730431566482034
304,eE61i2y1mJ0,UgwG3AQJMmv_ZTGzEtV4AaABAg,-0.5994,inflammatory,-0.2997,inflammatory,0.42383980464321663
305,aWOy271EIKU,UgwG8aHmzCoh8F-XQA14AaABAg,0.0,neutral,0.0,neutral,0.0
306,mja0Lze2l0c,UgwGASOuq0ZUUx_nUHB4AaABAg,-0.4229333333333334,inflammatory,0.39954999999999996,sympathetic,0.27431111898718213
307,lP_9nYehuss,UgwGBgNoJUDiys2ig7l4AaABAg,0.29295,sympathetic,-0.01840000000000001,neutral,0.4493826098103931
308,54oSf8j9Eh0,UgwGCZpkofQP7UA0SRx4AaABAg,-0.5859,inflammatory,-0.1396923076923077,inflammatory,0.3888498563317605
309,lP_9nYehuss,UgwGMQzbMvY_z_tB3fF4AaABAg,-0.2553,inflammatory,-0.048699999999999986,neutral,0.44993344322614354
310,RuHOwKXtDek,UgwGT9waDhG7CXBxk4N4AaABAg,-0.07635000000000003,inflammatory,-0.1702666666666667,inflammatory,0.4467353646854098
311,psP1uxfO6CQ,UgwGUTMTdaZBYxP23wt4AaABAg,0.2423,sympathetic,0.0772,sympathetic,
312,xXAIcenT5KQ,UgwG_1HuIReLdwuczUJ4AaABAg,0.0,neutral,0.0,neutral,
313,2EM-F3VfwUI,UgwGaYSfHfXA20z1vzV4AaABAg,0.0,neutral,-0.10258333333333336,inflammatory,0.3683359521777187
314,X4jrbP6ZnP4,UgwGajokiBvtYz725Pt4AaABAg,-0.7783,inflammatory,0.0838125,sympathetic,0.23705754839279006
315,2EM-F3VfwUI,UgwGcAMMw7oXa2xFH1F4AaABAg,-0.15838571428571427,inflammatory,0.017959999999999997,neutral,0.3657542775628954
316,NrEyGPb2fNI,UgwGf0GVLUs85fS3mRZ4AaABAg,-0.02970000000000002,neutral,0.50525,sympathetic,0.23369879118215392
317,d6Pee6Fyvoo,UgwGgE848i8vtd1V_GN4AaABAg,-0.0386,neutral,-0.11563333333333332,inflammatory,0.3398422207436857
318,fpVuA8E0KZs,UgwGlnc7RWjfMe5dyQR4AaABAg,0.10383333333333335,sympathetic,0.0,neutral,
319,GPcb8SYe8tA,UgwGnTYdfYnsBvdtPlV4AaABAg,0.0,neutral,-0.1286,inflammatory,0.4629157212711619
320,Djzvi2sVsdY,UgwGnpyQoGwWYqzcMmd4AaABAg,0.0,neutral,0.047461538461538444,neutral,0.4392265333106625
321,OybJv6v8qKo,UgwGvs8ay8pR_NEU2Ad4AaABAg,0.0,neutral,0.0,neutral,
322,t5mmdQiyhxc,UgwH9KzmZJZx35AfwbJ4AaABAg,-0.03699999999999998,neutral,-0.15197,inflammatory,0.28462383381891576
323,NrEyGPb2fNI,UgwH9MAEKcEvMARgvi54AaABAg,-0.4215,inflammatory,0.1366,sympathetic,0.19318157262016478
324,tKdJkhBFqtI,UgwHLh3OeudvOKiRTPJ4AaABAg,0.4717,sympathetic,0.07658,sympathetic,0.2904238465874775
325,RuHOwKXtDek,UgwHOyRMcaxVWu8J9FV4AaABAg,-0.5362666666666667,inflammatory,-0.24070000000000003,inflammatory,0.3656678684270741
326,iDuNFBjJ774,UgwHQyyLJ2gUs4i1SPZ4AaABAg,0.24468,sympathetic,0.01871666666666667,neutral,0.2624053613527488
327,OLgwMqMkgsg,UgwHSy3kswFqVWzoBHV4AaABAg,-0.6413000000000001,inflammatory,-0.4047625,inflammatory,0.3786664983389548
328,5bjJBcpy9sU,UgwHTfipo4jD-GyBm-t4AaABAg,-0.128,inflammatory,-0.2024625,inflammatory,0.39990674962153006
329,eAF4_2edowo,UgwHUH9Gt86eD6bMEJ14AaABAg,0.0,neutral,0.0,neutral,0.0
330,qYbQZNOX9zc,UgwHWfplvBafp_tKf6V4AaABAg,-0.6474333333333333,inflammatory,0.0009000000000000119,neutral,0.4106290256017792
331,p8UbRG5hbiM,UgwHWs1pObkKVaUEqNx4AaABAg,0.0,neutral,-0.08780000000000002,inflammatory,0.2668905435234119
332,Taz-d2zn6Vg,UgwHX5Uu3btrPNwbXyZ4AaABAg,-0.3857333333333333,inflammatory,-0.1962142857142857,inflammatory,0.3457446141905297
333,UGdWOPXE4Pc,UgwHXFUDe1TogeWWpj14AaABAg,0.6564,sympathetic,-0.138,inflammatory,0.30700779422399965
334,qYbQZNOX9zc,UgwH_f0VyT4dIVO6-J94AaABAg,0.04193333333333334,neutral,-0.13717272727272725,inflammatory,0.4407249439069885
335,8zjWbdItFTo,UgwHcm5GS3QIdS8xy694AaABAg,-0.0516,inflammatory,-0.05073333333333333,inflammatory,0.5545432745362019
336,RuHOwKXtDek,UgwHctSSY8ITp8JhPzp4AaABAg,-0.0258,neutral,-0.7345,inflammatory,
337,OqB0y-8Ej0c,UgwHu2Ff0TndF9gDVxl4AaABAg,-0.013374999999999998,neutral,0.1858,sympathetic,0.3218150400462974
338,6GfCWFftDSA,UgwHwV_ZMoEoePXrFER4AaABAg,0.0,neutral,-0.23574285714285712,inflammatory,0.3800496671802378
339,54oSf8j9Eh0,UgwHwsLzn31j3F2tioB4AaABAg,0.0,neutral,0.40815,sympathetic,0.33413368083248757
340,a7jLOtY-1VY,UgwHyO0_pH7Dbx_rUJl4AaABAg,-0.09112500000000001,inflammatory,-0.11042857142857142,inflammatory,0.35164209889358483
341,zx3JMdSDTJs,UgwI-Rput29pO8yCp4F4AaABAg,0.0,neutral,0.0921875,sympathetic,0.3936934283623671
342,7H-oD45q0MM,UgwI1w4UU7WGFtk1CPN4AaABAg,-0.28075,inflammatory,-0.04939333333333333,neutral,0.3301545989958269
343,mja0Lze2l0c,UgwI2A8fXLfYycI7sSJ4AaABAg,0.34,sympathetic,0.12865,sympathetic,0.4449032737573415
344,Z6DD4PaM0zg,UgwIBnrjbYXSjXoc5nV4AaABAg,-0.8345,inflammatory,0.4199,sympathetic,
345,kin9OECNFRk,UgwIE-Sp7bjgPcQgYX94AaABAg,0.17,sympathetic,-0.1027,inflammatory,
346,Taz-d2zn6Vg,UgwIHJEsf4eh0RBihJt4AaABAg,-0.0772,inflammatory,0.0,neutral,0.0
347,rdmy9RjkNtA,UgwIJjtZzvMZMuC3phR4AaABAg,-0.07183333333333332,inflammatory,0.0,neutral,
348,mMPRQSnKe9w,UgwIL_3FlvkGTo0ZPEp4AaABAg,-0.11333333333333334,inflammatory,0.0,neutral,
349,fpVuA8E0KZs,UgwIOC1PUXXaOebOQWF4AaABAg,-0.23835,inflammatory,-0.4312833333333333,inflammatory,0.3093075131106043
350,tKdJkhBFqtI,UgwISl7T9cHLWoAqF8B4AaABAg,0.2263,sympathetic,-0.09644,inflammatory,0.38175526249738123
351,xXAIcenT5KQ,UgwIUPyZcZ-aDY8HMGt4AaABAg,0.0,neutral,-0.21493333333333334,inflammatory,0.37330718539383445
352,2ytZhL25V4w,UgwIZ2GvLWu5lreTaw54AaABAg,0.0,neutral,0.19085999999999997,sympathetic,0.6352724911406128
353,iDuNFBjJ774,UgwI_RZaWQhP5LBAM3h4AaABAg,-0.2894571428571429,inflammatory,0.08211666666666667,sympathetic,0.4168803786998466
354,kzEZ-0ym5Xg,UgwIn41iYMayq50BDd54AaABAg,-0.09498333333333335,inflammatory,0.8074,sympathetic,
355,Umco8iQzKbs,UgwIvo54zKwUs71Poqh4AaABAg,-0.1905,inflammatory,-0.19448000000000001,inflammatory,0.4074336719025564
356,lZqHWBKkcos,UgwIvs1HfG3v9h0sKkF4AaABAg,0.0,neutral,-0.2732,inflammatory,
357,WcIOWDNlR7s,UgwIwB0QOeTTh6ep9Fl4AaABAg,-0.05135,inflammatory,0.0777235294117647,sympathetic,0.2666824622313299
358,dR8H-nQkz4k,UgwJ1H4h-vv1EUu45qN4AaABAg,-0.7777,inflammatory,-0.010699999999999996,neutral,0.4372327869682236
359,Taz-d2zn6Vg,UgwJ5hgd3XURf_3GeRJ4AaABAg,0.34,sympathetic,-0.2035875,inflammatory,0.3107698847217986
360,6GfCWFftDSA,UgwJ9f8zMjJtUI3U_GB4AaABAg,-0.26335,inflammatory,0.01808125,neutral,0.39632041114692373
361,zx3JMdSDTJs,UgwJBoAknCgxSf-X1rt4AaABAg,-0.10250000000000001,inflammatory,-0.01870000000000001,neutral,0.35933630487330387
362,OqB0y-8Ej0c,UgwJCPYNGI97wbOT3B14AaABAg,0.031049999999999994,neutral,0.11723333333333334,sympathetic,0.4603842344534979
363,rdmy9RjkNtA,UgwJDKy5ZAO1d2h4ZEF4AaABAg,0.0,neutral,0.1101,sympathetic,0.2202
364,Y1vPwS2h088,UgwJFPpJJOzLVc4yobt4AaABAg,-0.75735,inflammatory,0.012619999999999987,neutral,0.7113571550213015
365,t5mmdQiyhxc,UgwJORxbLIa-XAjSkux4AaABAg,-0.2964666666666667,inflammatory,0.39515,sympathetic,0.30723789642555493
366,lqvigepgbqI,UgwJPslAkDa6NzaXG-J4AaABAg,0.23585,sympathetic,-0.13082666666666667,inflammatory,0.3143758566399386
367,8QB4UxnzCrg,UgwJawNPBq_iBMlQzS94AaABAg,0.2997,sympathetic,-0.21327692307692306,inflammatory,0.300856965333601
368,OqB0y-8Ej0c,UgwJd6bqUzY_BGxFrNJ4AaABAg,-0.6895,inflammatory,-0.25100833333333333,inflammatory,0.3810375988566276
369,rdmy9RjkNtA,UgwJp4w06asMn-Qpi2h4AaABAg,0.34,sympathetic,-0.12685,inflammatory,0.24129633026633454
370,IJAwKvrhY58,UgwJs3R8vxvVH7KXKOl4AaABAg,0.2481,sympathetic,0.14721666666666666,sympathetic,0.45228986022977197
371,z_1OsbwBfJ0,UgwJu-nnrwXwgeXXZjh4AaABAg,0.6124,sympathetic,0.12581,sympathetic,0.40145983180830874
372,6GfCWFftDSA,UgwJuJTJyIU1Pb83mYp4AaABAg,0.2514,sympathetic,-0.1726,inflammatory,0.3461361357102787
373,a7jLOtY-1VY,UgwJuyVfHzaSXPTBQqh4AaABAg,-0.7269,inflammatory,0.24322500000000002,sympathetic,0.48002617550157267
374,UGdWOPXE4Pc,UgwJwwZbHyxT18p0Fvp4AaABAg,-0.07655,inflammatory,-0.21991176470588236,inflammatory,0.4023561185106313
375,6Krjoo3fHtY,UgwK853RhTgXc_m0-uR4AaABAg,0.3612,sympathetic,0.3612,sympathetic,
376,lP_9nYehuss,UgwKBPBo2yAQVVwIx4B4AaABAg,-0.5859,inflammatory,-0.017342857142857136,neutral,0.4693397733594958
377,6D_RgBOrjI0,UgwKBjBpKd3qhX106Xt4AaABAg,-0.2553,inflammatory,-0.011860000000000004,neutral,0.289065591172661
378,zfQxhG5oWdU,UgwKFLT_ZyP3rpTxzg54AaABAg,0.0,neutral,0.05717999999999999,sympathetic,0.3889873802580233
379,IJAwKvrhY58,UgwKH9j5b8nlBD5quSh4AaABAg,-0.28595,inflammatory,-0.031700000000000006,neutral,0.28437197470918263
380,aGLmGnuYb_8,UgwKHWjXLKCzY_d5rDB4AaABAg,-0.5423,inflammatory,-0.2988842105263158,inflammatory,0.3934900454242181
381,iDuNFBjJ774,UgwKI8lwaQfN-FFcWDt4AaABAg,0.6705,sympathetic,-0.11474444444444444,inflammatory,0.1943760473355135
382,xXAIcenT5KQ,UgwKIFEE4VQQF1fWzbx4AaABAg,-0.1779,inflammatory,-0.17104999999999998,inflammatory,0.2894488124003966
383,Bn7WbKVar1I,UgwKIObsHGakRtqB1dZ4AaABAg,0.0,neutral,-0.06662857142857143,inflammatory,0.23508384117363826
384,pJGMNIsiiRo,UgwKIcu4uAK4aLpJDPR4AaABAg,0.2263,sympathetic,-0.48995000000000005,inflammatory,0.33813761005444715
385,qRw6gOjwCbQ,UgwKIfAivbSMMUO8RAh4AaABAg,0.0,neutral,0.01102857142857143,neutral,0.029178857316312343
386,xEXaGltX3UA,UgwK_mmB8jrU6JKZ75p4AaABAg,-0.23025,inflammatory,-0.057499999999999996,inflammatory,0.09959292143521044
387,13q2vOdV9kE,UgwKcztV2bY8zv1coH54AaABAg,0.0772,sympathetic,-0.12733333333333333,inflammatory,0.3597041154430495
388,OLgwMqMkgsg,UgwKgV3UWe-w-ju8Qwl4AaABAg,0.0386,neutral,-0.20993333333333333,inflammatory,0.24337880625340683
389,lqvigepgbqI,UgwKh6Vn-d_stYArDrl4AaABAg,0.159225,sympathetic,0.0,neutral,0.0
390,d6Pee6Fyvoo,UgwKiL8GMrW_egMUcYV4AaABAg,0.34,sympathetic,0.15965714285714286,sympathetic,0.5006117719255873
391,7bTckdh1-W0,UgwKjE6BYZuZBoQtMEt4AaABAg,0.28535,sympathetic,-0.2007,inflammatory,0.31309706162786005
392,eE61i2y1mJ0,UgwKoFdN9t3OtjBbJ8x4AaABAg,0.07543333333333334,sympathetic,0.028199999999999985,neutral,0.37411492886544906
393,eE61i2y1mJ0,UgwKsVUiUL2Qwn_iqlx4AaABAg,0.21075,sympathetic,0.33544,sympathetic,0.3389532829166875
394,fpVuA8E0KZs,UgwKuLEkWl1W6pvZ-HJ4AaABAg,0.5994,sympathetic,0.0,neutral,
395,qYbQZNOX9zc,UgwKuvmWC3IP8cQHu9x4AaABAg,0.6369,sympathetic,-0.254475,inflammatory,0.5622862638372024
396,xXAIcenT5KQ,UgwKwYU32Etcf9DKhgt4AaABAg,0.0,neutral,0.022000000000000006,neutral,0.26023558557583937
397,aGLmGnuYb_8,UgwL0OV5sbM0K2DWk_14AaABAg,0.4894333333333334,sympathetic,0.28676666666666667,sympathetic,0.2485586516968044
398,eE61i2y1mJ0,UgwL3OJ0dHoaJ4gUdNV4AaABAg,-0.2732,inflammatory,-0.51535,inflammatory,0.07997377695219851
399,z_1OsbwBfJ0,UgwL52yvYGO6vZ4EERR4AaABAg,0.054266666666666664,sympathetic,-0.11034999999999995,inflammatory,0.6228223957651705
400,Djzvi2sVsdY,UgwL6VPQbOEWjVPiECt4AaABAg,-0.20706666666666665,inflammatory,0.009200000000000009,neutral,0.4257939701310952
401,Djzvi2sVsdY,UgwL8RSwaYMXfRdSDiF4AaABAg,-0.7263,inflammatory,-0.23882857142857142,inflammatory,0.2534053058789793
402,vMKNBsd_XYg,UgwL8ZxO64N6eO0xZrl4AaABAg,0.0,neutral,-0.27784285714285717,inflammatory,0.2822512229506594
403,ZSDPc8de7cw,UgwL91by3G8wiA0TlnV4AaABAg,-0.19225,inflammatory,-0.0356,neutral,0.4630018934446525
404,GpmP2vtnXcc,UgwLQh6pVHQsSDKt6uF4AaABAg,0.0,neutral,0.0,neutral,0.0
405,lhdAgnXWzFA,UgwLRhjbNVbyxbtRnhF4AaABAg,-0.3149,inflammatory,0.010116666666666663,neutral,0.5547559983151752
406,DgOOpBixH80,UgwLS9iU4KkUn1CA3AZ4AaABAg,-0.2287,inflammatory,-0.1727,inflammatory,0.26798311887132
407,54oSf8j9Eh0,UgwLWF5qjDszK8iqVQJ4AaABAg,-0.05883333333333334,inflammatory,-0.01984999999999999,neutral,0.35978353136913377
408,fpVuA8E0KZs,UgwLYk2j5jESM9EQtst4AaABAg,-0.6124,inflammatory,0.2235,sympathetic,
409,6D_RgBOrjI0,UgwLZWvLufwXNqtECJ14AaABAg,-0.9371,inflammatory,0.2563,sympathetic,0.581479887872315
410,z_1OsbwBfJ0,UgwL_DcGVTN66WYdnap4AaABAg,-0.19917272727272728,inflammatory,-0.12153846153846153,inflammatory,0.2702326421760256
411,DgOOpBixH80,UgwLcwGJV3LkIy-27F54AaABAg,0.2202,sympathetic,0.303025,sympathetic,0.2981168597135267
412,8zjWbdItFTo,UgwLe_vRbW6otnqSavB4AaABAg,0.15293333333333334,sympathetic,-0.4353,inflammatory,0.49310517133771775
413,zx3JMdSDTJs,UgwLg9kixqFar_AKanN4AaABAg,-0.8934,inflammatory,-0.33441818181818184,inflammatory,0.33143716996794975
414,xEXaGltX3UA,UgwLkU8uiI6sVc0sQsZ4AaABAg,-0.4767,inflammatory,0.5139,sympathetic,0.2767615941564147
415,7bTckdh1-W0,UgwLl-KovAVGK8zupXF4AaABAg,-0.54615,inflammatory,-0.1033727272727273,inflammatory,0.32026781379669195
416,OqB0y-8Ej0c,UgwLqyFEV-QyS-5MhuN4AaABAg,0.0,neutral,-0.17018,inflammatory,0.4402079985643151
417,OqB0y-8Ej0c,UgwLrFeLiybhcdqpsf54AaABAg,-0.2466,inflammatory,-0.03864999999999999,neutral,0.4420897753222126
418,xQEZ2SRu6bA,UgwLsIrtU5GAzhBoVjt4AaABAg,-0.2647,inflammatory,0.4939,sympathetic,
419,_BS6EnE31XM,UgwLuCsZu9uN-cHfd554AaABAg,-0.24695,inflammatory,-0.14678333333333335,inflammatory,0.3595442694115242
420,_BS6EnE31XM,UgwLywLPew6CwRHoX014AaABAg,-0.296,inflammatory,0.1844333333333333,sympathetic,0.42250866342202575
421,dR8H-nQkz4k,UgwM3iSc9NNYqt5pPvh4AaABAg,-0.27749999999999997,inflammatory,0.5994,sympathetic,
422,ZggP67JsVfU,UgwMB80Tlh-4keUfEox4AaABAg,-0.4767,inflammatory,-0.2124,inflammatory,
423,IJAwKvrhY58,UgwMDsDJ1WdlB7NfHUV4AaABAg,-0.7157,inflammatory,0.10165000000000002,sympathetic,0.45462665012073367
424,dR8H-nQkz4k,UgwMG-XGkQXmMKpUZFN4AaABAg,-0.34,inflammatory,0.13945,sympathetic,0.16084225502025268
425,mja0Lze2l0c,UgwMHseeIiHF8JeciLd4AaABAg,-0.3071,inflammatory,-0.21837999999999996,inflammatory,0.2824268082176336
426,kzEZ-0ym5Xg,UgwMI99qx5j8PGf818h4AaABAg,-0.0516,inflammatory,0.7184,sympathetic,
427,46xekr1CEUU,UgwMKxrTuj4paik9zXd4AaABAg,0.0,neutral,0.010250000000000009,neutral,0.3513560341409732
428,p8hpDXwUFvw,UgwMMdCX3hKAqKPbJHh4AaABAg,-0.4019,inflammatory,-0.0555,inflammatory,0.42082265068949576
429,mja0Lze2l0c,UgwMMuer-TTk7vN8HKN4AaABAg,0.40080000000000005,sympathetic,0.420075,sympathetic,0.4889263978350934
430,fpVuA8E0KZs,UgwMQmnOuLsddMfMGL94AaABAg,-0.27815,inflammatory,-0.44789999999999996,inflammatory,0.06505382386916239
431,OybJv6v8qKo,UgwMQq-wvm_7an4Rz4h4AaABAg,-0.11315,inflammatory,0.07448,sympathetic,0.16654234296418435
432,46xekr1CEUU,UgwMUx3MMUx3Vg6iW5h4AaABAg,0.3058666666666667,sympathetic,0.09398333333333335,sympathetic,0.4062226602082492
433,eE61i2y1mJ0,UgwMWjP-SMmq3LgPgCZ4AaABAg,-0.6808,inflammatory,0.018423529411764707,neutral,0.3484259938089647
434,Y1vPwS2h088,UgwMXtKaNB9fEyzClyN4AaABAg,0.0,neutral,0.28171999999999997,sympathetic,0.3857747101612546
435,WcIOWDNlR7s,UgwMahWtK7yJ-IgBnVV4AaABAg,-0.6584,inflammatory,0.1318090909090909,sympathetic,0.23334808100580323
436,rdmy9RjkNtA,UgwMbfNqOhZAph_emud4AaABAg,-0.5859,inflammatory,-0.088625,inflammatory,0.4045692060698639
437,t5mmdQiyhxc,UgwMe_PYe8VlYB1FpF14AaABAg,-0.4021,inflammatory,0.8338,sympathetic,
438,RuHOwKXtDek,UgwMgaHRKaNwc3EnR2R4AaABAg,0.0,neutral,0.1728333333333333,sympathetic,0.34830156473952284
439,TybnJ6mrvI4,UgwMnr0yVqz3TfZ5vSx4AaABAg,0.18330000000000002,sympathetic,0.05904999999999999,sympathetic,0.33509790360430486
440,psP1uxfO6CQ,UgwMqSKuQHQNeeCxsPZ4AaABAg,-0.3182,inflammatory,0.07180000000000002,sympathetic,0.5328405671493116
441,zfQxhG5oWdU,UgwMswKhc7D9aRFxg5J4AaABAg,-0.3182,inflammatory,0.2625,sympathetic,0.44036858652724087
442,tKdJkhBFqtI,UgwMxRlXsk6zIMGUFW94AaABAg,-0.8519,inflammatory,-0.2533166666666667,inflammatory,0.5200198089175706
443,zfQxhG5oWdU,UgwMyH3bSsPCwW8-Isd4AaABAg,0.0772,sympathetic,0.10655714285714286,sympathetic,0.3754320038619637
444,IJAwKvrhY58,UgwMywKy87wFQgDP2hN4AaABAg,-0.16605,inflammatory,-0.09577999999999999,inflammatory,0.6113675097680609
445,2EM-F3VfwUI,UgwMzB9OjMpfQHWxc7t4AaABAg,0.3026,sympathetic,-0.18782857142857143,inflammatory,0.33866304647483914
446,OybJv6v8qKo,UgwN24hjGiD3A6ZVpod4AaABAg,-0.0772,inflammatory,-0.5008999999999999,inflammatory,0.36974513519450125
447,fo6qLarJ52U,UgwN3Gws-cbHpEuKmEp4AaABAg,-0.0129,neutral,-0.2977571428571429,inflammatory,0.2532403262854138
448,46xekr1CEUU,UgwN4RlUfsep-xY6EOR4AaABAg,-0.7964,inflammatory,-0.23956666666666665,inflammatory,0.3864533024829779
449,wHOGG1-RN5U,UgwNA7qUQ3BQkDbU5Bt4AaABAg,-0.25320000000000004,inflammatory,-0.13343333333333332,inflammatory,0.23111331275660718
450,xEXaGltX3UA,UgwNL89A8kUzDTufqpp4AaABAg,0.891,sympathetic,-0.0256,neutral,0.05724334022399462
451,qYbQZNOX9zc,UgwNNi-EuM9jPuBP2Yx4AaABAg,-0.6508499999999999,inflammatory,-0.14401999999999998,inflammatory,0.1994154256821673
452,qRw6gOjwCbQ,UgwNOQeFG8QXWRiYHI94AaABAg,-0.5651,inflammatory,-0.12292499999999998,inflammatory,0.2855530711243909
453,aGLmGnuYb_8,UgwNPViz3ngVBfulPtR4AaABAg,-0.29375,inflammatory,-0.026814285714285718,neutral,0.3849949507304117
454,2EM-F3VfwUI,UgwNSAba-VdSS83zGmh4AaABAg,-0.01032,neutral,-0.04933333333333333,neutral,0.12084149397730344
455,eAF4_2edowo,UgwNSqCn85emu-SsZdJ4AaABAg,0.0,neutral,0.33710000000000007,sympathetic,0.27144956253418423
456,Djzvi2sVsdY,UgwNTu-uJugMWf_5K6t4AaABAg,-0.3506,inflammatory,-0.14457499999999998,inflammatory,0.25590866046306443
457,IJAwKvrhY58,UgwNXApffAwBWn8BaU14AaABAg,-0.3715,inflammatory,0.0373,neutral,0.4941331129699095
458,GPcb8SYe8tA,UgwNazRZprzqX7MMcrF4AaABAg,0.4939,sympathetic,-0.059177777777777746,inflammatory,0.464299361343998
459,8QB4UxnzCrg,UgwNc3zhjIdhFNcb9qF4AaABAg,-0.15705,inflammatory,0.17615,sympathetic,0.6991164745591395
460,7bTckdh1-W0,UgwNyDtAzcLQcRB5v_54AaABAg,0.0,neutral,0.10272999999999999,sympathetic,0.23272262961159004
461,GpmP2vtnXcc,UgwNyFPLI0x1RHzADOl4AaABAg,0.0,neutral,0.16541999999999998,sympathetic,0.3698903648380152
462,6D_RgBOrjI0,UgwO1-AEy5izebBCp5h4AaABAg,-0.09866666666666667,inflammatory,0.3612,sympathetic,
463,Umco8iQzKbs,UgwO6mUTcuArF0DDnat4AaABAg,0.10575,sympathetic,0.14784999999999998,sympathetic,0.1717080759118025
464,RuHOwKXtDek,UgwO7p6uZX49J-TLi3R4AaABAg,-0.6124,inflammatory,-0.03555,neutral,0.36083771282946575
465,OqB0y-8Ej0c,UgwO8OFK6WSv2sdous14AaABAg,0.1806,sympathetic,0.3802,sympathetic,
466,TybnJ6mrvI4,UgwO9jp7sWN5I1gm1mh4AaABAg,0.0642,sympathetic,0.00923846153846154,neutral,0.12499503682454449
467,kzEZ-0ym5Xg,UgwOCTfyGU2B_FWQ-MR4AaABAg,-0.17304285714285714,inflammatory,-0.17952500000000002,inflammatory,0.42520905740588355
468,lqvigepgbqI,UgwOElFmIN99rOkd6w54AaABAg,0.0,neutral,-0.10018333333333333,inflammatory,0.31777210768763586
469,WcIOWDNlR7s,UgwOF58SFAkDYl4NEQt4AaABAg,0.0,neutral,0.06705625,sympathetic,0.3731957269650873
470,WcIOWDNlR7s,UgwOH-vNpBnPU2yilp14AaABAg,0.0,neutral,-0.0172,neutral,0.02979127389018469
471,Djzvi2sVsdY,UgwOLXBiENNkUc5zIhN4AaABAg,0.011399999999999966,neutral,-0.21956,inflammatory,0.44738724325641144
472,lP_9nYehuss,UgwOLdVMsQ8uFJj4hd14AaABAg,0.0,neutral,-0.12608333333333333,inflammatory,0.337062963949863
473,nihE9Yt3b-U,UgwOOd52m77U3g0s5OJ4AaABAg,0.0,neutral,-0.32374166666666665,inflammatory,0.2730731518986786
474,OLgwMqMkgsg,UgwOo1UNlCPQZcFkY6Z4AaABAg,0.0,neutral,0.0,neutral,0.0
475,X4jrbP6ZnP4,UgwOq-6Cy_bA7_zG1VR4AaABAg,0.0,neutral,-0.12747777777777777,inflammatory,0.4175414972723603
476,OqB0y-8Ej0c,UgwOwc08TbUjLEgBbC14AaABAg,0.1857,sympathetic,-0.30569999999999997,inflammatory,0.489689626191938
477,X4jrbP6ZnP4,UgwP3pIkHYv-qV0VUzF4AaABAg,-0.46045,inflammatory,-0.09871666666666667,inflammatory,0.35323044272353804
478,iDuNFBjJ774,UgwP9PnEXk_QQjZWvQd4AaABAg,-0.26335,inflammatory,0.14049999999999999,sympathetic,0.24335313846342727
479,50AKW9lBuNM,UgwPCK46AMShPUnlR9V4AaABAg,0.2732,sympathetic,-0.12196666666666667,inflammatory,0.32840037048294163
480,GPcb8SYe8tA,UgwPJN4KYhNzum7hOsN4AaABAg,-0.04015,neutral,-0.16752857142857142,inflammatory,0.456906448171781
481,X4jrbP6ZnP4,UgwPMaEqoy2w3c4VxF94AaABAg,-0.34895,inflammatory,-0.04206818181818181,neutral,0.37820052049316205
482,p8UbRG5hbiM,UgwPNjk6nLdxOFVctmd4AaABAg,-0.6242000000000001,inflammatory,-0.06676666666666667,inflammatory,0.11564325891868205
483,p8UbRG5hbiM,UgwPXgoxv4JSoaLfv1N4AaABAg,-0.5423,inflammatory,-0.09506250000000001,inflammatory,0.3872999389085563
484,zx3JMdSDTJs,UgwPYBWPa7yIZA_FU8V4AaABAg,0.0,neutral,-0.13656666666666664,inflammatory,0.3374622398629709
485,lhdAgnXWzFA,UgwPdNvOmHaAsXuQAXB4AaABAg,0.0,neutral,-0.17565454545454545,inflammatory,0.42020660481157684
486,dR8H-nQkz4k,UgwPe9z4lfVfll1zy3t4AaABAg,0.0,neutral,-0.01394444444444445,neutral,0.2704969321041881
487,46xekr1CEUU,UgwPf89QyevnE2F3UqR4AaABAg,0.20095,sympathetic,-0.1101,inflammatory,0.2202
488,lZqHWBKkcos,UgwPfO2Xinlq3rf-hXJ4AaABAg,-0.50935,inflammatory,-0.08600000000000002,inflammatory,0.4582611526193334
489,Bn7WbKVar1I,UgwPsJLQ5jsuLgqsGC94AaABAg,-0.5994,inflammatory,0.22375555555555554,sympathetic,0.30206106216753226
490,X4jrbP6ZnP4,UgwPtSDH1hG9gnBNqPh4AaABAg,-0.5719,inflammatory,0.0,neutral,
491,lqvigepgbqI,UgwQ0xRf5o8mMtQSjWZ4AaABAg,0.2786666666666667,sympathetic,0.19932857142857147,sympathetic,0.25504245865009556
492,zx3JMdSDTJs,UgwQ15OaF9hxMUqBKhF4AaABAg,-0.16923333333333335,inflammatory,-0.12687500000000002,inflammatory,0.356049854396529
493,OqB0y-8Ej0c,UgwQB1WUZAFRo976beR4AaABAg,-0.17235,inflammatory,0.36766,sympathetic,0.5378961451804614
494,zx3JMdSDTJs,UgwQGPqjTXjCvvqiUo14AaABAg,0.0772,sympathetic,0.10020000000000001,sympathetic,0.1386204891060481
495,Sy8scM6B_nU,UgwQHHmhKdMV_bDts6x4AaABAg,-0.5267,inflammatory,0.59326,sympathetic,0.35569919595073585
496,GpmP2vtnXcc,UgwQNohCrs9qAflS9bh4AaABAg,0.0,neutral,0.0,neutral,0.0
497,eAF4_2edowo,UgwQPEWR1R5SZlcnyxZ4AaABAg,-0.7184,inflammatory,-0.07637272727272727,inflammatory,0.4424114580137117
498,2EM-F3VfwUI,UgwQThX8F4t4B06ZhHV4AaABAg,-0.5399,inflammatory,-0.10993076923076923,inflammatory,0.25784016491040657
499,nihE9Yt3b-U,UgwQWIwabmMKyN8O3pB4AaABAg,-0.1083,inflammatory,0.056952941176470595,sympathetic,0.20100222050280644
500,Sy8scM6B_nU,UgwQXy0pBW0d3N9zrsp4AaABAg,0.0,neutral,0.0,neutral,
501,tKdJkhBFqtI,UgwQkCZzGf0RhnW6AsF4AaABAg,-0.13116666666666668,inflammatory,-0.30672499999999997,inflammatory,0.2481390494403145
502,mgeeD8rYAwc,UgwQl3XVsqkXInJee3F4AaABAg,0.11883333333333333,sympathetic,0.4404,sympathetic,
503,taaC2Q6ZX0o,UgwQl7dUClPB7SRIYkl4AaABAg,-0.047633333333333326,neutral,-0.5574,inflammatory,
504,lqvigepgbqI,UgwQlNzSeP-a69aFfRt4AaABAg,0.057133333333333314,sympathetic,-0.3845,inflammatory,0.3135006499195815
505,RuHOwKXtDek,UgwQmufIVcMjDsqUz2B4AaABAg,-0.23835,inflammatory,-0.23033,inflammatory,0.3122349935901199
506,OybJv6v8qKo,UgwQoBfFc830CnFeerB4AaABAg,0.10606666666666666,sympathetic,0.09125714285714286,sympathetic,0.30248245049447553
507,lqvigepgbqI,UgwQv5Y3BOHytpJ4dRt4AaABAg,0.4939,sympathetic,-0.22496666666666668,inflammatory,0.3817174085629315
508,50AKW9lBuNM,UgwQwS1GMtJ7_aoYRMJ4AaABAg,-0.112675,inflammatory,0.0653909090909091,sympathetic,0.43894420933541306
509,TybnJ6mrvI4,UgwR37BWlS6frPROsjB4AaABAg,0.0,neutral,-0.16026,inflammatory,0.39524023038436473
510,ivQAfsLKylc,UgwR5irxYgr0xzNmsnV4AaABAg,0.0,neutral,-0.38634999999999997,inflammatory,0.12777419536040915
511,eE61i2y1mJ0,UgwREOZ-gF4UzQSC_0R4AaABAg,-0.6114,inflammatory,-0.10585714285714287,inflammatory,0.2864876661518657
512,50AKW9lBuNM,UgwRFidopOn3rkgX4lh4AaABAg,-0.4115,inflammatory,-0.35594285714285717,inflammatory,0.6104351476805784
513,IJAwKvrhY58,UgwRG2HINI-Fex4dIqp4AaABAg,0.08360000000000001,sympathetic,-0.11878571428571429,inflammatory,0.41597204004023886
514,Bn7WbKVar1I,UgwRMM0SkbvNHcsq36R4AaABAg,0.0,neutral,-0.14403333333333335,inflammatory,0.36839134988035027
515,kzEZ-0ym5Xg,UgwRRs-S6EBqdRR3FNt4AaABAg,-0.34815,inflammatory,0.56925,sympathetic,0.21092995282794716
516,4pM7DLEL7xA,UgwRS5_ah62U-f0U6sV4AaABAg,-0.5563,inflammatory,-0.04016666666666666,neutral,0.13966453618104585
517,kzEZ-0ym5Xg,UgwRWJ1_VIsRFjENiKl4AaABAg,-0.24605,inflammatory,0.2543666666666667,sympathetic,0.2212259553789594
518,qRw6gOjwCbQ,UgwRaDv43xfJTuu5wk54AaABAg,-0.23835,inflammatory,0.0,neutral,0.0
519,kzEZ-0ym5Xg,UgwRdhxQkXiuqYMfsb54AaABAg,0.0,neutral,0.1806,sympathetic,0.25540696936458096
520,aGLmGnuYb_8,UgwRf55OZkVn9XBcFwh4AaABAg,-0.33499999999999996,inflammatory,-0.1051,inflammatory,0.5255217597778421
521,9dn7N5-EKRE,UgwRf64DKHypZc4O1b54AaABAg,0.0,neutral,0.3182,sympathetic,
522,xHIyM7-R8Yw,UgwRfcs_WAIxLGrT_P94AaABAg,-0.3525499999999999,inflammatory,-0.22867142857142858,inflammatory,0.560217465232608
523,bd04zIyOCas,UgwRhslWi4bd-zdKbbt4AaABAg,-0.4767,inflammatory,0.0,neutral,0.0
524,Sy8scM6B_nU,UgwRj6ShlRFcrt3xlPR4AaABAg,-0.6239,inflammatory,-0.05722727272727273,inflammatory,0.3516338495961647
525,gc-7CsqGK9o,UgwRyMv2mEoB-ihCpYx4AaABAg,-0.0172,neutral,-0.14518000000000003,inflammatory,0.5999464867802794
526,Bu3H1o4cvgc,UgwS2f8ZX-xkzvcJ7554AaABAg,0.0,neutral,0.0,neutral,
527,nihE9Yt3b-U,UgwS32ePYpwmjZeZ1Rl4AaABAg,0.0,neutral,-0.28674736842105264,inflammatory,0.38953630749110046
528,lqvigepgbqI,UgwS3iz59oPvsTkopRp4AaABAg,-0.41924999999999996,inflammatory,0.36500000000000005,sympathetic,0.25978222610486656
529,IoqeVMg760U,UgwS3vMij4vSVCEEB5J4AaABAg,0.509,sympathetic,-0.4404,inflammatory,
530,iCknHYY2wmw,UgwS61CLWcvkj0JGny54AaABAg,0.296,sympathetic,-0.09147500000000001,inflammatory,0.5041215832656698
531,ZSDPc8de7cw,UgwSAt0mLQdOgZAtd2N4AaABAg,0.0,neutral,0.6705,sympathetic,
532,Sy8scM6B_nU,UgwSBfUXDNYvPvmDO0N4AaABAg,0.14188,sympathetic,-0.16287142857142858,inflammatory,0.24629920634792768
533,6Krjoo3fHtY,UgwSI-4ya5zO25GBbfp4AaABAg,0.4404,sympathetic,-0.11326666666666667,inflammatory,0.6181327473393828
534,8QB4UxnzCrg,UgwSK2CbJdLGpcERlO54AaABAg,0.0,neutral,-0.019730769230769225,neutral,0.27502623021757816
535,aGLmGnuYb_8,UgwSQZze7eW-htxXksp4AaABAg,0.0,neutral,-0.02624545454545456,neutral,0.3470606845897109
536,8zjWbdItFTo,UgwSbbRfNQBzQHWqxDF4AaABAg,-0.12040000000000001,inflammatory,-0.3243,inflammatory,0.4586294582775947
537,_BS6EnE31XM,UgwSfwy5Y2BgVbuWMOp4AaABAg,-0.09290000000000004,inflammatory,-0.15461249999999999,inflammatory,0.4054120288874846
538,zx3JMdSDTJs,UgwShyNppDjaC0grHSp4AaABAg,-0.055650000000000005,inflammatory,-0.20668333333333336,inflammatory,0.2958543588772467
539,lqvigepgbqI,UgwSq8aiqCTuxvJFW994AaABAg,0.25475,sympathetic,0.9682,sympathetic,
540,Bn7WbKVar1I,UgwSt2Ny_4R5dEMJCh14AaABAg,-0.5849,inflammatory,-0.3787777777777778,inflammatory,0.4096326091077765
541,ZSDPc8de7cw,UgwStBbMDfoqQXJQtgR4AaABAg,-0.009866666666666654,neutral,0.16846,sympathetic,0.2310746156547707
542,DgOOpBixH80,UgwStIw4i0jewDRfEZB4AaABAg,-0.6435,inflammatory,-0.3178666666666667,inflammatory,0.3068660511254599
543,z_1OsbwBfJ0,UgwSvueQL11jZFXVLbp4AaABAg,0.0,neutral,-0.12689999999999999,inflammatory,0.4670603092749372
544,3L2BXNMGTew,UgwT9QvXwvy32DwnAPJ4AaABAg,0.5801,sympathetic,-0.23835,inflammatory,0.33707780259162723
545,fo6qLarJ52U,UgwTBP20lzMVw2udUhR4AaABAg,-0.3182,inflammatory,-0.1134,inflammatory,0.17770278557186434
546,8QB4UxnzCrg,UgwTBul4YzEHWybnZbd4AaABAg,0.0,neutral,0.0,neutral,0.0
547,kzEZ-0ym5Xg,UgwTCDooNdcvCa7eg3V4AaABAg,0.0,neutral,0.0,neutral,0.0
548,RuHOwKXtDek,UgwTD8EyDjeKgLACV4F4AaABAg,0.7425,sympathetic,0.13812857142857143,sympathetic,0.4252413538775586
549,7bTckdh1-W0,UgwTHSfkK9QXCD8nsm14AaABAg,0.3182,sympathetic,0.005566666666666664,neutral,0.500973196222446
550,Bn7WbKVar1I,UgwTJCKzIxe3JearLiF4AaABAg,-0.4458333333333333,inflammatory,0.047599999999999976,neutral,0.7414721707522137
551,Taz-d2zn6Vg,UgwTKB4qQAThSBZC0yN4AaABAg,-0.63275,inflammatory,-0.3248375,inflammatory,0.4583830803954888
552,Umco8iQzKbs,UgwTKHaiFsud2L1mKvp4AaABAg,-0.35648749999999996,inflammatory,0.4404,sympathetic,
553,6Krjoo3fHtY,UgwTOdzK86hjXuPZv7p4AaABAg,0.25,sympathetic,0.05737222222222222,sympathetic,0.3212822944272191
554,xEXaGltX3UA,UgwTPgYu48Pgn6jwYt94AaABAg,0.1779,sympathetic,0.32056666666666667,sympathetic,0.28862665042115104
555,xEXaGltX3UA,UgwTWjCcuNM6JfNan9N4AaABAg,-0.20937500000000003,inflammatory,0.02268,neutral,0.46495056320239275
556,6D_RgBOrjI0,UgwTZwQU-5tYLr0JlGp4AaABAg,0.025733333333333334,neutral,0.0,neutral,
557,qRw6gOjwCbQ,UgwTbfQrj4cVTPaQ1GB4AaABAg,-0.22399999999999998,inflammatory,-0.16137692307692308,inflammatory,0.2642971722444458
558,iCknHYY2wmw,UgwTcsMv2H3nmjhlU-h4AaABAg,0.5767,sympathetic,0.3612,sympathetic,
559,qRw6gOjwCbQ,UgwTe38z1Pzs8Ke4KL54AaABAg,-0.21034999999999998,inflammatory,-0.2134,inflammatory,0.2585029593641048
560,Sy8scM6B_nU,UgwTeOraTld6DgS1xs14AaABAg,-0.148,inflammatory,0.0,neutral,0.0
561,lqvigepgbqI,UgwTgeA2R8_B8MIIGWh4AaABAg,-0.44786666666666664,inflammatory,0.07101666666666667,sympathetic,0.47770337414201575
562,IOueE_uol8M,UgwTj-tsfr5YGqUm3Ux4AaABAg,0.0,neutral,-0.10212000000000002,inflammatory,0.22834726186227855
563,Umco8iQzKbs,UgwTn7vGnsbtZ7V9Oul4AaABAg,0.6124,sympathetic,0.29390000000000005,sympathetic,0.3064600789662497
564,lP_9nYehuss,UgwTpz_T-QWlTqQFv9R4AaABAg,-0.09106666666666667,inflammatory,0.4404,sympathetic,
565,p8UbRG5hbiM,UgwTqAVoIgmvHFBkx1N4AaABAg,-0.7003,inflammatory,-0.217,inflammatory,0.34594146903775497
566,mja0Lze2l0c,UgwTrwbkwRNczPpp_wl4AaABAg,0.0,neutral,0.14592857142857144,sympathetic,0.5996631296383154
567,2ytZhL25V4w,UgwTxcIraax1t6Olj9l4AaABAg,-0.0516,inflammatory,-0.2755,inflammatory,
568,NrEyGPb2fNI,UgwTxfwC1F4Qor20se54AaABAg,-0.38906666666666667,inflammatory,0.4927,sympathetic,
569,3L2BXNMGTew,UgwU5K2vK9QBUoIE6zR4AaABAg,-0.3818,inflammatory,0.0,neutral,
570,eE61i2y1mJ0,UgwU6fJwzZEKKc7ng4h4AaABAg,0.28026666666666666,sympathetic,-0.14684285714285714,inflammatory,0.4000699682853107
571,RuHOwKXtDek,UgwUE38XayinzesI0zl4AaABAg,0.0,neutral,0.030913333333333324,neutral,0.3834586341383358
572,gc-7CsqGK9o,UgwUFqR2Rkw0HOMQnKd4AaABAg,0.2674,sympathetic,0.142675,sympathetic,0.28535
573,bd04zIyOCas,UgwUH8psHucoTl-UeCV4AaABAg,-0.6408,inflammatory,0.07066666666666666,sympathetic,0.5859049610076137
574,GpmP2vtnXcc,UgwUQMZkNUC0kwD4OHd4AaABAg,0.0,neutral,0.0,neutral,
575,6Krjoo3fHtY,UgwUWf-6QoMGb_lCoZF4AaABAg,0.0,neutral,0.09878,sympathetic,0.22087879481742922
576,t5mmdQiyhxc,UgwUXifnXhynKfBONN94AaABAg,0.4902,sympathetic,-0.05876428571428572,inflammatory,0.29912841237153
577,mMPRQSnKe9w,UgwUbLkzLGCg9iw-OBt4AaABAg,-0.1517,inflammatory,0.038533333333333336,neutral,0.37784953354476963
578,zfQxhG5oWdU,UgwUbR-NXOJUPKuBsdh4AaABAg,-0.1027,inflammatory,0.06742727272727272,sympathetic,0.40925386764429994
579,aWOy271EIKU,UgwUdvLrro8CacVKOXp4AaABAg,0.35673333333333335,sympathetic,0.0,neutral,
580,X4jrbP6ZnP4,UgwUhxwlPRD7DGy7NdF4AaABAg,0.125,sympathetic,0.312,sympathetic,0.2770128300277805
581,WcIOWDNlR7s,UgwUrWXe8XrQYbNIIuh4AaABAg,-0.2787,inflammatory,-0.23906153846153846,inflammatory,0.249704667352126
582,vMKNBsd_XYg,UgwUwGhpPDjL_B1sdbZ4AaABAg,-0.4939,inflammatory,0.4428,sympathetic,0.23985062017847697
583,kzEZ-0ym5Xg,UgwV--dHvSavPVKUzpJ4AaABAg,-0.18243333333333334,inflammatory,0.0,neutral,
584,IJAwKvrhY58,UgwV1tgxTgC38K3hSXl4AaABAg,0.0,neutral,0.0,neutral,
585,46xekr1CEUU,UgwV31dmPrJzqOkJceF4AaABAg,0.0,neutral,0.15304444444444446,sympathetic,0.44139566465675417
586,GPcb8SYe8tA,UgwV6FGh1uCAnAdbugB4AaABAg,0.0,neutral,-0.09594285714285714,inflammatory,0.3256178222863057
587,xEXaGltX3UA,UgwV9PHvHFUyQyjyatx4AaABAg,0.0,neutral,0.8271,sympathetic,
588,8QB4UxnzCrg,UgwVBCmKddnvE4Whdsh4AaABAg,-0.31174,inflammatory,-0.039655555555555555,neutral,0.2010161754132681
589,mja0Lze2l0c,UgwVEbmlOAFNTln40at4AaABAg,0.0,neutral,-0.3652,inflammatory,0.2823297185915787
590,GPcb8SYe8tA,UgwVHYVkB_giW3DLwI94AaABAg,0.0516,sympathetic,-0.05739999999999998,inflammatory,0.7633924809689967
591,4pM7DLEL7xA,UgwVKnlWj4iURpRdBjl4AaABAg,0.0,neutral,0.024459999999999992,neutral,0.34648304143204467
592,46xekr1CEUU,UgwVS_7eGPdRnw1wZWl4AaABAg,-0.36345,inflammatory,0.26308,sympathetic,0.36315738599125313
593,xEXaGltX3UA,UgwVU-7xXag62qOKI-N4AaABAg,0.03093333333333335,neutral,0.12040000000000001,sympathetic,0.20853891723129284
594,ZSDPc8de7cw,UgwVYiskJlhjw6K1wDF4AaABAg,0.39135,sympathetic,0.03997777777777777,neutral,0.3642423155599092
595,54oSf8j9Eh0,UgwVcG1FbmSo4VLdncJ4AaABAg,-0.3252,inflammatory,0.0872666666666667,sympathetic,0.45979841597523297
596,z_1OsbwBfJ0,UgwVhyaRniNSlx9tIzd4AaABAg,-0.3367,inflammatory,-0.3612,inflammatory,
597,xXAIcenT5KQ,UgwVjflvphQ2buXKW0x4AaABAg,-0.31425,inflammatory,0.0,neutral,
598,iDuNFBjJ774,UgwVt8qUCU3E2i7Pm1F4AaABAg,-0.39666,inflammatory,-0.8442,inflammatory,
599,Sy8scM6B_nU,UgwVvr4RJ2jhkC-Fmyx4AaABAg,0.04305,neutral,-0.1001642857142857,inflammatory,0.2189376504400734
600,6GfCWFftDSA,UgwVwrWNfn9ZckT2FS94AaABAg,-0.3694,inflammatory,0.5173666666666666,sympathetic,0.13907351772833434
601,Y1vPwS2h088,UgwW11VeeveeWXIC9X14AaABAg,0.7351,sympathetic,0.0,neutral,
602,z_1OsbwBfJ0,UgwW1ZykEbxg66LBwgx4AaABAg,0.0,neutral,0.06021666666666667,sympathetic,0.4255020395564123
603,zfQxhG5oWdU,UgwW3hkK5MYFr-ltYX54AaABAg,-0.5267,inflammatory,-0.25085,inflammatory,0.2903749817046916
604,2ytZhL25V4w,UgwW5wq07BVYpRGIagh4AaABAg,0.0,neutral,-0.0506,inflammatory,0.5118791556607868
605,7H-oD45q0MM,UgwW6LJEARujOg0w9gZ4AaABAg,0.00849999999999998,neutral,-0.10437857142857142,inflammatory,0.4327221069152659
606,mgeeD8rYAwc,UgwWC9ryweDCl49gCA94AaABAg,-0.3612,inflammatory,0.0,neutral,
607,OybJv6v8qKo,UgwWCsNeD12J2vJzI5l4AaABAg,-0.18264999999999998,inflammatory,-0.5267,inflammatory,
608,mMPRQSnKe9w,UgwWD56QtOHB6V3oSzp4AaABAg,-0.4863,inflammatory,0.09718333333333336,sympathetic,0.4636500163557278
609,OqB0y-8Ej0c,UgwWEMqnD36DWqCdr4h4AaABAg,0.2202,sympathetic,0.01658000000000002,neutral,0.4177316267653193
610,vMKNBsd_XYg,UgwWFIu6OupBxey7kiZ4AaABAg,0.0,neutral,0.04183,neutral,0.4006405816522668
611,xXAIcenT5KQ,UgwWFuxcAJm4-00myTl4AaABAg,-0.5859,inflammatory,-0.06358749999999999,inflammatory,0.3569433986242477
612,_BS6EnE31XM,UgwWKjgYEs0yXHvF76J4AaABAg,0.14495,sympathetic,-0.2202,inflammatory,0.31140982643455556
613,iCknHYY2wmw,UgwWQZAuXpuEEZ1onb14AaABAg,-0.25265,inflammatory,0.4019,sympathetic,
614,6D_RgBOrjI0,UgwWYtsUnnh2KC_YadV4AaABAg,-0.5574,inflammatory,-0.45215,inflammatory,0.6394366622269949
615,DgOOpBixH80,UgwW_GeQtfCCxor-BTJ4AaABAg,-0.10115,inflammatory,-0.19316666666666665,inflammatory,0.20128530746182147
616,rdmy9RjkNtA,UgwWfvyQHF3B_vr5iPZ4AaABAg,0.2553,sympathetic,-0.07144999999999999,inflammatory,0.3175616554308785
617,eAF4_2edowo,UgwWrI04M7c6ziv9-hR4AaABAg,-0.5667,inflammatory,-0.24465000000000003,inflammatory,0.5107688116946845
618,iCknHYY2wmw,UgwWsLjjF8t0jLVHkDV4AaABAg,-0.2732,inflammatory,-0.10766666666666665,inflammatory,0.14412526958633357
619,wHOGG1-RN5U,UgwWudVberzuMT_kvfZ4AaABAg,-0.29295,inflammatory,0.0,neutral,
620,Bn7WbKVar1I,UgwWvtv-FhIZlDkNZkV4AaABAg,-0.2263,inflammatory,-0.09595384615384615,inflammatory,0.3238761224485493
621,6Krjoo3fHtY,UgwWyStJTgAm9jfiyvZ4AaABAg,-0.7269,inflammatory,-0.419925,inflammatory,0.2920066425369709
622,Djzvi2sVsdY,UgwX-267JJdr8Tf7TK54AaABAg,0.8442,sympathetic,-0.29975,inflammatory,0.348839256678488
623,6GfCWFftDSA,UgwX-3tuUlJzQCtMLvJ4AaABAg,0.27115,sympathetic,-0.00746,neutral,0.31140063904879833
624,lqvigepgbqI,UgwX1CZg1tA-vbf1QG14AaABAg,0.38739999999999997,sympathetic,-0.09022999999999998,inflammatory,0.359017303977894
625,psP1uxfO6CQ,UgwX1vlB8et_E3PUrPh4AaABAg,-0.06223333333333333,inflammatory,0.12040000000000001,sympathetic,0.20853891723129284
626,vMKNBsd_XYg,UgwX24td9P_aPZq0GN94AaABAg,0.0,neutral,-0.085,inflammatory,0.34040705045577424
627,50AKW9lBuNM,UgwX69RzydNDsl4FrOh4AaABAg,-0.08024999999999999,inflammatory,0.03395555555555555,neutral,0.2596273681216558
628,7H-oD45q0MM,UgwX9BujDlpTXHAfjFp4AaABAg,0.0,neutral,0.09106666666666667,sympathetic,0.15773209354260576
629,yySFCBFXevg,UgwXEQLQT8E5Vz0jptJ4AaABAg,0.55805,sympathetic,0.36607500000000004,sympathetic,0.4338677784379322
630,_BS6EnE31XM,UgwXJN9k2MYWJ0B3PUt4AaABAg,-0.7297,inflammatory,0.0,neutral,
631,IoqeVMg760U,UgwXLsXyHrOSLoau4Cl4AaABAg,0.0,neutral,0.4404,sympathetic,
632,DgOOpBixH80,UgwXRujU4RwdxVxIHR54AaABAg,-0.6994,inflammatory,-0.10907999999999998,inflammatory,0.3728230792808359
633,d6Pee6Fyvoo,UgwXWCbCstxBmqVV2IJ4AaABAg,0.01988,neutral,-0.04815,neutral,0.04108290398693842
634,3L2BXNMGTew,UgwXZkgATyASa9HMyut4AaABAg,0.5783,sympathetic,-0.0516,inflammatory,
635,fo6qLarJ52U,UgwXaQ27MTEMiWn7Dwl4AaABAg,-0.6808,inflammatory,-0.06463636363636362,inflammatory,0.4260321238421518
636,OLgwMqMkgsg,UgwXci8iqR6981n2V2Z4AaABAg,-0.10963333333333335,inflammatory,-0.1854,inflammatory,0.3211222197232699
637,6D_RgBOrjI0,UgwXeDygwjRS9tpqxKx4AaABAg,-0.4767,inflammatory,0.08895,sympathetic,0.1257942963730868
638,xHIyM7-R8Yw,UgwXh0ia4y1VoEEgrjl4AaABAg,-0.25756666666666667,inflammatory,0.4588,sympathetic,0.0
639,yySFCBFXevg,UgwXjgzb1YJ1E5qgqSN4AaABAg,0.0,neutral,0.5994,sympathetic,
640,eE61i2y1mJ0,UgwXn1kMIYSFGc5M5jF4AaABAg,0.4559,sympathetic,-0.67215,inflammatory,0.2056973626471667
641,rdmy9RjkNtA,UgwXvBwkoIpCQwMDW814AaABAg,-0.6721,inflammatory,-0.6887,inflammatory,
642,aGLmGnuYb_8,UgwXvYs09_RMSdswPW94AaABAg,-0.4404,inflammatory,-0.16884,inflammatory,0.37753771732106445
643,DgOOpBixH80,UgwXvlWQsBgCco7Czqh4AaABAg,-0.4767,inflammatory,0.02302187500000001,neutral,0.3282210139862733
644,Y1vPwS2h088,UgwXxeeWL1ZFl5olyw94AaABAg,0.0,neutral,0.2023,sympathetic,
645,zx3JMdSDTJs,UgwY08Nf4eezcP-fu-B4AaABAg,-0.0129,neutral,-0.07412222222222223,inflammatory,0.24919209588908467
646,2EM-F3VfwUI,UgwY1C0aHje6OEvnhUB4AaABAg,-0.03796666666666667,neutral,-0.020733333333333336,neutral,0.3716011897753077
647,6D_RgBOrjI0,UgwY4xMQLusJt6CIUaZ4AaABAg,0.3612,sympathetic,-0.04309090909090908,neutral,0.40957974914427947
648,vMKNBsd_XYg,UgwY6Nt9idtP8IR__h94AaABAg,0.0772,sympathetic,-0.296,inflammatory,
649,46xekr1CEUU,UgwYEhpxLqWazwWTOQF4AaABAg,-0.7752,inflammatory,0.03476428571428571,neutral,0.36393209765462664
650,GPcb8SYe8tA,UgwYGvsk5X_3U7hWa2V4AaABAg,0.4404,sympathetic,-0.131675,inflammatory,0.26335
651,X4jrbP6ZnP4,UgwYJcKvhn9TprbXbAd4AaABAg,-0.2409,inflammatory,0.007020000000000004,neutral,0.4828728424751179
652,TybnJ6mrvI4,UgwYSAaf8Jh3NK0v8v94AaABAg,-0.044966666666666676,neutral,-0.08987142857142857,inflammatory,0.28173323287374974
653,IJAwKvrhY58,UgwYYf9VA79mVYLOxdJ4AaABAg,-0.06099166666666666,inflammatory,-0.22795384615384615,inflammatory,0.2888369223148379
654,6GfCWFftDSA,UgwYa03yTd1IYov96aV4AaABAg,-0.23311428571428575,inflammatory,-0.03747499999999998,neutral,0.3756175669359849
655,6Krjoo3fHtY,UgwYfsZ-2r7WxSobf214AaABAg,-0.27115,inflammatory,0.12978333333333336,sympathetic,0.2644913190991112
656,TybnJ6mrvI4,UgwYjGoFGB7NuTyTs2d4AaABAg,0.5801,sympathetic,0.25115,sympathetic,0.3551797361900028
657,iCknHYY2wmw,UgwYpCYN29Lvl5fL4Rh4AaABAg,-0.6362,inflammatory,0.07918,sympathetic,0.2584399969045039
658,eE61i2y1mJ0,UgwYzrT-6wQT_BFTQ9F4AaABAg,0.2732,sympathetic,0.08808,sympathetic,0.27587959692590536
659,pJGMNIsiiRo,UgwZ4gnjPKxK3WDGy094AaABAg,-0.20095,inflammatory,0.0,neutral,
660,eAF4_2edowo,UgwZ7V-PZYYEQrq8YfZ4AaABAg,-0.03134999999999999,neutral,0.022971428571428584,neutral,0.33688680450207464
661,zx3JMdSDTJs,UgwZ8T5Kwb1ar67gjpt4AaABAg,0.04880000000000001,neutral,-0.02893636363636364,neutral,0.46272549588871215
662,lhdAgnXWzFA,UgwZCUlPVHgl7mKORk54AaABAg,0.0,neutral,-0.09809090909090909,inflammatory,0.41097923659120655
663,zfQxhG5oWdU,UgwZE58_AhoH7edFULJ4AaABAg,0.0,neutral,0.14200000000000002,sympathetic,0.30999561287218247
664,Bngr9lb8MPY,UgwZGuDbeR9LSNlBin14AaABAg,0.0,neutral,-0.18016666666666667,inflammatory,0.17018291140221256
665,6Krjoo3fHtY,UgwZI7fPAcAvfqp_pqp4AaABAg,-0.25,inflammatory,-0.15056875,inflammatory,0.37829054392754785
666,eAF4_2edowo,UgwZN-SW33zu4JM0IVR4AaABAg,-0.6486,inflammatory,0.1257,sympathetic,0.2575205687577855
667,Taz-d2zn6Vg,UgwZN7H2r1ZQLfeUs-F4AaABAg,0.028580000000000015,neutral,0.4019,sympathetic,
668,6Krjoo3fHtY,UgwZPScg6ZKMFRkxNTd4AaABAg,0.0,neutral,-0.05005833333333332,inflammatory,0.30713282426732613
669,qYbQZNOX9zc,UgwZQPlWr_ykXvVU76l4AaABAg,0.4404,sympathetic,-0.07162857142857142,inflammatory,0.2115142289483595
670,Y1vPwS2h088,UgwZU-60F0WTIQm2cX94AaABAg,0.0,neutral,0.0,neutral,
671,DgOOpBixH80,UgwZXuaAQVWT_GJIHyJ4AaABAg,0.27085,sympathetic,0.12278571428571428,sympathetic,0.36362411190940674
672,eAF4_2edowo,UgwZZzBzpXG8qnQusid4AaABAg,-0.21150000000000002,inflammatory,0.05825,sympathetic,0.5382472359427404
673,mMPRQSnKe9w,UgwZ_gko-bV5ezhIWaJ4AaABAg,-0.4767,inflammatory,0.4201,sympathetic,
674,WcIOWDNlR7s,UgwZbeKGL8rvF0WNfQp4AaABAg,-0.148,inflammatory,0.055400000000000005,sympathetic,0.3029033729315891
675,2ytZhL25V4w,UgwZhRMrBGpT14nvLep4AaABAg,-0.34,inflammatory,-0.34,inflammatory,
676,DgOOpBixH80,UgwZjLZFb1fP_T1g-BZ4AaABAg,-0.306775,inflammatory,-0.21456666666666668,inflammatory,0.4867177450364157
677,yySFCBFXevg,UgwZxGjQpzu1bfiZxAN4AaABAg,0.11865,sympathetic,-0.1283625,inflammatory,0.34560561312199284
678,QnC9ZTG-s5Q,Ugw_-UiyEi8MGjjXaEd4AaABAg,-0.1531,inflammatory,0.07226153846153846,sympathetic,0.4858442197839096
679,RuHOwKXtDek,Ugw_0LYHta1oJtUOTbt4AaABAg,-0.6124,inflammatory,-0.024184000000000015,neutral,0.44010601533418436
680,3L2BXNMGTew,Ugw_7PDgr_5TMdVBdU94AaABAg,-0.5423,inflammatory,-0.6675,inflammatory,0.21146392127263697
681,ZSDPc8de7cw,Ugw_7SntwXqNW1D6_jN4AaABAg,-0.12055,inflammatory,0.1806,sympathetic,0.25540696936458096
682,mMPRQSnKe9w,Ugw_FsPzH6uraoU71At4AaABAg,0.06392857142857143,sympathetic,0.1406,sympathetic,
683,2ytZhL25V4w,Ugw_GR-XxYY42EMh55R4AaABAg,-0.5574,inflammatory,-0.1779,inflammatory,
684,OqB0y-8Ej0c,Ugw_HRkSJxnBek6hjn14AaABAg,-0.3833,inflammatory,-0.010216666666666688,neutral,0.3288851374973741
685,xXAIcenT5KQ,Ugw_Jf2eq3qYfEHwNKZ4AaABAg,-0.4909,inflammatory,-0.19783636363636362,inflammatory,0.3744335836239246
686,p8hpDXwUFvw,Ugw_MBT4NXD9gnZkZsV4AaABAg,-0.6908,inflammatory,0.148,sympathetic,0.20930360723121805
687,xEXaGltX3UA,Ugw_PopRtxNeAoeD9at4AaABAg,-0.30210000000000004,inflammatory,-0.08158888888888889,inflammatory,0.34981613975628245
688,2EM-F3VfwUI,Ugw_QjUUpJBESNoh8z54AaABAg,-0.4767,inflammatory,0.08877142857142858,sympathetic,0.43677707019441747
689,wu2Lp8LpiVg,Ugw_QwFW6aqX_242z8Z4AaABAg,0.0,neutral,0.0,neutral,
690,fpVuA8E0KZs,Ugw_VD3mP8jXH12DXUt4AaABAg,0.0,neutral,-0.18534,inflammatory,0.25502915127490816
691,eAF4_2edowo,Ugw_WGu55IY1W4iaV4t4AaABAg,0.4168,sympathetic,0.11966666666666666,sympathetic,0.3025757932595842
692,6GfCWFftDSA,Ugw_XllcdB7TDyUJYBJ4AaABAg,-0.45660000000000006,inflammatory,-0.08037142857142857,inflammatory,0.3338693492684711
693,Bn7WbKVar1I,Ugw_ZerBzjZR_EcdxRV4AaABAg,-0.2235,inflammatory,0.1908857142857143,sympathetic,0.2395660968540932
694,zx3JMdSDTJs,Ugw_grUIh-sXVIV8FtZ4AaABAg,-0.01453636363636364,neutral,0.20068666666666662,sympathetic,0.2815592322018499
695,p8UbRG5hbiM,Ugw_iFyv-Uh5MfM299V4AaABAg,0.07655,sympathetic,0.12141249999999999,sympathetic,0.44393050111636684
696,Bngr9lb8MPY,Ugw_ihIxGIHvpVc4skh4AaABAg,0.24354999999999996,sympathetic,-0.6597,inflammatory,
697,zfQxhG5oWdU,Ugw_kAzGdSfXujnC6Ih4AaABAg,0.5448,sympathetic,0.0,neutral,0.0
698,IJAwKvrhY58,Ugw_prYZv1NAELzUkEt4AaABAg,0.026899999999999997,neutral,0.012766666666666667,neutral,0.2777468895715426
699,GPcb8SYe8tA,Ugw_tCSTYnVrjKbrLJh4AaABAg,-0.6249,inflammatory,-0.244,inflammatory,0.23078960115221828
700,QnC9ZTG-s5Q,Ugwa1Q7ZtBJwbTVzvrh4AaABAg,0.3689,sympathetic,0.01673333333333334,neutral,0.3247419632056607
701,fo6qLarJ52U,Ugwa6eiSo_BwM21QnyB4AaABAg,-0.10973333333333331,inflammatory,-0.01485000000000001,neutral,0.29565232114766155
702,8zjWbdItFTo,Ugwa8CrqIOp93o778yt4AaABAg,0.0,neutral,-0.3404,inflammatory,0.4813982966318015
703,RuHOwKXtDek,UgwaApQskkEVEkk-r-14AaABAg,0.11545,sympathetic,-0.19449999999999998,inflammatory,0.3298299076797009
704,OqB0y-8Ej0c,UgwaFSYY0-JVVHb31Rx4AaABAg,0.8548,sympathetic,0.2106,sympathetic,0.28465442908902716
705,fo6qLarJ52U,UgwaLjSG4h4r3N21aeV4AaABAg,-0.14084999999999998,inflammatory,-0.23519411764705883,inflammatory,0.4562159390992771
706,54oSf8j9Eh0,UgwaMjncdZxcOhLBwNN4AaABAg,0.54055,sympathetic,0.19735,sympathetic,0.2790950465343303
707,7bTckdh1-W0,UgwaNgg2bVsgn4aFafJ4AaABAg,0.0,neutral,-0.15832000000000002,inflammatory,0.22058144074241606
708,DgOOpBixH80,UgwaURmvninWOKfpMYd4AaABAg,-0.5501199999999999,inflammatory,-0.017016666666666666,neutral,0.4277098333159427
709,mgeeD8rYAwc,UgwadhQXVRk0oy3WDC94AaABAg,0.0516,sympathetic,0.5033666666666666,sympathetic,0.13911809132292366
710,eE61i2y1mJ0,UgwadkstNkVRUD6Y11Z4AaABAg,0.3612,sympathetic,0.0,neutral,
711,eE61i2y1mJ0,Ugwae8fhfTf2nGAGlT14AaABAg,0.0,neutral,0.0,neutral,0.0
712,WcIOWDNlR7s,Ugwai2BG3VT-stt-BhZ4AaABAg,0.0,neutral,0.3612,sympathetic,
713,Y1vPwS2h088,Ugwb07Lhe8Qr1YMtpOJ4AaABAg,0.7351,sympathetic,0.0,neutral,0.0
714,lqvigepgbqI,Ugwb3tln-Qft5P0qSRl4AaABAg,0.0,neutral,-0.180725,inflammatory,0.28140510072542346
715,xHIyM7-R8Yw,Ugwb3zWLdAOCv2tniGF4AaABAg,-0.21426000000000003,inflammatory,-0.26864166666666667,inflammatory,0.33160186823229976
716,ZSDPc8de7cw,Ugwb4vVMkOawOlQ8XhB4AaABAg,-0.5106,inflammatory,0.0,neutral,
717,ZSDPc8de7cw,Ugwb5TRDbsofjfEYXId4AaABAg,0.0,neutral,0.38483333333333336,sympathetic,0.283957326606188
718,46xekr1CEUU,Ugwb6GD3iY_LoQGZgax4AaABAg,-0.37460000000000004,inflammatory,0.10159999999999998,sympathetic,0.30935068773157753
719,7H-oD45q0MM,UgwbBmj1BwQx99Ir_Rh4AaABAg,-0.10826666666666666,inflammatory,0.3182,sympathetic,
720,dR8H-nQkz4k,UgwbEvviWBb5-yZ63Zx4AaABAg,-0.4767,inflammatory,0.0,neutral,
721,VCwKVFgL6zU,UgwbIvFLqqJta9hdN3p4AaABAg,0.34,sympathetic,-0.09518,inflammatory,0.5269768040435936
722,Umco8iQzKbs,UgwbKa87BTqmTQaf3C54AaABAg,-0.9277,inflammatory,-0.3291,inflammatory,0.015414927829866766
723,SFr12qevR18,UgwbWgycmQX4IffdM2Z4AaABAg,0.3825,sympathetic,0.0,neutral,0.0
724,Bn7WbKVar1I,UgwbXAZ53qIuSXqbr_J4AaABAg,0.13956666666666664,sympathetic,-0.1472,inflammatory,0.2081722363813196
725,JnSffnEqQgQ,UgwbXzzzHQTi6QsYwUR4AaABAg,-0.7391,inflammatory,0.1531,sympathetic,
726,mgeeD8rYAwc,UgwbZPcM9AFexacikEp4AaABAg,-0.3953,inflammatory,0.09484000000000004,sympathetic,0.44111875158510316
727,t5mmdQiyhxc,UgwbaBoOH42oelvVIql4AaABAg,0.006,neutral,-0.09531363636363638,inflammatory,0.4260346188654878
728,fo6qLarJ52U,Ugwbdzdws2l3yqmGHp14AaABAg,0.0,neutral,-0.0441,neutral,0.33014907888060857
729,IOueE_uol8M,UgwbecvALFfEQbpyiUt4AaABAg,-0.8848,inflammatory,0.14455,sympathetic,0.41839508242808016
730,usjbT_SKy68,UgwbqO9dHpqxpYAhgrh4AaABAg,-0.7579,inflammatory,0.1594,sympathetic,0.3706653746979882
731,eAF4_2edowo,UgwbqXtVQjQ8luVoG0B4AaABAg,0.0,neutral,-0.05673846153846154,inflammatory,0.2671676394403008
732,qYbQZNOX9zc,Ugwbu5UVy6LLovWI4D54AaABAg,0.13573333333333334,sympathetic,0.01112857142857144,neutral,0.33131464759996004
733,eE61i2y1mJ0,Ugwbvb_Laz49ae5RMm54AaABAg,-0.1366,inflammatory,0.09227500000000001,sympathetic,0.3693930108009238
734,vMKNBsd_XYg,Ugwc-oSGMOTKzeE8hUh4AaABAg,-0.19313333333333335,inflammatory,0.2202,sympathetic,0.31140982643455556
735,iDuNFBjJ774,Ugwc1j0aA5A0j8KD3FJ4AaABAg,-0.068,inflammatory,0.0,neutral,
736,eE61i2y1mJ0,Ugwc4FAzl0RC002l1xZ4AaABAg,-0.005850000000000005,neutral,0.05659000000000001,sympathetic,0.43455455468790105
737,IJAwKvrhY58,UgwcJ_TsgD_mILfGigJ4AaABAg,-0.34,inflammatory,-0.049425000000000004,neutral,0.5271975412499569
738,Bn7WbKVar1I,UgwcM2neiFgBVUoX3NV4AaABAg,-0.059199999999999996,inflammatory,-0.03647857142857142,neutral,0.22394900236290552
739,6Krjoo3fHtY,UgwcT5M1XNbT9QzKoJh4AaABAg,-0.2342,inflammatory,-0.10381111111111112,inflammatory,0.2750261644118812
740,Bn7WbKVar1I,UgwcUpJZLY0bFtnL6AN4AaABAg,0.0,neutral,0.0,neutral,
741,Djzvi2sVsdY,UgwcXh1jedTd3WdZk6l4AaABAg,0.0,neutral,0.5212399999999999,sympathetic,0.41984911932740787
742,eAF4_2edowo,Ugwc_U5hrQk0QIpHZ9V4AaABAg,-0.28595,inflammatory,0.29702,sympathetic,0.2768682033025822
743,7H-oD45q0MM,UgwcaakVSWNt6vjizWp4AaABAg,-0.128,inflammatory,0.0,neutral,
744,mja0Lze2l0c,Ugwcb0xFunVs_E5Sz4l4AaABAg,-0.39495,inflammatory,0.10724000000000003,sympathetic,0.23012641743181075
745,lP_9nYehuss,UgwcdgPbAPrpBv5nkYF4AaABAg,-0.3182,inflammatory,-0.025424999999999996,neutral,0.2967063134289047
746,VCwKVFgL6zU,UgwcoFaEdq2p8xN1iuF4AaABAg,-0.22935714285714287,inflammatory,-0.11193333333333334,inflammatory,0.4835397863671613
747,d6Pee6Fyvoo,UgwcpsdguIaXz83HHvV4AaABAg,-0.5267,inflammatory,-0.28540000000000004,inflammatory,0.3548876441917921
748,qYbQZNOX9zc,UgwcriiBtHt_J38Vicp4AaABAg,-0.12850000000000003,inflammatory,-0.504,inflammatory,0.338928915851097
749,xEXaGltX3UA,UgwcwFftWTwCfFjErIt4AaABAg,0.2263,sympathetic,0.07801249999999998,sympathetic,0.30924271760682925
750,tKdJkhBFqtI,Ugwd1cRCHE-9TsdZiu14AaABAg,0.0,neutral,-0.1457625,inflammatory,0.44836181797899405
751,qYbQZNOX9zc,Ugwd4256RteyI_UD-Fp4AaABAg,-0.88,inflammatory,0.2739428571428571,sympathetic,0.49932922959086773
752,7bTckdh1-W0,Ugwd5wGXNtZvyEUKt-d4AaABAg,0.0,neutral,0.01658333333333334,neutral,0.1986465646988809
753,wHOGG1-RN5U,Ugwd7Sve5UZXjSwsh9V4AaABAg,-0.7133,inflammatory,0.0,neutral,
754,bd04zIyOCas,UgwdEKt7-cmROfOT1M14AaABAg,-0.2860714285714286,inflammatory,-0.057874999999999996,inflammatory,0.41316691844822234
755,OLgwMqMkgsg,UgwdHLpNsfNDvlWpP3d4AaABAg,0.0,neutral,0.0,neutral,
756,6GfCWFftDSA,UgwdHU25GblvBkuJeWJ4AaABAg,0.1141,sympathetic,-0.02339354838709677,neutral,0.3385485833529991
757,mgeeD8rYAwc,UgwdLllTR2sAvJMN1ih4AaABAg,0.05528333333333332,sympathetic,-0.4404,inflammatory,
758,UGdWOPXE4Pc,UgwdPaBhIADtnjQkic14AaABAg,-0.1441,inflammatory,-0.08602222222222222,inflammatory,0.2863847838912613
759,7H-oD45q0MM,UgwdUVQ8MOegDQNGzBl4AaABAg,0.7579,sympathetic,-0.2165,inflammatory,0.34266394616300094
760,tKdJkhBFqtI,UgwdVtgvcxQyssaqJfl4AaABAg,-0.296,inflammatory,-0.04096666666666666,neutral,0.2785337729372628
761,xXAIcenT5KQ,UgwdZMX-BxENuJtlNoR4AaABAg,-0.08524999999999999,inflammatory,-0.33661538461538465,inflammatory,0.3036891635816515
762,Sy8scM6B_nU,UgwdcGjhUjJLMwXCmCd4AaABAg,0.0,neutral,-0.13810000000000003,inflammatory,0.38360427526293295
763,lhdAgnXWzFA,UgwddKPCI_LFtV4NFOJ4AaABAg,0.09973333333333333,sympathetic,0.0,neutral,0.0
764,46xekr1CEUU,UgwdgW-weGFt4dJ4YoZ4AaABAg,-0.7003,inflammatory,-0.2021888888888889,inflammatory,0.5037873620001906
765,OLgwMqMkgsg,UgwdhRpG8du1oxMJEXJ4AaABAg,-0.41273333333333334,inflammatory,-0.21572,inflammatory,0.41268248933047785
766,VCwKVFgL6zU,UgwdiPDuZJB7xkVzqSB4AaABAg,0.0,neutral,0.11843999999999999,sympathetic,0.2428843355271073
767,8zjWbdItFTo,UgwdiX7VPU-YJ1M4ueh4AaABAg,-0.5859,inflammatory,-0.06018,inflammatory,0.35368060025961273
768,BMteNzu1jIA,Ugwdkj9BDJ3vZMziNvR4AaABAg,0.6808,sympathetic,0.3161,sympathetic,0.44703290706613535
769,RuHOwKXtDek,UgwdqA88a2tLRvDfMMh4AaABAg,-0.3182,inflammatory,0.31023333333333336,sympathetic,0.27245385542020384
770,zx3JMdSDTJs,UgwdtmU6hkFFhWRf3bl4AaABAg,-0.6124,inflammatory,0.0,neutral,
771,eE61i2y1mJ0,Ugwdye2kh59pZSquJ1l4AaABAg,-0.33257500000000007,inflammatory,-0.13442,inflammatory,0.3152320443384171
772,xHIyM7-R8Yw,Ugwe7KRatsdrKpCufYB4AaABAg,-0.3760666666666667,inflammatory,-0.13713125,inflammatory,0.2615947622277633
773,DgOOpBixH80,UgweE-qGvqBT150uQWt4AaABAg,-0.11171428571428572,inflammatory,-0.09815000000000002,inflammatory,0.22051573963908208
774,6Krjoo3fHtY,UgweJ4At1Qrnf2em_aR4AaABAg,0.0,neutral,-0.1135625,inflammatory,0.5546008138098713
775,Taz-d2zn6Vg,UgweJc8SNpeP1IaQBt94AaABAg,0.12674999999999997,sympathetic,0.7783,sympathetic,
776,RuHOwKXtDek,UgweLhFoNBGBfeAnlIR4AaABAg,-0.1787,inflammatory,0.0,neutral,
777,6Krjoo3fHtY,UgweNGU2Wz-9LNSna454AaABAg,0.3612,sympathetic,0.17161666666666667,sympathetic,0.19457381547029054
778,xXAIcenT5KQ,UgweQ7-Oc9EEAN8XEsR4AaABAg,-0.1591,inflammatory,0.09866666666666667,sympathetic,0.17089567968012923
779,Djzvi2sVsdY,UgwebyLpkWYo6UCo7914AaABAg,0.4404,sympathetic,-0.222825,inflammatory,0.2727983183599195
780,qYbQZNOX9zc,UgwedQvwayDFcAreooJ4AaABAg,-0.8225,inflammatory,0.0,neutral,0.0
781,WcIOWDNlR7s,Ugwedt6VzpqxpLr7KjR4AaABAg,-0.22135,inflammatory,-0.016642105263157892,neutral,0.25323674982511585
782,Bn7WbKVar1I,UgweeSwbtAj4Ga1sKDB4AaABAg,0.0,neutral,-0.09824615384615386,inflammatory,0.42907748060108486
783,fo6qLarJ52U,UgwefYDgXxd7L2n5twp4AaABAg,-0.5859,inflammatory,-0.20768333333333333,inflammatory,0.5061193630623775
784,OybJv6v8qKo,UgwesUHViE0a1hpmP8h4AaABAg,0.1038,sympathetic,-0.3593,inflammatory,0.33315952635336726
785,UGdWOPXE4Pc,Ugwet1fXWE_vlk1pYKp4AaABAg,0.0,neutral,-0.020114285714285713,neutral,0.34351860515540067
786,qRw6gOjwCbQ,UgweyBtGmO_NMGWKRv14AaABAg,-0.3712,inflammatory,-0.3367,inflammatory,0.29639627190637874
787,GPcb8SYe8tA,Ugweyf7BzrHBiwcBagN4AaABAg,0.011399999999999993,neutral,0.0086,neutral,0.014895636945092345
788,lZqHWBKkcos,Ugweyj9nZsv3VxAXIB94AaABAg,0.21075,sympathetic,0.69455,sympathetic,0.3121876438938607
789,kJZNjjiWALs,Ugwf-C6SMrN8y-6p8R94AaABAg,0.26335,sympathetic,0.0,neutral,
790,xHIyM7-R8Yw,Ugwf1BME1UMX2A8IbYt4AaABAg,-0.23954999999999999,inflammatory,0.125,sympathetic,0.1767766952966369
791,8zjWbdItFTo,Ugwf2SmK5fmzB9smx3B4AaABAg,-0.22335,inflammatory,-0.14082857142857144,inflammatory,0.5073874282842967
792,3L2BXNMGTew,UgwfHH6ZkISubkCok954AaABAg,0.1806,sympathetic,-0.09718333333333333,inflammatory,0.3013001786701539
793,tKdJkhBFqtI,UgwfMPpfdGzh4Az_LFx4AaABAg,0.1916,sympathetic,0.04933333333333333,neutral,0.12084149397730344
794,8QB4UxnzCrg,UgwfN6UuVk-Atgqz_1p4AaABAg,0.21315,sympathetic,-0.09393076923076923,inflammatory,0.32264538941025067
795,lP_9nYehuss,UgwfZqFO4PqmwaUVfAR4AaABAg,-0.13775,inflammatory,0.0,neutral,
796,2EM-F3VfwUI,UgwfaMMdc4h9ZBCbdIJ4AaABAg,0.0,neutral,0.0,neutral,
797,TybnJ6mrvI4,Ugwfag1G-YwYUa9x3Hh4AaABAg,0.3268,sympathetic,-0.01935,neutral,0.027365032431919387
798,xEXaGltX3UA,Ugwfk5ftqEBZbbt86Vl4AaABAg,-0.3592,inflammatory,-0.1089,inflammatory,0.4278835489108823
799,LRt16Fm8HtE,Ugwfl_fK7roRvRzSLSh4AaABAg,0.0,neutral,0.0,neutral,
800,lhdAgnXWzFA,Ugwfp-S5tNKe7wXbCxJ4AaABAg,-0.2601111111111111,inflammatory,0.08231666666666666,sympathetic,0.20163383066010196
801,DgOOpBixH80,UgwfsTBcoyYqYx9dRe94AaABAg,-0.2695,inflammatory,0.02080666666666667,neutral,0.3772565581493139
802,qYbQZNOX9zc,Ugwfsdt2up1r33CeoyR4AaABAg,-0.01815,neutral,0.15233750000000001,sympathetic,0.3812547927099222
803,p8hpDXwUFvw,Ugwfudd_Gn_74WtcPzd4AaABAg,0.0,neutral,0.0,neutral,
804,iDuNFBjJ774,UgwfzltY0s8byJUyGux4AaABAg,0.1789333333333333,sympathetic,0.659,sympathetic,
805,Vm87-9F7OF4,Ugwg6E5hOMvjxLliCVJ4AaABAg,-0.258,inflammatory,0.23889999999999997,sympathetic,0.49036328165962834
806,Y1vPwS2h088,UgwgBnB0-O-MzgH9IeF4AaABAg,-0.0258,neutral,0.22832000000000002,sympathetic,0.21175899508639534
807,Tss1BYWFbtI,UgwgEcK0Qk6G2uu3OXB4AaABAg,-0.24385,inflammatory,-0.04633333333333334,neutral,0.37340863764335536
808,kzEZ-0ym5Xg,UgwgIX704NybFS2zrkR4AaABAg,0.2648,sympathetic,0.0,neutral,0.0
809,xHIyM7-R8Yw,UgwgKbeXuvzeeqYGp4R4AaABAg,0.0,neutral,-0.8873,inflammatory,
810,IJAwKvrhY58,UgwgOkGYOJ0lJVzJEFp4AaABAg,0.0,neutral,0.49245,sympathetic,0.6964294687906306
811,dR8H-nQkz4k,UgwgP69eQ9O1hJfAAmV4AaABAg,-0.1837,inflammatory,-0.01752000000000001,neutral,0.5405518217525495
812,aGLmGnuYb_8,UgwgWrnYdbFG4_H4Ehp4AaABAg,0.3612,sympathetic,-0.58985,inflammatory,0.06894291116568833
813,_BS6EnE31XM,UgwgcDxW3CQe8B2eSwZ4AaABAg,-0.3252,inflammatory,-0.003769999999999993,neutral,0.22237388460778293
814,aGLmGnuYb_8,UgwgcF60AiUhSMV0r2Z4AaABAg,0.0,neutral,0.05584761904761906,sympathetic,0.39103869452913176
815,qYbQZNOX9zc,Ugwgcn0A1YHywRv1gN54AaABAg,-0.28545,inflammatory,-0.1376666666666667,inflammatory,0.4776032322964324
816,fo6qLarJ52U,UgwgdHji84UWr1mEsTZ4AaABAg,-0.6908,inflammatory,-0.06743333333333333,inflammatory,0.1167979594570613
817,zfQxhG5oWdU,UgwgdeyzQx9njqxhur94AaABAg,-0.7269,inflammatory,-0.2491375,inflammatory,0.29764725977236883
818,eAF4_2edowo,Ugwggsemg0fsMt9qnI54AaABAg,0.4939,sympathetic,0.030018750000000004,neutral,0.34872288371284155
819,lP_9nYehuss,Ugwgikv7YVwlkE3YDzZ4AaABAg,-0.17822500000000002,inflammatory,-0.07755999999999999,inflammatory,0.32887287378424984
820,WcIOWDNlR7s,UgwgkpW_XyykX7-X1-t4AaABAg,-0.32065000000000005,inflammatory,-0.4019,inflammatory,
821,gc-7CsqGK9o,UgwglYqsK2A_uIChh1h4AaABAg,-0.8271,inflammatory,0.10963749999999998,sympathetic,0.3859817720992238
822,WcIOWDNlR7s,UgwgpWwITufAZOgG7_R4AaABAg,-0.18202,inflammatory,-0.08651176470588234,inflammatory,0.3209012754772738
823,OybJv6v8qKo,UgwgwnawI5KlgeRf_TR4AaABAg,-0.6053499999999999,inflammatory,0.048,neutral,0.4507196246004827
824,OqB0y-8Ej0c,Ugwh57po2qydW9s_Kt94AaABAg,-0.19105,inflammatory,-0.15924,inflammatory,0.5365798943307512
825,GPcb8SYe8tA,Ugwh8Qz-Zu9R-Gif-pp4AaABAg,0.0772,sympathetic,0.1346333333333333,sympathetic,0.3910379350736533
826,RuHOwKXtDek,UgwhA7U0Mg0xGMygOi54AaABAg,0.4588,sympathetic,0.24158,sympathetic,0.3561541688651138
827,Sy8scM6B_nU,UgwhCISKs9QjvUQRvdJ4AaABAg,-0.49189999999999995,inflammatory,0.10016666666666667,sympathetic,0.32043038635560145
828,6GfCWFftDSA,UgwhRfssNQoj1odLS1d4AaABAg,0.0,neutral,-0.196275,inflammatory,0.2610850301234168
829,2EM-F3VfwUI,UgwhVlWCRmrI7C4AGZp4AaABAg,0.0,neutral,-0.19125,inflammatory,0.3825
830,xXAIcenT5KQ,UgwhVv4LUIeNQE7H7t94AaABAg,-0.33525,inflammatory,-0.19716666666666668,inflammatory,0.34150268422566366
831,54oSf8j9Eh0,Ugwhc2n3QTCBpyPQYKd4AaABAg,0.17,sympathetic,-0.06299,inflammatory,0.39785988167248587
832,8zjWbdItFTo,UgwhcvqxxuyGIoAiY8V4AaABAg,-0.04315555555555556,neutral,-0.10492857142857141,inflammatory,0.2880783615285125
833,eAF4_2edowo,UgwhhS9QRSxO2-VuT4Z4AaABAg,0.1806,sympathetic,-0.02225555555555556,neutral,0.3607603952456225
834,7bTckdh1-W0,UgwhtbmmRpaGa1WqXk94AaABAg,0.0,neutral,-0.051785714285714275,inflammatory,0.46973002327071317
835,rdmy9RjkNtA,UgwhuNYWOeHdAaentWh4AaABAg,-0.5267,inflammatory,0.0,neutral,
836,SFr12qevR18,UgwhwgB_flfZo3dFjB94AaABAg,0.07926666666666667,sympathetic,0.017031249999999984,neutral,0.43207935030308187
837,WcIOWDNlR7s,Ugwhx2AFiTO6-HO_5ud4AaABAg,0.0,neutral,-0.04035454545454545,neutral,0.33614172119401176
838,6GfCWFftDSA,UgwhxpECTDTce_9hmsF4AaABAg,-0.8738,inflammatory,-0.15319090909090913,inflammatory,0.3441950303375848
839,lqvigepgbqI,Ugwi0jjt9N7xAE-43uB4AaABAg,0.0,neutral,-0.05711111111111111,inflammatory,0.5160135231862738
840,tKdJkhBFqtI,Ugwi1kaKfwC5Lcf_Tyh4AaABAg,0.0,neutral,0.041314285714285706,neutral,0.39730154554851416
841,46xekr1CEUU,Ugwi2BZBDiPQYJxoLmF4AaABAg,0.0,neutral,0.1785222222222222,sympathetic,0.37658887323504986
842,qYbQZNOX9zc,Ugwi62_T-4T2vc5Qrm54AaABAg,-0.7269,inflammatory,-0.06582999999999999,inflammatory,0.49111359638637125
843,aGLmGnuYb_8,UgwiJU405QWf_E9niyZ4AaABAg,-0.5106,inflammatory,0.0012124999999999983,neutral,0.28672450409757444
844,_BS6EnE31XM,UgwiLEXcC1eGI7xS8At4AaABAg,-0.29295,inflammatory,0.012533333333333322,neutral,0.29672269658161754
845,xHIyM7-R8Yw,UgwiOPaXPdHfGPRjBk94AaABAg,0.0,neutral,-0.04012000000000001,neutral,0.42494750996119773
846,46xekr1CEUU,UgwiPuEJJlqFF-xy3fx4AaABAg,-0.56225,inflammatory,-0.29915,inflammatory,0.4230619871839114
847,46xekr1CEUU,UgwiaD6R67B9PrUOPcB4AaABAg,0.0202,neutral,-0.18673333333333333,inflammatory,0.7943217505100395
848,p8hpDXwUFvw,UgwimOKS4TIgSnLLZUd4AaABAg,0.07356666666666667,sympathetic,0.28691666666666665,sympathetic,0.2684549287829873
849,kJZNjjiWALs,UgwiuyA-IqgFQAqQ3JV4AaABAg,0.1191,sympathetic,0.0,neutral,0.0
850,RuHOwKXtDek,Ugwix6b3O3Ih4hrPXhN4AaABAg,0.08360000000000001,sympathetic,-0.0617111111111111,inflammatory,0.33418064517729196
851,qRw6gOjwCbQ,Ugwiy5NNW3YWs0k8Wnp4AaABAg,0.0,neutral,0.8442,sympathetic,
852,OqB0y-8Ej0c,Ugwj3LbeZmZSUOrJB4l4AaABAg,-0.10930000000000001,inflammatory,-0.11039166666666667,inflammatory,0.34258077072377685
853,_BS6EnE31XM,Ugwj9BP4590FLfzhSel4AaABAg,0.4926,sympathetic,-0.4112,inflammatory,0.3853716197819104
854,Taz-d2zn6Vg,UgwjIvo7onN9n_HHJjh4AaABAg,0.18583333333333338,sympathetic,-0.218875,inflammatory,0.4714033198864853
855,VCwKVFgL6zU,UgwjMB7UbKRZW9gHfGF4AaABAg,0.7269,sympathetic,0.12560000000000002,sympathetic,0.21028656043599173
856,IJAwKvrhY58,UgwjO6SX-Kn1OeXuhIJ4AaABAg,0.0516,sympathetic,-0.09295833333333332,inflammatory,0.43033497197655296
857,SFr12qevR18,UgwjPfMg-MXQ9kXLa_R4AaABAg,-0.7046666666666667,inflammatory,-0.5288666666666667,inflammatory,0.4599981014453574
858,46xekr1CEUU,UgwjQQkPsYDCowdsGBB4AaABAg,0.47046666666666664,sympathetic,0.06275,sympathetic,0.5073491155013479
859,xQEZ2SRu6bA,UgwjSj5kCk0uwjMy0Tp4AaABAg,-0.296,inflammatory,0.20095,sympathetic,0.28418621535887345
860,eE61i2y1mJ0,UgwjZ0pnfGsCF8TZz1t4AaABAg,0.0,neutral,0.0,neutral,
861,E-iDenM-qVs,UgwjZeAFcQIOMzXORkl4AaABAg,0.6597,sympathetic,-0.05516666666666664,inflammatory,0.4465132958080121
862,qRw6gOjwCbQ,Ugwja4f9Zb-SqWyVBnZ4AaABAg,-0.4019,inflammatory,-0.0065333333333333354,neutral,0.4117388776073172
863,CJHJd1gOB48,UgwjbkriwRMXPTwluS54AaABAg,-0.296,inflammatory,-0.20606666666666665,inflammatory,0.47212711565142423
864,nihE9Yt3b-U,UgwjdxCwwXKprC_2AVh4AaABAg,0.3182,sympathetic,0.34,sympathetic,
865,DgOOpBixH80,UgwjfqtdG63bPvVurpt4AaABAg,-0.0258,neutral,0.26046,sympathetic,0.23789152570026534
866,4pM7DLEL7xA,UgwjhBoli0SJRN9ENZV4AaABAg,-0.2058,inflammatory,0.023020000000000006,neutral,0.25197698704445215
867,z_1OsbwBfJ0,UgwjlmX4gaT2xJyQ7d14AaABAg,-0.1631,inflammatory,-0.32919999999999994,inflammatory,0.43734679317447844
868,usjbT_SKy68,Ugwjm8rycw-NS7Hm2jh4AaABAg,-0.5267,inflammatory,0.0,neutral,
869,kin9OECNFRk,UgwjnZFe3CgHxZLQlwp4AaABAg,-0.044233333333333326,neutral,0.0,neutral,
870,usjbT_SKy68,Ugwjsy3pRwyyByrfFpt4AaABAg,-0.6369,inflammatory,0.4588,sympathetic,
871,p8UbRG5hbiM,Ugwju1HfwL8eII30Zbh4AaABAg,0.7964,sympathetic,-0.15278,inflammatory,0.4293213718017242
872,aGLmGnuYb_8,UgwjyRsyrgebJDi9lfB4AaABAg,-0.4588,inflammatory,0.0,neutral,
873,7bTckdh1-W0,Ugwk-hMEjPqyH5o73WF4AaABAg,0.009866666666666654,neutral,-0.10515714285714285,inflammatory,0.24802836435337294
874,lP_9nYehuss,Ugwk0yVoRtZIfnUoGlJ4AaABAg,0.3612,sympathetic,0.22837272727272726,sympathetic,0.4741585285343059
875,Tss1BYWFbtI,Ugwk3W7tdUrw2_3CD4B4AaABAg,-0.28446666666666665,inflammatory,-0.04016249999999999,neutral,0.28738862656439873
876,lqvigepgbqI,Ugwk5SBzpVyHA_vo4ol4AaABAg,0.2732,sympathetic,-0.1052125,inflammatory,0.33435441178272407
877,IJAwKvrhY58,Ugwk7pGgtbXuBLTNJId4AaABAg,0.0,neutral,-0.11383999999999998,inflammatory,0.156090127810826
878,tKdJkhBFqtI,UgwkBYpadKSOscpRSfp4AaABAg,-0.8591,inflammatory,0.4534666666666667,sympathetic,0.48518051795182376
879,DgOOpBixH80,UgwkCjN3P80IqnycY1h4AaABAg,-0.3182,inflammatory,0.17865714285714285,sympathetic,0.5861757127265477
880,psP1uxfO6CQ,UgwkCxKFbkDh0iL4QIZ4AaABAg,0.7003,sympathetic,0.12766000000000002,sympathetic,0.3459305754049503
881,IoqeVMg760U,UgwkFAZ5Ud_tcxjcFWJ4AaABAg,-0.21315,inflammatory,-0.21480000000000002,inflammatory,0.3736818432838288
882,50AKW9lBuNM,UgwkFylptCFZZtOvUet4AaABAg,0.13196666666666665,sympathetic,0.09994166666666665,sympathetic,0.4643876602744215
883,aGLmGnuYb_8,UgwkLE36AmikVhhJc594AaABAg,-0.0663,inflammatory,0.70935,sympathetic,0.012798632739476514
884,qYbQZNOX9zc,UgwkQF76kvGljJiiXCZ4AaABAg,-0.5574,inflammatory,-0.2280125,inflammatory,0.5244840605980592
885,LRt16Fm8HtE,UgwkUuZezKYC_UM3OwB4AaABAg,0.0,neutral,0.0,neutral,
886,zfQxhG5oWdU,UgwkUzcEfr6Sigh90HV4AaABAg,0.28445,sympathetic,-0.2969,inflammatory,0.26485998187721754
887,lP_9nYehuss,Ugwkc3nipnUDOBlibPV4AaABAg,-0.2202,inflammatory,-0.14336666666666667,inflammatory,0.3276750870399925
888,vMKNBsd_XYg,Ugwkf4Vz2bRNxVNb1rx4AaABAg,-0.6908,inflammatory,0.0,neutral,
889,zx3JMdSDTJs,UgwkiMaxX2ZtATCul8J4AaABAg,-0.10175000000000001,inflammatory,-0.022045454545454538,neutral,0.37013235838990455
890,Y1vPwS2h088,Ugwkifk77A87tIEHFxh4AaABAg,-0.5859,inflammatory,0.1078,sympathetic,0.19832075030112206
891,7H-oD45q0MM,UgwkjHMWNi2MQwfOtlh4AaABAg,-0.12139999999999998,inflammatory,-0.08080714285714287,inflammatory,0.3173796662353821
892,mgeeD8rYAwc,UgwkjSsJNnsV70icRkF4AaABAg,-0.2787,inflammatory,0.0,neutral,
893,lhdAgnXWzFA,UgwkpMRk7HviQGAxll94AaABAg,0.06743333333333333,sympathetic,-0.1378888888888889,inflammatory,0.40865933075253663
894,d6Pee6Fyvoo,UgwktdNFsQ9CZcKoh4Z4AaABAg,-0.6486,inflammatory,-0.42324999999999996,inflammatory,0.32764926878192985
895,rdmy9RjkNtA,UgwkvKFKhlMB1fE4PI14AaABAg,-0.2382,inflammatory,0.01552,neutral,0.33951134296220503
896,2ytZhL25V4w,UgwkwPaDcl7qlrGJs814AaABAg,0.125,sympathetic,-0.09824,inflammatory,0.5033823675894896
897,6Krjoo3fHtY,UgwkwmaF_U2jHv7Pg2R4AaABAg,-0.4466,inflammatory,-0.11175,inflammatory,0.15803836559519338
898,xHIyM7-R8Yw,UgwkzLgh1IfQA-HYR4h4AaABAg,-0.2924,inflammatory,0.25595,sympathetic,0.3617667987345808
899,7bTckdh1-W0,Ugwl-xUTfmw_nRClwLV4AaABAg,-0.3412,inflammatory,-0.1245,inflammatory,0.36065296338724295
900,ZggP67JsVfU,Ugwl6nT1FK5Zm6R8xD94AaABAg,-0.050057142857142856,inflammatory,-0.06222857142857141,inflammatory,0.4025036426927741
901,OqB0y-8Ej0c,Ugwl6pcvSEUePOu4Thd4AaABAg,0.0,neutral,-0.1079,inflammatory,0.43680779144455134
902,iCknHYY2wmw,Ugwl7a_3H5Gra-5mgO14AaABAg,0.2031,sympathetic,0.0,neutral,0.0
903,usjbT_SKy68,UgwlASOKQkXkuGXQh354AaABAg,0.4404,sympathetic,-0.9081,inflammatory,
904,pePQ6YdNww4,UgwlJtUXfzyIGJ0Sg3B4AaABAg,0.22576666666666667,sympathetic,0.07226666666666666,sympathetic,0.4815839525288746
905,50AKW9lBuNM,UgwlO0AUav_xu76T9Ih4AaABAg,0.0,neutral,0.21785,sympathetic,0.30808642456297874
906,Bngr9lb8MPY,UgwlPx2KXmZ9RsJU9rR4AaABAg,-0.08235000000000003,inflammatory,-0.25,inflammatory,
907,z_1OsbwBfJ0,UgwlQDTpbr5166_ukZ54AaABAg,0.1806,sympathetic,0.048466666666666665,neutral,0.3663889463398152
908,Tss1BYWFbtI,UgwlXX-JYJskYcnJb-B4AaABAg,0.5267,sympathetic,-0.0778,inflammatory,0.5780401716143957
909,xXAIcenT5KQ,Ugwl_IdSuqbgKC0MjF94AaABAg,-0.5722,inflammatory,0.016425000000000023,neutral,0.665326342857398
910,aWOy271EIKU,Ugwlbu_o5fRO_HuSS_F4AaABAg,-0.11333333333333334,inflammatory,-0.0491,neutral,0.18140405177393365
911,Djzvi2sVsdY,UgwlfWWiVeOM5wA0glp4AaABAg,0.0516,sympathetic,0.35015,sympathetic,0.49518687886493923
912,54oSf8j9Eh0,UgwljUphgYXU5VWg0MB4AaABAg,0.0,neutral,0.29445714285714286,sympathetic,0.3308060451742222
913,OqB0y-8Ej0c,UgwljdhV1casfOUL4PF4AaABAg,-0.3182,inflammatory,0.31872,sympathetic,0.46748573988946446
914,p8UbRG5hbiM,UgwlkvYgdYvbzcbZYQd4AaABAg,-0.01605000000000001,neutral,-0.0952,inflammatory,0.4287814095117198
915,BMteNzu1jIA,UgwlpXqXfboRWGKqOhZ4AaABAg,0.8625,sympathetic,0.0,neutral,
916,eAF4_2edowo,UgwltZTJa4bMlUa_acd4AaABAg,-0.0258,neutral,0.30107999999999996,sympathetic,0.5819496129391272
917,d6Pee6Fyvoo,UgwlyV3gsGh0WyYVilN4AaABAg,0.12040000000000001,sympathetic,0.1316076923076923,sympathetic,0.47829746577755433
918,aGLmGnuYb_8,Ugwm5s654iFTKkBzc9p4AaABAg,-0.9287,inflammatory,-0.48168666666666676,inflammatory,0.35894235284606174
919,50AKW9lBuNM,Ugwm6U9YgKf_KWRlH194AaABAg,-0.5345,inflammatory,0.05456666666666666,sympathetic,0.330083932760543
920,IoqeVMg760U,UgwmGHCy6bGJQs9MoNd4AaABAg,0.0,neutral,0.0,neutral,
921,6D_RgBOrjI0,UgwmNTX_l_XTwrkxmKN4AaABAg,-0.1366,inflammatory,0.0019000000000000128,neutral,0.6097635935344123
922,z_1OsbwBfJ0,UgwmUdyAUXKnzkggQzR4AaABAg,-0.3182,inflammatory,0.23750000000000002,sympathetic,0.4113620667976084
923,qYbQZNOX9zc,UgwmVWbz_t2D3g27CCF4AaABAg,-0.3111,inflammatory,-0.02627368421052632,neutral,0.2835763523327345
924,mgeeD8rYAwc,UgwmVtxspQkgh34XCTB4AaABAg,0.128,sympathetic,-0.14041666666666666,inflammatory,0.3068803572512693
925,iDuNFBjJ774,UgwmWLDPP2KzexDY1Md4AaABAg,0.04917777777777777,neutral,0.5859,sympathetic,
926,mja0Lze2l0c,Ugwmc9u42HZjHFv6Zhp4AaABAg,-0.23030000000000003,inflammatory,0.0,neutral,
927,2EM-F3VfwUI,Ugwmf4zmKae0RvO7OrN4AaABAg,0.4168,sympathetic,-0.04202727272727272,neutral,0.25339964913515206
928,2EM-F3VfwUI,Ugwmif8dbVJeUTw4M994AaABAg,-0.49135,inflammatory,-0.23420000000000002,inflammatory,0.37231117149644144
929,Sy8scM6B_nU,UgwmnVQIsL_k2e6K3XB4AaABAg,-0.8225,inflammatory,-0.04132857142857145,neutral,0.47117676341363907
930,6D_RgBOrjI0,Ugwmt3ewXUbOmOTNX0F4AaABAg,-0.296,inflammatory,0.43405,sympathetic,0.22747625150771233
931,UGdWOPXE4Pc,UgwmvYoGn2XpYxXsSSt4AaABAg,0.0,neutral,0.1871857142857143,sympathetic,0.3572567070915601
932,RuHOwKXtDek,Ugwn-dtRRIv5O_tgD6J4AaABAg,0.4795,sympathetic,-0.0036124999999999977,neutral,0.5127940534464104
933,VCwKVFgL6zU,Ugwn4P1yjJnenz8TNfx4AaABAg,-0.24964999999999998,inflammatory,0.087225,sympathetic,0.29485776578793804
934,pePQ6YdNww4,Ugwn7XJmghHyHMOhWWB4AaABAg,-0.4132,inflammatory,-0.19171999999999997,inflammatory,0.47960706324147384
935,OqB0y-8Ej0c,UgwnGTXRqL4WgmoEqOl4AaABAg,0.0,neutral,-0.15360454545454547,inflammatory,0.4101378240790036
936,nihE9Yt3b-U,UgwnJI9BxS6OeTHszAt4AaABAg,-0.4767,inflammatory,-0.09641818181818182,inflammatory,0.3069704051474077
937,2EM-F3VfwUI,UgwnKRgTIoVi4VgcdrJ4AaABAg,0.0,neutral,0.2445285714285714,sympathetic,0.29221635657098155
938,Umco8iQzKbs,UgwnLtLx9msrnanyecd4AaABAg,-0.3412,inflammatory,0.0649125,sympathetic,0.3851866947616812
939,UGdWOPXE4Pc,UgwnPPnDs2N4uNoWy7h4AaABAg,-0.7906,inflammatory,0.105375,sympathetic,0.21075
940,7H-oD45q0MM,UgwnRnncUGW684RzbDR4AaABAg,0.1055,sympathetic,-0.2980916666666667,inflammatory,0.33431001251786785
941,DgOOpBixH80,UgwnU2VFSBKyUwzUvgh4AaABAg,0.2424333333333333,sympathetic,0.4203,sympathetic,0.41712486539804045
942,OybJv6v8qKo,UgwnVzeXTEyKMBd3TCV4AaABAg,0.1806,sympathetic,0.62035,sympathetic,0.09963134546918448
943,Djzvi2sVsdY,UgwnW_yXGfX01YhebNZ4AaABAg,0.0,neutral,-0.145925,inflammatory,0.6650343769309974
944,z_1OsbwBfJ0,UgwnhAdL3e2BuaR__DR4AaABAg,0.5023,sympathetic,-0.1492,inflammatory,0.4227912156135697
945,lqvigepgbqI,UgwnhoFMUjEmlv5SWDJ4AaABAg,0.34,sympathetic,-0.4542,inflammatory,0.42716573481495446
946,d6Pee6Fyvoo,Ugwnqk9ivOKz9KojiDl4AaABAg,-0.4019,inflammatory,0.23053333333333334,sympathetic,0.21243816355196948
947,zfQxhG5oWdU,UgwnyV8e6BluxRSAp_Z4AaABAg,-0.12999999999999998,inflammatory,-0.11191666666666668,inflammatory,0.39669304716199233
948,IJAwKvrhY58,UgwnzSUWOKgYb3llQ0t4AaABAg,-0.028874999999999998,neutral,0.07143333333333333,sympathetic,0.4647975078820166
949,IOueE_uol8M,Ugwo-_tuHs7jk3u8jt54AaABAg,0.3646,sympathetic,-0.043413333333333325,neutral,0.2718380580594333
950,usjbT_SKy68,Ugwo5UcUAG2yeae2x3N4AaABAg,0.1706,sympathetic,-0.9081,inflammatory,
951,RuHOwKXtDek,Ugwo9nbF1sjfEnIW9Ml4AaABAg,-0.18593333333333337,inflammatory,-0.12342,inflammatory,0.389452599169655
952,d6Pee6Fyvoo,UgwoISl3owSa1q0wRZh4AaABAg,0.0,neutral,-0.13386,inflammatory,0.24992835062162205
953,mgeeD8rYAwc,UgwoKoEEmNZvfLZeDYV4AaABAg,0.3612,sympathetic,0.043099999999999986,neutral,0.37029319914539793
954,2EM-F3VfwUI,UgwoL11FpEFwL7p1qod4AaABAg,-0.10403333333333335,inflammatory,-0.10902222222222223,inflammatory,0.3432654394844381
955,WcIOWDNlR7s,UgwoLXvstCcbovrbvMV4AaABAg,0.1361,sympathetic,-0.007844444444444439,neutral,0.41193517120753087
956,OqB0y-8Ej0c,UgwoTBeEn8MhQAk4khF4AaABAg,-0.3243,inflammatory,-0.08348749999999999,inflammatory,0.48994140010384335
957,VCwKVFgL6zU,UgwoV_a3cJGjMC8AiZV4AaABAg,-0.706,inflammatory,-0.16475555555555557,inflammatory,0.3602609925842344
958,qYbQZNOX9zc,UgwoXSDueBrIMLSP-mp4AaABAg,-0.5719,inflammatory,0.02386250000000001,neutral,0.32022611180003957
959,fFsTLNhzylo,UgwoXlGe39fZsPOnfh94AaABAg,-0.3276166666666667,inflammatory,-0.4323333333333334,inflammatory,0.16515642080565118
960,p8UbRG5hbiM,Ugwo_pRAn1HhTRY2--h4AaABAg,-0.0258,neutral,0.04614,neutral,0.06380985817254259
961,Djzvi2sVsdY,UgwoaO12hrzc7cizZgd4AaABAg,0.1027,sympathetic,-0.2018,inflammatory,0.4608917515715232
962,lhdAgnXWzFA,UgwobJvWeuThieNKS6F4AaABAg,-0.2553,inflammatory,0.969,sympathetic,
963,4pM7DLEL7xA,Ugwod9fcHMXcFkHZQDB4AaABAg,-0.04316666666666666,neutral,-0.16079375,inflammatory,0.3151000577773516
964,qYbQZNOX9zc,UgwogxD1l9_d1wZx3-x4AaABAg,-0.16512857142857143,inflammatory,-0.13965000000000002,inflammatory,0.2194062875124594
965,qRw6gOjwCbQ,Ugwohp_Tfx3JTrm_EFJ4AaABAg,0.4215,sympathetic,-0.2755444444444444,inflammatory,0.4138199370230702
966,OLgwMqMkgsg,UgwoldquHJt5HeuKeMF4AaABAg,0.3041,sympathetic,0.8625,sympathetic,
967,54oSf8j9Eh0,UgwopIzERBWjJlOQxkZ4AaABAg,0.0,neutral,0.26632500000000003,sympathetic,0.3166155120962964
968,3L2BXNMGTew,UgwouhSnbf_k8lcQDL14AaABAg,0.0,neutral,-0.11525454545454546,inflammatory,0.3979085532220597
969,6GfCWFftDSA,Ugwov-ti5MzpO7j-XnZ4AaABAg,0.0,neutral,0.11191999999999999,sympathetic,0.34711011637359246
970,DgOOpBixH80,UgwozJg22tK2irxLGOV4AaABAg,-0.20789999999999997,inflammatory,-0.07175625000000001,inflammatory,0.29017065776022216
971,WcIOWDNlR7s,Ugwp15OIGg8vhEcsrRt4AaABAg,-0.0172,neutral,0.07880909090909091,sympathetic,0.2714396892664942
972,zx3JMdSDTJs,Ugwp2PoxNl7PuCGYJip4AaABAg,-0.5859,inflammatory,-0.025741666666666677,neutral,0.21600575521934315
973,qYbQZNOX9zc,Ugwp6VWINZBt7xHeV9N4AaABAg,-0.8316,inflammatory,-0.1436625,inflammatory,0.46266358323300094
974,p8UbRG5hbiM,UgwpAfEiH6BiX3ukI8l4AaABAg,-0.5255,inflammatory,-0.34850000000000003,inflammatory,0.4771436576126733
975,lqvigepgbqI,UgwpE05XTS5b87BRXnx4AaABAg,-0.25,inflammatory,-0.058589999999999996,inflammatory,0.3157230694066488
976,kJZNjjiWALs,UgwpE8VjOVdHOo79mSx4AaABAg,-0.2997,inflammatory,0.0,neutral,
977,mja0Lze2l0c,UgwpE8z-qSc7FTQqGeR4AaABAg,-0.8271,inflammatory,0.25843333333333335,sympathetic,0.42029584183842056
978,lhdAgnXWzFA,UgwpJwxyvizMHAOTRO94AaABAg,0.3235666666666667,sympathetic,0.09731428571428571,sympathetic,0.3859579961108524
979,Taz-d2zn6Vg,UgwpJzemcwaztWYDqh54AaABAg,-0.7003,inflammatory,-0.019399999999999997,neutral,0.4531800162660056
980,UGdWOPXE4Pc,UgwpKlx0d9d-Ft6PPYR4AaABAg,-0.15813333333333332,inflammatory,0.24792999999999998,sympathetic,0.4778699080293715
981,psP1uxfO6CQ,UgwpL6YNxD9zKcBMWQl4AaABAg,0.0,neutral,0.0,neutral,0.0
982,xEXaGltX3UA,UgwpPw_a5b11mM2ZzeN4AaABAg,-0.19553333333333334,inflammatory,-0.051122222222222215,inflammatory,0.18777130889580668
983,zx3JMdSDTJs,UgwpXanknd9X1PeaUiN4AaABAg,-0.29295,inflammatory,-0.22502500000000003,inflammatory,0.44759486065605614
984,fpVuA8E0KZs,UgwpY15F7I1QLu46Fhl4AaABAg,-0.14245714285714287,inflammatory,-0.18972352941176474,inflammatory,0.31424915777415335
985,Taz-d2zn6Vg,UgwpYJfgtEnoaYCgB0p4AaABAg,0.0,neutral,0.4019,sympathetic,
986,GpmP2vtnXcc,UgwpbYwtlRzM-jVjLnh4AaABAg,0.0,neutral,0.0,neutral,0.0
987,qRw6gOjwCbQ,Ugwpby_XKSNjUHnwKA94AaABAg,0.13890000000000002,sympathetic,-0.09856428571428573,inflammatory,0.34943839912096064
988,dR8H-nQkz4k,UgwphUc7KUL6y_rWAdN4AaABAg,0.3252,sympathetic,-0.17360714285714288,inflammatory,0.46694785158398694
989,lP_9nYehuss,Ugwpi50RQSfYY1cmXux4AaABAg,-0.7096,inflammatory,0.1548,sympathetic,
990,kzEZ-0ym5Xg,UgwpibyZW8nPe41ImVd4AaABAg,0.4019,sympathetic,0.3612,sympathetic,
991,Sy8scM6B_nU,UgwpjtgxmqSQG7ZjAz14AaABAg,0.0,neutral,-0.1125142857142857,inflammatory,0.4078166026887226
992,Taz-d2zn6Vg,Ugwpr250m6a_-YEs7Hl4AaABAg,0.0,neutral,0.30396666666666666,sympathetic,0.28764770698431325
993,Tss1BYWFbtI,UgwprhtlVWmSlOCDKTR4AaABAg,-0.9363,inflammatory,0.30314,sympathetic,0.4174188759507648
994,yySFCBFXevg,UgwptxaWPHlcBXQ17xx4AaABAg,-0.8555,inflammatory,0.0,neutral,0.0
995,5bjJBcpy9sU,Ugwq95ekKmpSJjObQpR4AaABAg,0.044800000000000006,neutral,0.1977125,sympathetic,0.2922747847855312
996,SFr12qevR18,UgwqChcT1Xtuf84acgt4AaABAg,-0.3149,inflammatory,-0.22188571428571427,inflammatory,0.4179592660717526
997,6Krjoo3fHtY,UgwqEuxa5KTFAPRXwIh4AaABAg,0.0,neutral,0.13555999999999999,sympathetic,0.34796790512919434
998,fpVuA8E0KZs,UgwqL-c4iE5rKHS5yWp4AaABAg,0.18765,sympathetic,0.13486666666666666,sympathetic,0.3393594370280573
999,3L2BXNMGTew,UgwqPROYMCbOkgV2zJd4AaABAg,-0.4588,inflammatory,-0.1404888888888889,inflammatory,0.35276337835879606
1000,lqvigepgbqI,UgwqR0jP3Kh6n3t5Xsd4AaABAg,0.2924,sympathetic,-0.205225,inflammatory,0.4611720340610432
1001,kzEZ-0ym5Xg,UgwqXt2UvHa1M1eRgVR4AaABAg,0.0,neutral,0.4404,sympathetic,
1002,qYbQZNOX9zc,UgwqYDeuqVv4rBe32f94AaABAg,-0.3182,inflammatory,-0.033473333333333334,neutral,0.4312404491143902
1003,UGdWOPXE4Pc,UgwqbC74BQf51FJvpZB4AaABAg,-0.765,inflammatory,0.10879999999999998,sympathetic,0.513267396198122
1004,d6Pee6Fyvoo,UgwqesuK8vVa_rufngV4AaABAg,0.49060000000000004,sympathetic,0.6808,sympathetic,
1005,2EM-F3VfwUI,UgwqiDpvwpLVPNGh-6p4AaABAg,-0.0516,inflammatory,-0.18408888888888889,inflammatory,0.25816078054404606
1006,mja0Lze2l0c,UgwqjDf6Wln4GG7HArZ4AaABAg,-0.244,inflammatory,0.05628,sympathetic,0.533279961183617
1007,Tss1BYWFbtI,UgwqjbTKY9iIfrjYgI54AaABAg,-0.5096,inflammatory,0.0007857142857142943,neutral,0.34382122015456146
1008,lP_9nYehuss,UgwqlfuH2xheyNMCHgx4AaABAg,-0.7003,inflammatory,-0.5106,inflammatory,
1009,fo6qLarJ52U,Ugwqq7x32mTwYxWbSaR4AaABAg,0.4215,sympathetic,0.0,neutral,
1010,lqvigepgbqI,UgwqrFLrm07226hNrJF4AaABAg,-0.5367,inflammatory,-0.13156666666666667,inflammatory,0.3944030901248113
1011,_BS6EnE31XM,UgwqsPxq52C4JWWnkDZ4AaABAg,0.0,neutral,0.23213333333333333,sympathetic,0.506601625211237
1012,DgOOpBixH80,UgwqxWOCVaGLSmeGqIJ4AaABAg,0.25595,sympathetic,-0.050899999999999994,inflammatory,0.3982230354964414
1013,_BS6EnE31XM,UgwqyBkPP_5Z7jPWhZ14AaABAg,-0.2787,inflammatory,0.021437500000000005,neutral,0.2426616688636965
1014,Sy8scM6B_nU,Ugwqz-wf-DzWsqS84gV4AaABAg,-0.23489999999999997,inflammatory,-0.08507777777777778,inflammatory,0.44761185132259895
1015,dR8H-nQkz4k,Ugwr014ykJj7WEyroSN4AaABAg,0.0,neutral,-0.16315555555555555,inflammatory,0.38213539848825545
1016,fpVuA8E0KZs,Ugwr30e--bXd_SFHsUB4AaABAg,0.0,neutral,-0.027899999999999998,neutral,0.36085982042893056
1017,IJAwKvrhY58,Ugwr6INiRax5tIEb9Sp4AaABAg,0.2202,sympathetic,0.09683333333333333,sympathetic,0.1774600537210182
1018,8zjWbdItFTo,Ugwr88Jg4Q0W8g5qfjd4AaABAg,-0.6808,inflammatory,0.008137499999999999,neutral,0.2655546160531631
1019,d6Pee6Fyvoo,UgwrIA9gIKlLbYxyybR4AaABAg,0.0,neutral,0.20758000000000001,sympathetic,0.29604574308711146
1020,mgeeD8rYAwc,UgwrKG80iflDt2H5ae14AaABAg,0.0516,sympathetic,-0.037820000000000006,neutral,0.44082120184945733
1021,vMKNBsd_XYg,UgwrQXFD7xdN4zGcqZN4AaABAg,0.0,neutral,0.0297375,neutral,0.28172785722344584
1022,9dn7N5-EKRE,UgwrTFw6JjpT8C1G8p54AaABAg,0.5416,sympathetic,0.13215454545454544,sympathetic,0.343322444252153
1023,zfQxhG5oWdU,UgwrTyPiuqMRokLmYVF4AaABAg,0.0,neutral,0.026093333333333316,neutral,0.4529849957569813
1024,fo6qLarJ52U,UgwrVzbu8VxiZBaqiJV4AaABAg,0.0,neutral,0.1101,sympathetic,0.2202
1025,_BS6EnE31XM,UgwrZy_Z6q6KjAoUyAF4AaABAg,-0.5267,inflammatory,0.6234999999999999,sympathetic,0.28793388129916214
1026,nihE9Yt3b-U,Ugwr_o3JOL_GhMqtpL14AaABAg,-0.1591,inflammatory,-0.3781375,inflammatory,0.27040323823874596
1027,BMteNzu1jIA,Ugwra19aXfjO57bu7VZ4AaABAg,-0.149175,inflammatory,-0.1468,inflammatory,0.2542650585511112
1028,kzEZ-0ym5Xg,Ugwre75X45o5Juwi1aR4AaABAg,-0.24881666666666666,inflammatory,0.3182,sympathetic,
1029,46xekr1CEUU,Ugwrg3VeSKAyCcCp_oJ4AaABAg,-0.7456,inflammatory,-0.09902,inflammatory,0.3382347140341715
1030,pePQ6YdNww4,UgwrhuXjlyuYGNVvW9l4AaABAg,-0.215325,inflammatory,0.055400000000000005,sympathetic,0.7804230455336387
1031,2EM-F3VfwUI,UgwrjpBB3YEWOEtikTB4AaABAg,-0.3825,inflammatory,-0.2886,inflammatory,0.499869863064378
1032,z_1OsbwBfJ0,Ugwrk6pmCRMDCZVq5MR4AaABAg,-0.5574,inflammatory,0.1744,sympathetic,
1033,7H-oD45q0MM,Ugwrlh7YlzjV8L5_IXZ4AaABAg,-0.0772,inflammatory,0.043129999999999995,neutral,0.32201465132298973
1034,aWOy271EIKU,UgwrnPdwk2UYiQ5HRId4AaABAg,0.0,neutral,0.21075,sympathetic,0.29804550827012977
1035,Sy8scM6B_nU,UgwroAI2QGKyi2bV7hd4AaABAg,0.3818,sympathetic,0.14917777777777777,sympathetic,0.34599045426780844
1036,TybnJ6mrvI4,Ugwrov7B2w4RemiDeR14AaABAg,-0.4019,inflammatory,-0.028487500000000006,neutral,0.24074699486330933
1037,3L2BXNMGTew,Ugwrv3j_alon7G-cHCN4AaABAg,-0.10627500000000001,inflammatory,0.008299999999999995,neutral,0.31062491529173897
1038,Sy8scM6B_nU,UgwrvJlVWhcb2Qm1BJp4AaABAg,-0.2207,inflammatory,-0.052464285714285706,inflammatory,0.29002625241159136
1039,mgeeD8rYAwc,UgwryEbt6oZGjDutZB54AaABAg,-0.36935,inflammatory,0.2349,sympathetic,0.8309918892504307
1040,vMKNBsd_XYg,UgwrycYX7hd03c8s1vZ4AaABAg,-0.07224,inflammatory,-0.17556666666666665,inflammatory,0.30409038678217587
1041,p8UbRG5hbiM,Ugwrz6RVxD8XBdxjxtN4AaABAg,0.0,neutral,0.09,sympathetic,0.5215756352949525
1042,2ytZhL25V4w,Ugws4akkCVavE91Q21t4AaABAg,0.1901,sympathetic,-0.04466666666666666,neutral,0.4383110478492034
1043,OybJv6v8qKo,Ugws8LVwX6Yd_bm8fEl4AaABAg,0.0,neutral,0.019074999999999995,neutral,0.22530738209959172
1044,kzEZ-0ym5Xg,UgwsFtwxf2Cl5102q8t4AaABAg,0.0,neutral,0.7184,sympathetic,
1045,mMPRQSnKe9w,UgwsQr2VovP1DOISJ0V4AaABAg,-0.40485,inflammatory,0.22618333333333332,sympathetic,0.5802098014224395
1046,SFr12qevR18,UgwsR9Kb34ZZAcYDz-h4AaABAg,-0.8176,inflammatory,-0.0751375,inflammatory,0.4946789577594745
1047,z_1OsbwBfJ0,UgwsSF_wgizTvxkLadV4AaABAg,0.0,neutral,0.0,neutral,0.0
1048,z_1OsbwBfJ0,UgwsSS9a0ip498UfTFF4AaABAg,0.0516,sympathetic,0.07962,sympathetic,0.4117621546475586
1049,OybJv6v8qKo,UgwsX32J2FfkWMWJf7h4AaABAg,-0.2412571428571428,inflammatory,-0.15783999999999998,inflammatory,0.46763741616769716
1050,xHIyM7-R8Yw,Ugwsi1t-Sj_--5t0O914AaABAg,-0.296,inflammatory,-0.1105111111111111,inflammatory,0.37960983076194316
1051,2ytZhL25V4w,UgwsiZkXpAwYYQYaJLB4AaABAg,0.5118,sympathetic,0.0191375,neutral,0.05412902409983022
1052,5bjJBcpy9sU,Ugwsjal8hV38u-B__MZ4AaABAg,-0.3579,inflammatory,0.020079999999999997,neutral,0.3474075877121857
1053,Sy8scM6B_nU,UgwslRsq6tecZiDaoR14AaABAg,-0.11035,inflammatory,0.4019,sympathetic,
1054,gc-7CsqGK9o,Ugwsmnt9fbzen6lOBEF4AaABAg,0.0772,sympathetic,0.162,sympathetic,0.2612162450282652
1055,lhdAgnXWzFA,Ugwsmqo0zTt8kWiRosp4AaABAg,0.0,neutral,0.2287,sympathetic,0.3234306417147268
1056,a7jLOtY-1VY,UgwspepsHxZRpQwsOzZ4AaABAg,0.12413333333333333,sympathetic,-0.3762666666666667,inflammatory,0.3641273174774633
1057,Djzvi2sVsdY,Ugwsw8f3XoPS_l_fSWV4AaABAg,0.5106,sympathetic,-0.033889999999999997,neutral,0.15223118712449607
1058,13q2vOdV9kE,UgwsyCo3hg1ALybFNeR4AaABAg,-0.2023,inflammatory,0.42755,sympathetic,0.09383306986345484
1059,kzEZ-0ym5Xg,Ugwt77-JUVLlybElS_F4AaABAg,0.12041666666666666,sympathetic,0.5614666666666667,sympathetic,0.20531990486393017
1060,_BS6EnE31XM,UgwtFGzlSTxBIJiVPHZ4AaABAg,-0.026749999999999996,neutral,0.11605757575757576,sympathetic,0.3750325969418384
1061,50AKW9lBuNM,UgwtFqxDhDVrQ1ZQf514AaABAg,-0.9332,inflammatory,-0.15825454545454545,inflammatory,0.4461044168434927
1062,mMPRQSnKe9w,UgwtGeKEoX5J2Xh-DOZ4AaABAg,-0.8779,inflammatory,0.2202,sympathetic,0.31140982643455556
1063,eE61i2y1mJ0,UgwtHCEsb3yrG01bSbZ4AaABAg,-0.5106,inflammatory,0.007528571428571424,neutral,0.4290573571380471
1064,Z6DD4PaM0zg,UgwtHuKeGpry67spKPJ4AaABAg,-0.2467,inflammatory,0.0,neutral,
1065,lP_9nYehuss,UgwtIQ77I5nxBJHA8Q54AaABAg,0.2294,sympathetic,0.12250000000000004,sympathetic,0.3987162901111516
1066,50AKW9lBuNM,UgwtJvfgMzcSkXUh3Bt4AaABAg,-0.6137,inflammatory,-0.1816333333333333,inflammatory,0.371042931437451
1067,rdmy9RjkNtA,UgwtOcJR5dsJh8w21vJ4AaABAg,0.3612,sympathetic,0.0,neutral,
1068,lqvigepgbqI,UgwtPoYCb7HShVv3fFx4AaABAg,0.1531,sympathetic,-0.11055000000000001,inflammatory,0.43056518670231575
1069,Sy8scM6B_nU,UgwtXZhRskrtlw8V3jJ4AaABAg,0.062316666666666666,sympathetic,0.0,neutral,0.0
1070,46xekr1CEUU,UgwtaK_1O6Pg0Nujn1h4AaABAg,0.0,neutral,-0.14664444444444444,inflammatory,0.46071941599826
1071,xEXaGltX3UA,UgwtbACvxe8KtwEVtDd4AaABAg,-0.38893333333333335,inflammatory,0.21075,sympathetic,0.29804550827012977
1072,Djzvi2sVsdY,UgwthGXqHQROn7uzuxp4AaABAg,-0.4648,inflammatory,0.021400000000000002,neutral,0.24186528481780928
1073,VCwKVFgL6zU,UgwtmVx57oZBhHiC6EZ4AaABAg,0.0,neutral,-0.26335,inflammatory,0.37243314165095454
1074,ZSDPc8de7cw,Ugwtn8exwsDPUj9cYep4AaABAg,-0.2023,inflammatory,-0.1285875,inflammatory,0.3760063199981769
1075,IJAwKvrhY58,UgwtnWrs49iffvRvakN4AaABAg,0.6901,sympathetic,-0.08457142857142856,inflammatory,0.25371814883373844
1076,6Krjoo3fHtY,Ugwtwj9lvtiNai0f-sZ4AaABAg,0.0,neutral,0.07826999999999999,sympathetic,0.16561862516033637
1077,Z6DD4PaM0zg,UgwtxIMH0cbfWrA-HpV4AaABAg,-0.4767,inflammatory,0.4588,sympathetic,
1078,eAF4_2edowo,Ugwu0NHX-m-PeFkcIwt4AaABAg,0.3049,sympathetic,0.02467142857142859,neutral,0.3928027355398878
1079,eAF4_2edowo,Ugwu0q3dWUCFvEMV4wd4AaABAg,-0.15433333333333335,inflammatory,-0.25122,inflammatory,0.2606070835568366
1080,p8UbRG5hbiM,Ugwu5ckgQ3wasRwvpyN4AaABAg,-0.6238,inflammatory,-0.07861249999999999,inflammatory,0.42670904921101854
1081,SFr12qevR18,UgwuB1GCGdA9djzhVod4AaABAg,0.12795000000000004,sympathetic,-0.1257590909090909,inflammatory,0.45461494293741744
1082,Tss1BYWFbtI,UgwuFreVr2ZaZoj-xAN4AaABAg,0.2846,sympathetic,0.11831875,sympathetic,0.3181947521435051
1083,UGdWOPXE4Pc,UgwuIUTz9usHkV09pI14AaABAg,0.15548,sympathetic,-0.34,inflammatory,
1084,eAF4_2edowo,UgwuRDIZZMRdUpXoj4B4AaABAg,0.5719,sympathetic,0.0,neutral,0.0
1085,IJAwKvrhY58,UgwuYvFAgMa-A5xRZjR4AaABAg,0.08703333333333334,sympathetic,-0.4178625,inflammatory,0.22913861018730872
1086,zx3JMdSDTJs,Ugwu_Wdb7WCRxx6ZDeB4AaABAg,-0.20576666666666665,inflammatory,0.040415384615384624,neutral,0.25834796575598656
1087,nihE9Yt3b-U,UgwuafmismSip2MTwCt4AaABAg,-0.705,inflammatory,-0.329275,inflammatory,0.29789253455375003
1088,RuHOwKXtDek,UgwudEtLof1w9f0gwwp4AaABAg,-0.2702,inflammatory,-0.13393333333333335,inflammatory,0.46218398122392773
1089,lP_9nYehuss,UgwufN_NbuS63DZL31h4AaABAg,0.1798,sympathetic,-0.27259,inflammatory,0.5190123536316088
1090,4pM7DLEL7xA,UgwugVSlxHFIXPOPDyx4AaABAg,-0.4767,inflammatory,-0.08454444444444444,inflammatory,0.3309450034035531
1091,qRw6gOjwCbQ,UgwuiykPCMq8ebI6wvl4AaABAg,-0.602,inflammatory,-0.14457499999999998,inflammatory,0.25590866046306443
1092,vMKNBsd_XYg,UgwuugESr21_kfbpr954AaABAg,-0.2897,inflammatory,0.16655,sympathetic,0.16604428124248463
1093,OqB0y-8Ej0c,UgwuwER4fVloDMptm0N4AaABAg,-0.7717,inflammatory,0.0386,neutral,0.054588643507601474
1094,TybnJ6mrvI4,UgwuxXyrIdQmgnVW9iR4AaABAg,-0.009799999999999994,neutral,0.0,neutral,
1095,gc-7CsqGK9o,UgwuxmY9XwguHfa_7rh4AaABAg,0.0,neutral,-0.09954166666666668,inflammatory,0.37010375621211794
1096,xHIyM7-R8Yw,Ugwv0LZScOK92QCqg0J4AaABAg,-0.21315,inflammatory,-0.07245714285714287,inflammatory,0.4107880301497181
1097,BMteNzu1jIA,UgwvDNxpIBXgERc0KSd4AaABAg,-0.4491,inflammatory,-0.05845,inflammatory,0.24046998867747604
1098,tKdJkhBFqtI,UgwvDXVf62wiK8_fS8F4AaABAg,0.0,neutral,-0.5267,inflammatory,
1099,z_1OsbwBfJ0,UgwvJFNgTkw9tRUDr9d4AaABAg,-0.1313,inflammatory,-0.13304999999999997,inflammatory,0.4336352518726616
1100,mMPRQSnKe9w,UgwvMQ4_Xmf0wG0a53Z4AaABAg,0.2057,sympathetic,0.4717,sympathetic,
1101,IoqeVMg760U,UgwvPipezYJvXQ1R-Y94AaABAg,0.6705,sympathetic,0.12290833333333333,sympathetic,0.4156810238158654
1102,54oSf8j9Eh0,UgwvVLWwmS3ut9EqpBZ4AaABAg,-0.21905,inflammatory,0.2616,sympathetic,0.0164048773235279
1103,9dn7N5-EKRE,UgwvW4GPwmBaTyKKje54AaABAg,-0.9127,inflammatory,-0.16967222222222222,inflammatory,0.2609917956915517
1104,7H-oD45q0MM,Ugwvh_4ZxZDCDOFvjHR4AaABAg,-0.08388750000000003,inflammatory,-0.2295625,inflammatory,0.2200318219680313
1105,zx3JMdSDTJs,UgwvmlJVC92jAnooTqp4AaABAg,-0.055466666666666664,inflammatory,0.03182857142857143,neutral,0.5126404708769611
1106,X4jrbP6ZnP4,UgwvnaBklQZQHRbVHHF4AaABAg,0.44094999999999995,sympathetic,0.0,neutral,0.0
1107,OqB0y-8Ej0c,Ugwvp1po4XUL_nukh214AaABAg,-0.4572,inflammatory,-0.31845,inflammatory,0.4503563089377121
1108,Umco8iQzKbs,UgwvruABDFdxmzhk2w14AaABAg,-0.3412,inflammatory,0.03706666666666666,neutral,0.7481531015329238
1109,mja0Lze2l0c,UgwvtymOLXMMZxNNqoZ4AaABAg,-0.15386666666666665,inflammatory,0.0,neutral,
1110,6Krjoo3fHtY,UgwvwbkKb8MpQ7bZzI14AaABAg,0.7463,sympathetic,0.0,neutral,0.0
1111,d6Pee6Fyvoo,Ugww6efC1-ItbwJhQa94AaABAg,0.7003,sympathetic,-0.03402857142857143,neutral,0.2833255472319532
1112,z_1OsbwBfJ0,Ugww718Tq1GqCY1D3GF4AaABAg,-0.055899999999999984,inflammatory,0.17629999999999998,sympathetic,0.6679330655088127
1113,gc-7CsqGK9o,Ugww8DLrJS99I3lolLV4AaABAg,0.248275,sympathetic,-0.022066666666666672,neutral,0.40577729113394206
1114,bd04zIyOCas,Ugww9NKkn3XkMGKJsVV4AaABAg,-0.2732,inflammatory,0.025100000000000018,neutral,0.41275029174227523
1115,iCknHYY2wmw,Ugww9ussZJpQPFOt62Z4AaABAg,-0.49223333333333336,inflammatory,-0.08524444444444446,inflammatory,0.392891467555326
1116,2EM-F3VfwUI,UgwwGCknYXIOvOg8RR14AaABAg,-0.1779,inflammatory,0.19475714285714285,sympathetic,0.4763882690171357
1117,46xekr1CEUU,UgwwLPs2J640A-LgHb14AaABAg,0.1806,sympathetic,-0.08763333333333334,inflammatory,0.33011971749471114
1118,2ytZhL25V4w,UgwwM_kamLZfrNB3DOp4AaABAg,-0.13676666666666668,inflammatory,-0.2961,inflammatory,0.5128602441211445
1119,Bngr9lb8MPY,UgwwNTXHsEaEGfajOEN4AaABAg,0.0,neutral,0.06548571428571429,sympathetic,0.3199663754655658
1120,bd04zIyOCas,UgwwOGtlXWBIv1_ljCF4AaABAg,0.45855,sympathetic,0.3454,sympathetic,0.488469364443667
1121,lZqHWBKkcos,UgwwVfUu7uEm3XxYrRJ4AaABAg,-0.2681,inflammatory,-0.5307000000000001,inflammatory,0.3739661749409965
1122,NrEyGPb2fNI,UgwwXHkcmPQGsYr9cRl4AaABAg,0.0,neutral,0.6652,sympathetic,
1123,bd04zIyOCas,Ugwwg2WxcaAyxHbuCZd4AaABAg,-0.1687,inflammatory,-0.5800333333333333,inflammatory,0.2099822929042669
1124,zx3JMdSDTJs,UgwwlECJn34gDpM5Ss14AaABAg,-0.26025,inflammatory,-0.2264142857142857,inflammatory,0.42111296358012784
1125,xXAIcenT5KQ,UgwwnceWh71Htj1ArQh4AaABAg,-0.43445,inflammatory,-0.5095000000000001,inflammatory,0.04638620484583751
1126,xXAIcenT5KQ,Ugwwo62t4UoG0qdrh214AaABAg,-0.11175,inflammatory,0.12965714285714286,sympathetic,0.16434977798527603
1127,lP_9nYehuss,UgwwpMy9aQYihwMebsx4AaABAg,-0.27115,inflammatory,-0.16455,inflammatory,0.1902142914364393
1128,OqB0y-8Ej0c,UgwwqWu9FYCTHZdY0LV4AaABAg,-0.6004,inflammatory,-0.07536875000000001,inflammatory,0.3466009707983134
1129,8QB4UxnzCrg,UgwwzmJncyyeHwZJLH14AaABAg,-0.12169999999999997,inflammatory,-0.5445000000000001,inflammatory,0.06235888068270631
1130,Djzvi2sVsdY,Ugwx2OPcErRXL16nuZJ4AaABAg,-0.0836,inflammatory,0.59215,sympathetic,0.02863782463805524
1131,GPcb8SYe8tA,Ugwx4vqRVxx-_awN_cF4AaABAg,0.3612,sympathetic,0.005649999999999988,neutral,0.4458360781401933
1132,zfQxhG5oWdU,Ugwx77LQ5PW5wC_g08N4AaABAg,0.135,sympathetic,-0.0956142857142857,inflammatory,0.5143414930069043
1133,61-61BHIIp0,Ugwx9xsmdB7MrxoBWl94AaABAg,-0.39575000000000005,inflammatory,-0.006214285714285714,neutral,0.3160219998601433
1134,WcIOWDNlR7s,UgwxC4DbjvTGFkJ9Tjd4AaABAg,-0.5312,inflammatory,-0.02629999999999999,neutral,0.5497860674844353
1135,IJAwKvrhY58,UgwxFI9HM3ZXZG8eSXx4AaABAg,-0.27115,inflammatory,-0.17704444444444445,inflammatory,0.3996663768417075
1136,a7jLOtY-1VY,UgwxQjBZXxQRtnaxOyZ4AaABAg,-0.1324,inflammatory,-0.09194444444444447,inflammatory,0.43206711895002814
1137,psP1uxfO6CQ,UgwxVGUhuATGvpcsU_R4AaABAg,0.3182,sympathetic,-0.4767,inflammatory,
1138,IJAwKvrhY58,UgwxaZAfVi-1OmGLeth4AaABAg,-0.6124,inflammatory,-0.17262,inflammatory,0.2544510291239205
1139,Taz-d2zn6Vg,Ugwxbh6qnii-2Q3jCy14AaABAg,0.0,neutral,0.022728571428571428,neutral,0.08504252717653343
1140,nihE9Yt3b-U,Ugwxc2ObvVtK9htVQ_h4AaABAg,-0.0258,neutral,-0.19513333333333338,inflammatory,0.3979309541144346
1141,tKdJkhBFqtI,UgwxqViKN1JpoPzsQzN4AaABAg,-0.6705,inflammatory,-0.16161111111111112,inflammatory,0.5370996286640972
1142,fpVuA8E0KZs,Ugwxt105GkuaSei5Ygl4AaABAg,0.0,neutral,0.3182,sympathetic,
1143,46xekr1CEUU,Ugwy4jimAJ64ZrfmSdB4AaABAg,-0.07546666666666668,inflammatory,-0.25834444444444443,inflammatory,0.3821827871291142
1144,fpVuA8E0KZs,Ugwy7l9OhSaAzGk0UzJ4AaABAg,0.5842,sympathetic,-0.2023,inflammatory,
1145,ZSDPc8de7cw,UgwyGqg2VgX_XDPHd354AaABAg,-0.8511,inflammatory,-0.13810000000000003,inflammatory,0.4195461391279186
1146,TybnJ6mrvI4,UgwyHHnTA7RrI8h7z9B4AaABAg,-0.07329999999999999,inflammatory,-0.1395142857142857,inflammatory,0.3603659964932477
1147,zx3JMdSDTJs,UgwyIV4os44PnNSH6yl4AaABAg,-0.45701428571428576,inflammatory,0.10484166666666667,sympathetic,0.411240762169434
1148,OqB0y-8Ej0c,UgwyXwldZa89vxreDxp4AaABAg,0.296,sympathetic,0.7506,sympathetic,
1149,7H-oD45q0MM,UgwyYR7loUX8s6pHdA54AaABAg,0.296,sympathetic,0.23152,sympathetic,0.3523885809727665
1150,VCwKVFgL6zU,UgwyeAfbncaTR6FooIZ4AaABAg,0.045419999999999995,neutral,-0.06360833333333334,inflammatory,0.3241365886567893
1151,xHIyM7-R8Yw,UgwykaPxg9LJmXzAmz54AaABAg,0.0,neutral,0.0526,sympathetic,0.2701861633339925
1152,fpVuA8E0KZs,UgwyleYxzzePqFgWexV4AaABAg,0.07555,sympathetic,0.022683333333333333,neutral,0.5769038723035128
1153,Sy8scM6B_nU,Ugwyln1MZDVtaRNcryZ4AaABAg,-0.1858,inflammatory,0.048563636363636364,neutral,0.4231921201362976
1154,IoqeVMg760U,UgwyuFdaxBLF6oZbz4x4AaABAg,0.0,neutral,-0.7773,inflammatory,
1155,qRw6gOjwCbQ,Ugwz0FS-gUg2kqmG7i14AaABAg,0.47290000000000004,sympathetic,0.040130000000000006,neutral,0.43833796714914447
1156,Taz-d2zn6Vg,Ugwz0Zyze9UnOBJ4hcR4AaABAg,0.4019,sympathetic,-0.12908000000000003,inflammatory,0.14697180682021976
1157,Taz-d2zn6Vg,Ugwz6n11rKddFgqjTuV4AaABAg,0.0,neutral,-0.10701666666666666,inflammatory,0.5319102797151665
1158,rWFdvIXiI-M,UgwzBSVh8iaNwDBBLvd4AaABAg,-0.296,inflammatory,0.0,neutral,
1159,54oSf8j9Eh0,UgwzEJmBYiJaYjr8vH94AaABAg,0.11538,sympathetic,0.1932,sympathetic,0.3808193821461584
1160,t5mmdQiyhxc,UgwzF-5jCPxlWZx23D94AaABAg,-0.22548333333333334,inflammatory,-0.02305999999999999,neutral,0.36735867184235327
1161,lqvigepgbqI,UgwzM20fJg69fRGUjH54AaABAg,0.0,neutral,0.05184166666666667,sympathetic,0.30396819647735673
1162,p8UbRG5hbiM,UgwzSdNcjFr8BSanBlt4AaABAg,-0.5106,inflammatory,-0.189325,inflammatory,0.6629922140065698
1163,ZSDPc8de7cw,UgwzTg0yWCQPajKNnwl4AaABAg,0.33,sympathetic,0.13328571428571429,sympathetic,0.22812691956139552
1164,mgeeD8rYAwc,UgwzVX9HLOsnjugLvwt4AaABAg,-0.53455,inflammatory,0.09661,sympathetic,0.30001327544701156
1165,zx3JMdSDTJs,UgwzZr1KcKbx7LrroLN4AaABAg,0.5785,sympathetic,0.31185999999999997,sympathetic,0.34535230996766186
1166,qRw6gOjwCbQ,UgwzbyTuYCbpP-qSnJt4AaABAg,-0.19063333333333332,inflammatory,0.055424999999999995,sympathetic,0.21026774003636411
1167,UGdWOPXE4Pc,UgwzdzsLSGn-tUSHLUR4AaABAg,-0.30953333333333327,inflammatory,0.1369,sympathetic,0.2035257968907136
1168,Z6DD4PaM0zg,UgwzgM34IXTwV8q-j214AaABAg,0.5423,sympathetic,0.5994,sympathetic,
1169,OybJv6v8qKo,UgwznL-kJv_ys2KL2rB4AaABAg,-0.128,inflammatory,-0.0516,inflammatory,
1170,xHIyM7-R8Yw,Ugwzs11aPZLL67ocn9B4AaABAg,0.4574,sympathetic,-0.2442,inflammatory,0.7953537074786287
1171,lhdAgnXWzFA,UgwztRHdfub60iQ7rWR4AaABAg,-0.1147,inflammatory,-0.781175,inflammatory,0.10974917995137827
1172,GPcb8SYe8tA,UgwzvaKapSvYQlts7Sh4AaABAg,-0.4019,inflammatory,0.891,sympathetic,
1173,UGdWOPXE4Pc,Ugwzy3bIbPBjX-_KpKN4AaABAg,-0.2263,inflammatory,0.06653333333333333,sympathetic,0.35592745770945394
1174,p8hpDXwUFvw,Ugx-0jMd8eYD9Re_52p4AaABAg,0.23835,sympathetic,0.0,neutral,
1175,lqvigepgbqI,Ugx-6Z07ryeWuaLwTQx4AaABAg,0.3612,sympathetic,0.005850000000000004,neutral,0.3014064747147944
1176,SFr12qevR18,Ugx-6_xx3mjvM6W7RLB4AaABAg,-0.22144999999999998,inflammatory,-0.1683,inflammatory,0.5289158723275376
1177,OqB0y-8Ej0c,Ugx-6eA5UldJZCd7mQd4AaABAg,-0.2498,inflammatory,-0.2732,inflammatory,0.0
1178,mgeeD8rYAwc,Ugx-8aZVX28obMfSNEV4AaABAg,0.0516,sympathetic,-0.1295166666666667,inflammatory,0.3773193205584186
1179,nihE9Yt3b-U,Ugx-ChdDo0a1kcF10Kp4AaABAg,-0.37725,inflammatory,-0.13326153846153846,inflammatory,0.37802579175337925
1180,ZSDPc8de7cw,Ugx-E-GYrzUA8n5eRSt4AaABAg,0.4404,sympathetic,-0.06468571428571428,inflammatory,0.3185713704889975
1181,eE61i2y1mJ0,Ugx-GzpMrGAvKPae5Wt4AaABAg,-0.5686,inflammatory,-0.0356125,neutral,0.41166649968668295
1182,Y1vPwS2h088,Ugx-J6Qc9iAbAs4L4Z14AaABAg,-0.7783,inflammatory,-0.0258,neutral,0.03648670990922585
1183,OLgwMqMkgsg,Ugx-JuEQQbTkMOZI4eF4AaABAg,-0.06066666666666667,inflammatory,-0.15119047619047618,inflammatory,0.3912372309798262
1184,Tss1BYWFbtI,Ugx-SzDvThAaeGx3pDF4AaABAg,-0.8728,inflammatory,-0.10255000000000002,inflammatory,0.4318157824813725
1185,46xekr1CEUU,Ugx-WjXyy56DRdcHwrd4AaABAg,0.0,neutral,0.19704545454545455,sympathetic,0.2672642713257287
1186,6GfCWFftDSA,Ugx-Z_mQcmkZEnrgQkh4AaABAg,-0.06776666666666666,inflammatory,0.06750999999999999,sympathetic,0.2523948029487841
1187,vMKNBsd_XYg,Ugx-Zwk14RAxPcPBSh54AaABAg,-0.2732,inflammatory,-0.11959285714285714,inflammatory,0.28368417288430975
1188,Sy8scM6B_nU,Ugx-a4bFdvpVbNWIISp4AaABAg,0.0,neutral,-0.041620000000000004,neutral,0.1905544069288349
1189,lP_9nYehuss,Ugx-eB-f7PrV3khEbsl4AaABAg,0.053666666666666675,sympathetic,-0.25898571428571426,inflammatory,0.49645652975267224
1190,pgZTLDI3AAA,Ugx-jRjVOo794obban14AaABAg,0.4404,sympathetic,0.52118,sympathetic,0.3171376310058458
1191,GPcb8SYe8tA,Ugx-k-_jGAYZ43FhSkx4AaABAg,0.3612,sympathetic,-0.056050000000000016,inflammatory,0.6192134082850597
1192,IoqeVMg760U,Ugx-m_KLa9_rRX_YKd94AaABAg,0.0772,sympathetic,0.0,neutral,
1193,LRt16Fm8HtE,Ugx-oajdT5iiVH_8UGp4AaABAg,0.0,neutral,0.0,neutral,
1194,qYbQZNOX9zc,Ugx-r7l4Ov5tk61c1h54AaABAg,-0.36455,inflammatory,0.16381176470588235,sympathetic,0.2437597738613596
1195,Z6DD4PaM0zg,Ugx-tZMlhy5MYR2E4p94AaABAg,-0.128,inflammatory,0.22715000000000002,sympathetic,0.28044203882951846
1196,lhdAgnXWzFA,Ugx-unqj4Y6renzr4_94AaABAg,-0.7003,inflammatory,0.0,neutral,
1197,6Krjoo3fHtY,Ugx-z4Ucb7DfQaa6JvN4AaABAg,0.743,sympathetic,0.17501250000000002,sympathetic,0.32633810879209313
1198,a7jLOtY-1VY,Ugx-zSr7gKoV7JpCOrN4AaABAg,0.01805000000000001,neutral,-0.15353333333333335,inflammatory,0.2684710552368728
1199,pePQ6YdNww4,Ugx051o04_rCrY76YTR4AaABAg,0.2159,sympathetic,0.08650000000000001,sympathetic,0.47557883678734064
1200,Bn7WbKVar1I,Ugx06TAOCMzbEhKUgkN4AaABAg,-0.21945,inflammatory,-0.06275789473684211,inflammatory,0.3636991878458984
1201,lZqHWBKkcos,Ugx0Dr6_7__la-wRQiF4AaABAg,0.48645000000000005,sympathetic,0.01858695652173913,neutral,0.5890194612499873
1202,zfQxhG5oWdU,Ugx0H9W2Wl_JWDRraY54AaABAg,0.8442,sympathetic,-0.1909,inflammatory,0.2204323327765991
1203,6GfCWFftDSA,Ugx0Je9A6Oou2wmqoDx4AaABAg,-0.06976666666666667,inflammatory,0.0442,neutral,0.26298016763898485
1204,fpVuA8E0KZs,Ugx0L-evvPZlsj42rxR4AaABAg,-0.6808,inflammatory,0.026625000000000003,neutral,0.28047288002331244
1205,NrEyGPb2fNI,Ugx0LuLh9Bcq9ssYOVN4AaABAg,-0.23835,inflammatory,0.13125,sympathetic,0.43720412280764237
1206,RuHOwKXtDek,Ugx0QdTbpJtflqcUh7Z4AaABAg,-0.1617,inflammatory,-0.20844285714285712,inflammatory,0.45106846803688555
1207,SFr12qevR18,Ugx0WqDqqe9v2K8b2p54AaABAg,-0.4767,inflammatory,-0.07140000000000002,inflammatory,0.21279620028831073
1208,WcIOWDNlR7s,Ugx0cPRTsp7k8J8SklJ4AaABAg,-0.6447,inflammatory,-0.23156666666666667,inflammatory,0.3399234364774907
1209,WcIOWDNlR7s,Ugx0jMJk-r2TUtPuIAd4AaABAg,0.05352499999999999,sympathetic,-0.18100526315789475,inflammatory,0.4537397130437036
1210,xHIyM7-R8Yw,Ugx0nAInPfKc6SwRAyV4AaABAg,0.21075,sympathetic,-0.1847875,inflammatory,0.4935196752120716
1211,2ytZhL25V4w,Ugx0o2i2CbvTzyKKosh4AaABAg,0.0,neutral,0.0,neutral,
1212,lP_9nYehuss,Ugx0uaf5wLwMEgya3CV4AaABAg,-0.34,inflammatory,0.04074,neutral,0.0774843726179673
1213,8zjWbdItFTo,Ugx0wiNR38xCPYRZX3V4AaABAg,-0.1779,inflammatory,-0.5423,inflammatory,
1214,6D_RgBOrjI0,Ugx1-UysUMmhbo9Sbvh4AaABAg,-0.2557,inflammatory,-0.11342999999999999,inflammatory,0.4524162219559428
1215,BMteNzu1jIA,Ugx146SfNRSCJ6PqIv54AaABAg,0.0,neutral,-0.0390375,neutral,0.4016766074397235
1216,Bngr9lb8MPY,Ugx1AwLhXubg3t1868h4AaABAg,-0.06833333333333333,inflammatory,-0.5417,inflammatory,0.14850599314505797
1217,xXAIcenT5KQ,Ugx1BjzDIEdNrTU6Skl4AaABAg,0.024033333333333334,neutral,-0.03747499999999998,neutral,0.543236111342634
1218,_BS6EnE31XM,Ugx1IYU5qUzM-mCU_Kl4AaABAg,-0.6597,inflammatory,-0.32308000000000003,inflammatory,0.5033944695762956
1219,TybnJ6mrvI4,Ugx1L-pUubGDeyHHdxt4AaABAg,0.0,neutral,-0.16470833333333335,inflammatory,0.3567011951921596
1220,vMKNBsd_XYg,Ugx1OtMivXdJM0UQ_AV4AaABAg,-0.2287,inflammatory,-0.120275,inflammatory,0.3832555758610322
1221,eAF4_2edowo,Ugx1R0eFGbYyw4CxXId4AaABAg,0.10314999999999999,sympathetic,-0.07251428571428574,inflammatory,0.5028029382987979
1222,2ytZhL25V4w,Ugx1RQokF2nZk24vCMt4AaABAg,-0.16219999999999996,inflammatory,-0.43795,inflammatory,0.40741827226012894
1223,eE61i2y1mJ0,Ugx1SWsW5bm_C37zXTl4AaABAg,0.0,neutral,0.1955125,sympathetic,0.29492880708740543
1224,lP_9nYehuss,Ugx1SadxJ0G4iu7aqPZ4AaABAg,0.20095,sympathetic,0.3321,sympathetic,0.3185484421559773
1225,LRt16Fm8HtE,Ugx1YebGH6u2DyJzk3N4AaABAg,0.0,neutral,-0.23835,inflammatory,0.33707780259162723
1226,t5mmdQiyhxc,Ugx1hE6pJ1kCSb8tvRx4AaABAg,0.0,neutral,0.0528,sympathetic,0.39074720728368617
1227,Taz-d2zn6Vg,Ugx1huQAlV0LSsxNQ_14AaABAg,-0.6486,inflammatory,-0.20043333333333332,inflammatory,0.253840411807629
1228,dR8H-nQkz4k,Ugx1jiKq35xi6DyV3tV4AaABAg,-0.4019,inflammatory,-0.043899999999999995,neutral,0.32694190105684934
1229,xXAIcenT5KQ,Ugx1jmUqDtpNP605fYR4AaABAg,-0.08452000000000001,inflammatory,-0.5574,inflammatory,
1230,6GfCWFftDSA,Ugx1tPGRnGLFcsYakdd4AaABAg,0.0,neutral,0.0752,sympathetic,0.29842476857660455
1231,p8UbRG5hbiM,Ugx1uY-PcBUGo5EFNIR4AaABAg,-0.82655,inflammatory,-0.3543444444444444,inflammatory,0.3167220434036409
1232,3L2BXNMGTew,Ugx1vcc7H_xd_CmQiw14AaABAg,0.0,neutral,0.49274999999999997,sympathetic,0.04801255044256655
1233,GPcb8SYe8tA,Ugx1w0mhNF9PLckLLHl4AaABAg,-0.3243,inflammatory,-0.16838333333333336,inflammatory,0.41824485372406756
1234,psP1uxfO6CQ,Ugx1wmIUBmowccas1V54AaABAg,0.0,neutral,0.0,neutral,
1235,xEXaGltX3UA,Ugx1yh3HwMKM1j08Q4x4AaABAg,0.10285,sympathetic,0.03658333333333331,neutral,0.39079940847788736
1236,6Krjoo3fHtY,Ugx1zU4JTyxVZHqE3h14AaABAg,0.0,neutral,0.0,neutral,0.0
1237,13q2vOdV9kE,Ugx208xeupD6idceNXB4AaABAg,0.0,neutral,0.0,neutral,0.0
1238,2EM-F3VfwUI,Ugx225ZRtfLkfXch8TV4AaABAg,-0.6486,inflammatory,-0.05512499999999999,inflammatory,0.41230329754522543
1239,p8hpDXwUFvw,Ugx25aLxS17AARheXF94AaABAg,0.0,neutral,0.3267,sympathetic,0.07566042558696058
1240,mja0Lze2l0c,Ugx28q0kGriWIrkb_p94AaABAg,-0.0258,neutral,-0.01815,neutral,0.6484876290261827
1241,lZqHWBKkcos,Ugx29n-8MViL9gk12114AaABAg,0.19311250000000002,sympathetic,0.05771111111111111,sympathetic,0.6889413825653901
1242,zx3JMdSDTJs,Ugx2Du5U188lS2N12IF4AaABAg,0.0,neutral,-0.3007285714285714,inflammatory,0.438891078797028
1243,_BS6EnE31XM,Ugx2MrhcSaCUb7REs-N4AaABAg,-0.26335,inflammatory,-0.09860000000000001,inflammatory,0.2193711512482897
1244,qYbQZNOX9zc,Ugx2P5ebRaoucveIKEV4AaABAg,-0.4094,inflammatory,-0.15221875,inflammatory,0.36594654476439586
1245,mgeeD8rYAwc,Ugx2PPCp1kzUYfqMvNt4AaABAg,-0.2732,inflammatory,0.396,sympathetic,0.3060358148975378
1246,7bTckdh1-W0,Ugx2Pnvceh4US5EpDmJ4AaABAg,-0.4767,inflammatory,0.4019,sympathetic,
1247,eAF4_2edowo,Ugx2SfscnFZ15R200-B4AaABAg,0.0772,sympathetic,0.13026666666666667,sympathetic,0.20423181600002158
1248,kJZNjjiWALs,Ugx2V2aIDnxHddqPW094AaABAg,-0.1354,inflammatory,0.0249,neutral,0.03521391770309006
1249,wu2Lp8LpiVg,Ugx2X9_Xy3SKFRZbeYN4AaABAg,0.1531,sympathetic,0.1474,sympathetic,0.5726388477915204
1250,OLgwMqMkgsg,Ugx2XmQUfPwWj7UcOxZ4AaABAg,-0.2861666666666667,inflammatory,-0.00334285714285715,neutral,0.43511499695072403
1251,TybnJ6mrvI4,Ugx2a6qCVK9g4HyukoF4AaABAg,-0.312,inflammatory,0.0,neutral,0.0
1252,eE61i2y1mJ0,Ugx2cd893sVvekvmmOB4AaABAg,0.1806,sympathetic,-0.39493999999999996,inflammatory,0.2962707089808238
1253,mMPRQSnKe9w,Ugx2oQgE2lmYMGmFL6l4AaABAg,0.8658,sympathetic,0.7205333333333334,sympathetic,0.20059193237349635
1254,p8UbRG5hbiM,Ugx2riRcTMpN6llUAMx4AaABAg,-0.008950000000000014,neutral,-0.33981666666666666,inflammatory,0.3962396265729447
1255,Taz-d2zn6Vg,Ugx31AVNJbNLtirs8Vt4AaABAg,0.08876666666666666,sympathetic,-0.13895000000000002,inflammatory,0.39229922590678
1256,Y1vPwS2h088,Ugx3Ayr4gR37EBrMQet4AaABAg,0.8555,sympathetic,0.0,neutral,
1257,46xekr1CEUU,Ugx3CqjB_rX8v6a3ycN4AaABAg,-0.21075,inflammatory,0.24695,sympathetic,0.3492400392280358
1258,IJAwKvrhY58,Ugx3EG6lycBmRkyNRKd4AaABAg,-0.8283,inflammatory,0.0031624999999999986,neutral,0.5557339541843141
1259,46xekr1CEUU,Ugx3FVlhB4bxYX7q31h4AaABAg,-0.15285,inflammatory,0.22956000000000004,sympathetic,0.35141645237524094
1260,psP1uxfO6CQ,Ugx3I6bZ-yL0Ylblc1V4AaABAg,0.2023,sympathetic,-0.8686,inflammatory,
1261,_BS6EnE31XM,Ugx3IStd-xyGM_s_KUp4AaABAg,0.12726666666666667,sympathetic,0.027712500000000008,neutral,0.28884621433509267
1262,3L2BXNMGTew,Ugx3LzNN9jgkUlUWn4B4AaABAg,0.6908,sympathetic,-0.23056000000000001,inflammatory,0.2731122534783088
1263,mMPRQSnKe9w,Ugx3MwEweNFMT9kvITF4AaABAg,-0.37715,inflammatory,0.0,neutral,
1264,UGdWOPXE4Pc,Ugx3OJo6e5zfTXItIOh4AaABAg,-0.1643,inflammatory,-0.05621176470588235,inflammatory,0.2371450159774419
1265,xXAIcenT5KQ,Ugx3SUzbNQ4V7dBq-294AaABAg,-0.0749,inflammatory,-0.019364285714285702,neutral,0.35969326592174417
1266,54oSf8j9Eh0,Ugx3T3v1tUwyz_HPLXJ4AaABAg,-0.05586250000000001,inflammatory,0.0,neutral,0.0
1267,54oSf8j9Eh0,Ugx3XKqze78HjlvSaNN4AaABAg,0.50105,sympathetic,0.064,sympathetic,0.09050966799187808
1268,lqvigepgbqI,Ugx3Z_DObVTP_WHFSFp4AaABAg,-0.23963333333333334,inflammatory,-0.11936666666666668,inflammatory,0.3790579410415599
1269,d6Pee6Fyvoo,Ugx3_8v6mv2x3SQ4lgl4AaABAg,0.3021,sympathetic,0.7528,sympathetic,
1270,QnC9ZTG-s5Q,Ugx3gLqdfdqMtm8MEJh4AaABAg,-0.04805000000000001,neutral,0.38585,sympathetic,0.5456743030416588
1271,CJHJd1gOB48,Ugx3ixn2wVSYIga-5ex4AaABAg,-0.6080000000000001,inflammatory,-0.11421999999999999,inflammatory,0.24827978751579619
1272,aGLmGnuYb_8,Ugx3r_dWdPf08fL3aTV4AaABAg,0.34,sympathetic,-0.117975,inflammatory,0.38588545904192867
1273,vMKNBsd_XYg,Ugx3vSW45xpiH5WLw2p4AaABAg,0.1557,sympathetic,-0.16973333333333335,inflammatory,0.3845079843124197
1274,yySFCBFXevg,Ugx3wMD6jdGzrzB7oid4AaABAg,-0.7845,inflammatory,0.6369,sympathetic,
1275,zfbvk0ALtIQ,Ugx3yFjOhrFisYeOOKR4AaABAg,0.875,sympathetic,0.0,neutral,
1276,Djzvi2sVsdY,Ugx4-kj6FXBbd29fYmB4AaABAg,0.3612,sympathetic,0.4404,sympathetic,
1277,CJHJd1gOB48,Ugx40x_MQZVOpeQQ_Al4AaABAg,0.0,neutral,-0.4939,inflammatory,
1278,GPcb8SYe8tA,Ugx49aawLPyLCBhkPdZ4AaABAg,-0.6486,inflammatory,0.12665714285714286,sympathetic,0.3831937145324057
1279,DgOOpBixH80,Ugx4Awt3VWUhRTup0pd4AaABAg,0.08360000000000001,sympathetic,0.20545714285714287,sympathetic,0.40481464012204754
1280,7bTckdh1-W0,Ugx4CMSyVXqDeH8VGh94AaABAg,-0.11416666666666665,inflammatory,-0.0414,neutral,0.2607235755683457
1281,t5mmdQiyhxc,Ugx4GcQKQC_3sRwgA_p4AaABAg,-0.4215,inflammatory,0.09662499999999999,sympathetic,0.39686133913496785
1282,mja0Lze2l0c,Ugx4R-sMBLMp_K4hGp14AaABAg,0.4342,sympathetic,0.27286666666666665,sympathetic,0.2411550815001279
1283,qRw6gOjwCbQ,Ugx4SddAovjNYGBjhyl4AaABAg,0.3612,sympathetic,0.10636000000000001,sympathetic,0.5468629380384084
1284,lZqHWBKkcos,Ugx4TmSAwM_2TZlV4ph4AaABAg,-0.3336333333333334,inflammatory,0.07979999999999998,sympathetic,0.2577350577628119
1285,IJAwKvrhY58,Ugx4YxjFwe50mnCClLh4AaABAg,-0.24323333333333333,inflammatory,-0.16392222222222225,inflammatory,0.5587964449998268
1286,X4jrbP6ZnP4,Ugx4YzIKLqVfw_Frv6l4AaABAg,0.2235,sympathetic,0.03558,neutral,0.07955929863944251
1287,nihE9Yt3b-U,Ugx4aZujBYJvkD_pdcB4AaABAg,0.0,neutral,-0.18224705882352943,inflammatory,0.3916510167190414
1288,Djzvi2sVsdY,Ugx4hDGQYVyyzDa7D294AaABAg,-0.886,inflammatory,0.2732,sympathetic,
1289,OqB0y-8Ej0c,Ugx4hwAJkJUSUU3Br6t4AaABAg,0.2023,sympathetic,0.047288888888888894,neutral,0.2578469722744696
1290,eE61i2y1mJ0,Ugx4kUtAH_z2y1hHPI94AaABAg,0.3051333333333333,sympathetic,0.19895714285714286,sympathetic,0.21884009274005572
1291,xXAIcenT5KQ,Ugx4lrNhrpRr15-KQE14AaABAg,-0.7351,inflammatory,0.26888333333333336,sympathetic,0.4740625039661613
1292,eAF4_2edowo,Ugx4p9tjsrqTgBFlme54AaABAg,0.06743333333333333,sympathetic,-0.0516,inflammatory,
1293,fo6qLarJ52U,Ugx4qeBcoqNkwYRi-vt4AaABAg,0.0673375,sympathetic,-0.0574,inflammatory,0.4135450277781127
1294,WcIOWDNlR7s,Ugx4x-jrs8i3Zzd9SoF4AaABAg,-0.2321,inflammatory,-0.05673750000000001,inflammatory,0.3079309938351216
1295,6GfCWFftDSA,Ugx4yzURkw2yeD0Zpvx4AaABAg,0.1027,sympathetic,-0.19949090909090908,inflammatory,0.4438273773767127
1296,Sy8scM6B_nU,Ugx5DcMla4Kbffkv0Ox4AaABAg,0.09488333333333332,sympathetic,0.004412500000000003,neutral,0.29179681258254575
1297,mgeeD8rYAwc,Ugx5Dj0ckUotWtsvyLp4AaABAg,0.0,neutral,0.0,neutral,0.0
1298,Tss1BYWFbtI,Ugx5FpiiBC8yQmj-hhl4AaABAg,-0.3454,inflammatory,0.0,neutral,0.0
1299,DgOOpBixH80,Ugx5Lk-3zcPMqEsOj0l4AaABAg,-0.2553,inflammatory,0.0020124999999999865,neutral,0.47509754618694583
1300,kzEZ-0ym5Xg,Ugx5NpiD13tT6HZoCoh4AaABAg,-0.25,inflammatory,0.3074,sympathetic,0.26502854940553106
1301,IOueE_uol8M,Ugx5O1svFJ90JuHN-ux4AaABAg,-0.5859,inflammatory,-0.05632222222222221,inflammatory,0.34422509996286504
1302,IoqeVMg760U,Ugx5TAKYxVM4iaB2gn14AaABAg,0.2202,sympathetic,0.06561999999999998,sympathetic,0.4171337938839288
1303,5bjJBcpy9sU,Ugx5V9PQKTjp1LuqTJh4AaABAg,0.25425,sympathetic,-0.14497500000000002,inflammatory,0.42538668711118427
1304,6GfCWFftDSA,Ugx5_jiRobzBsU_rEgN4AaABAg,0.2787,sympathetic,0.06031666666666668,sympathetic,0.4835520030947754
1305,t5mmdQiyhxc,Ugx5bmrRx5-dgcPJq9l4AaABAg,-0.55865,inflammatory,-0.06081428571428571,inflammatory,0.29701531069949233
1306,Sy8scM6B_nU,Ugx5ePoDa0j1kAa1tfZ4AaABAg,-0.06497499999999999,inflammatory,-0.2581166666666666,inflammatory,0.49567427779406376
1307,tKdJkhBFqtI,Ugx5qz6YpdyjAHX4JDJ4AaABAg,-0.13396666666666665,inflammatory,0.09986923076923075,sympathetic,0.42925850095370927
1308,lP_9nYehuss,Ugx5rystIjuGQM6bRfR4AaABAg,-0.6808,inflammatory,-0.1975625,inflammatory,0.24102771587813002
1309,vMKNBsd_XYg,Ugx5vOhPw8X1zK4gRjR4AaABAg,-0.5920000000000001,inflammatory,0.0,neutral,0.0
1310,4pM7DLEL7xA,Ugx5zp4naRCUt3eajQZ4AaABAg,-0.1806,inflammatory,-0.17238571428571428,inflammatory,0.3373093655611093
1311,IOueE_uol8M,Ugx62HNy2oAYrn9vnjx4AaABAg,-0.24975,inflammatory,-0.09426666666666667,inflammatory,0.14616345188406937
1312,lhdAgnXWzFA,Ugx62yUkiEckkIeeaZV4AaABAg,-0.6901,inflammatory,0.03229999999999999,neutral,0.20769552233979433
1313,OybJv6v8qKo,Ugx64ZaA40JEOcM7nSx4AaABAg,-0.968,inflammatory,-0.23326666666666665,inflammatory,0.4682136406954985
1314,gc-7CsqGK9o,Ugx64jZi_lELcwPteoJ4AaABAg,0.0,neutral,-0.06446923076923079,inflammatory,0.30508210748533304
1315,OLgwMqMkgsg,Ugx6DuyOmPFKZc43VK54AaABAg,-0.37895,inflammatory,-0.5859,inflammatory,
1316,mMPRQSnKe9w,Ugx6HlxF4R_CENNtC9J4AaABAg,-0.6124,inflammatory,0.11136000000000001,sympathetic,0.32886211294907985
1317,zx3JMdSDTJs,Ugx6IJF6bTLAYE714I54AaABAg,-0.1441,inflammatory,-0.07714,inflammatory,0.32258218797695576
1318,54oSf8j9Eh0,Ugx6JWkrSke2YUUEtCh4AaABAg,-0.19573125,inflammatory,-0.11597500000000001,inflammatory,0.42223362151345034
1319,WcIOWDNlR7s,Ugx6No3uOQ2FxSoewXR4AaABAg,0.0382,neutral,0.06698333333333333,sympathetic,0.16407498793742653
1320,IJAwKvrhY58,Ugx6R-XD7XCmcb6cFV14AaABAg,-0.46935,inflammatory,-0.43462500000000004,inflammatory,0.29219368433740434
1321,xHIyM7-R8Yw,Ugx6_vgym4N-pbDH0g94AaABAg,-0.23835,inflammatory,-0.1536583333333333,inflammatory,0.4441906725276951
1322,WcIOWDNlR7s,Ugx6dRA4ioysQfJsIYp4AaABAg,-0.1369,inflammatory,0.15401428571428571,sympathetic,0.20924791061140396
1323,t5mmdQiyhxc,Ugx6dVomQlOWeLmasDx4AaABAg,-0.4767,inflammatory,0.0,neutral,0.0
1324,iDuNFBjJ774,Ugx6ep2qGfivDJqbcip4AaABAg,-0.5106,inflammatory,0.0,neutral,0.0
1325,ZSDPc8de7cw,Ugx6fbOmAVvG_2vGx494AaABAg,0.3818,sympathetic,0.4019,sympathetic,
1326,t5mmdQiyhxc,Ugx6g2Ayqs-iXdAGuGB4AaABAg,-0.252025,inflammatory,-0.3129266666666667,inflammatory,0.43053314368295015
1327,mja0Lze2l0c,Ugx6kaV14oBioB7efxB4AaABAg,-0.10424999999999998,inflammatory,-0.021909999999999992,neutral,0.3112518305167056
1328,Umco8iQzKbs,Ugx6mgUjoR0yYeglfWZ4AaABAg,0.58685,sympathetic,0.457,sympathetic,
1329,zfQxhG5oWdU,Ugx6pjV3wcloTEhUZ5t4AaABAg,0.7506,sympathetic,0.1468,sympathetic,0.2542650585511112
1330,46xekr1CEUU,Ugx6t25DByIGMZsekF54AaABAg,0.0,neutral,0.17144615384615386,sympathetic,0.3814197548095462
1331,lP_9nYehuss,Ugx6vMf3benA6DpVB-14AaABAg,-0.3267,inflammatory,0.17853749999999996,sympathetic,0.38510048387215956
1332,_BS6EnE31XM,Ugx799jVuBgKanZnpt14AaABAg,-0.3182,inflammatory,-0.2294,inflammatory,0.324420591208388
1333,DgOOpBixH80,Ugx7RhUUwyIXgomN2bJ4AaABAg,-0.5267,inflammatory,-0.22043529411764706,inflammatory,0.3503829047291985
1334,8zjWbdItFTo,Ugx7VZi5Axc48ehASkF4AaABAg,0.16479999999999997,sympathetic,-0.53632,inflammatory,0.339731831007929
1335,7bTckdh1-W0,Ugx7WQd0xQSRfe4psZd4AaABAg,-0.5423,inflammatory,-0.31361111111111106,inflammatory,0.34245803554758514
1336,6D_RgBOrjI0,Ugx7X6Et2jkfU84yKbx4AaABAg,-0.3404,inflammatory,-0.018525,neutral,0.42540214209615823
1337,p8UbRG5hbiM,Ugx7c4JkNGC4RFbemvp4AaABAg,-0.09364999999999998,inflammatory,-0.06276666666666665,inflammatory,0.4401432069982072
1338,Umco8iQzKbs,Ugx7hnHWCdug4XaQNHJ4AaABAg,-0.008900000000000005,neutral,-0.5267,inflammatory,
1339,usjbT_SKy68,Ugx7io7w_mcslRzMr4d4AaABAg,0.0,neutral,-0.10155,inflammatory,0.2413666850803289
1340,tKdJkhBFqtI,Ugx7lS24BndUi8AAPQB4AaABAg,0.0,neutral,0.272925,sympathetic,0.22653138671421819
1341,6Krjoo3fHtY,Ugx7pNMErPbAj2as_3R4AaABAg,0.6841,sympathetic,-0.5380333333333334,inflammatory,0.4062525208126919
1342,4pM7DLEL7xA,Ugx7rOt6x_jKoyiQzxR4AaABAg,-0.8519,inflammatory,-0.07955,inflammatory,0.1591
1343,Taz-d2zn6Vg,Ugx7tKmJZiJXvN22oAh4AaABAg,-0.25282,inflammatory,-0.10961111111111112,inflammatory,0.3168144427123093
1344,dR8H-nQkz4k,Ugx80M__pM7pbjXCP5l4AaABAg,0.8187,sympathetic,0.07179166666666667,sympathetic,0.35528680209434216
1345,ZSDPc8de7cw,Ugx83DIzAj2AP8SKK5t4AaABAg,0.0,neutral,0.20858,sympathetic,0.4113986047618538
1346,DgOOpBixH80,Ugx8IgqzK4FNm8T6E2h4AaABAg,0.20353333333333332,sympathetic,0.72134,sympathetic,0.10278367088210073
1347,lhdAgnXWzFA,Ugx8J2HL7zo4W11-N9l4AaABAg,0.0,neutral,0.3595,sympathetic,
1348,fpVuA8E0KZs,Ugx8MaQ8_6OOC0QHCCV4AaABAg,0.0,neutral,-0.003115384615384614,neutral,0.1284841225350033
1349,4pM7DLEL7xA,Ugx8NcGJTILq_cO8vrt4AaABAg,-0.24795,inflammatory,-0.07955,inflammatory,0.1591
1350,p8UbRG5hbiM,Ugx8T7WysQ8YmjK6uWB4AaABAg,0.0,neutral,-0.053899999999999997,inflammatory,0.381593278242686
1351,Taz-d2zn6Vg,Ugx8Tt3-1FZhfCZMpDt4AaABAg,-0.1447,inflammatory,-0.193075,inflammatory,0.293009325790153
1352,xXAIcenT5KQ,Ugx8WHHkveh-naq9eqN4AaABAg,0.0,neutral,-0.03488000000000001,neutral,0.241626382783716
1353,OybJv6v8qKo,Ugx8Y4EJF-H5S-Sex5t4AaABAg,0.3182,sympathetic,0.247,sympathetic,0.3674268090382083
1354,50AKW9lBuNM,Ugx8YcEEk-9tXQrzCQh4AaABAg,-0.4329,inflammatory,-0.2848684210526316,inflammatory,0.2988870356145939
1355,UGdWOPXE4Pc,Ugx8ZNOl3m1Mb9BMq-F4AaABAg,-0.2013,inflammatory,0.0,neutral,
1356,eE61i2y1mJ0,Ugx8_C2pqqZEu2JVu7l4AaABAg,0.021799999999999986,neutral,-0.11153333333333333,inflammatory,0.44667672277237225
1357,50AKW9lBuNM,Ugx8gJHLSvOBLKXM9xd4AaABAg,-0.06444285714285715,inflammatory,-0.015209090909090905,neutral,0.27849131927062093
1358,Vm87-9F7OF4,Ugx8ggEenctuLAT7GJl4AaABAg,-0.34095,inflammatory,0.4199,sympathetic,
1359,WcIOWDNlR7s,Ugx8pVuhgVEnVLPnEQB4AaABAg,0.0772,sympathetic,0.04710000000000003,neutral,0.7525562503892982
1360,xHIyM7-R8Yw,Ugx8rZoBjdw9w4qjTvp4AaABAg,-0.198325,inflammatory,-0.1405833333333333,inflammatory,0.23759382497587486
1361,DgOOpBixH80,Ugx8vqAZ4HlETifd7H14AaABAg,-0.31096666666666667,inflammatory,-0.048442857142857135,neutral,0.37649630745043106
1362,xHIyM7-R8Yw,Ugx8yC9kurN-M_zZVQN4AaABAg,0.3612,sympathetic,-0.01870000000000001,neutral,0.35933630487330387
1363,qRw6gOjwCbQ,Ugx9Avj98SCrNJcoorh4AaABAg,-0.5267,inflammatory,-0.28968333333333335,inflammatory,0.5089810425415339
1364,lqvigepgbqI,Ugx9FSX1i6aF77abz9d4AaABAg,0.0,neutral,0.030066666666666672,neutral,0.4056478183104157
1365,7bTckdh1-W0,Ugx9KmIn4zKgLK-RFOZ4AaABAg,-0.0516,inflammatory,0.08766363636363636,sympathetic,0.25335618908061935
1366,8QB4UxnzCrg,Ugx9L5CbGqvm9JUAxkd4AaABAg,-0.06124999999999999,inflammatory,0.02471875,neutral,0.27283459511518454
1367,p8UbRG5hbiM,Ugx9MBL66oMMS-0hhBZ4AaABAg,0.0,neutral,-0.25694999999999996,inflammatory,0.31343291768556936
1368,pePQ6YdNww4,Ugx9UzSAw8ipW_KPFp94AaABAg,0.0,neutral,-0.25115714285714286,inflammatory,0.37371733603453194
1369,NrEyGPb2fNI,Ugx9eaiahLO0SeHBKcx4AaABAg,-0.08449999999999999,inflammatory,0.17053333333333334,sympathetic,0.15489384536944434
1370,OLgwMqMkgsg,Ugx9fZM6PpkxzHMz8hh4AaABAg,0.1676714285714286,sympathetic,-0.2023,inflammatory,
1371,RuHOwKXtDek,Ugx9iSsoD5i41FbIFwx4AaABAg,0.0,neutral,0.10175454545454544,sympathetic,0.23743931588360156
1372,zfQxhG5oWdU,Ugx9ke2MbSqR_-bqWUJ4AaABAg,0.5571,sympathetic,-0.11042727272727274,inflammatory,0.4527951945215609
1373,GpmP2vtnXcc,Ugx9ntmrmb5029vwSDJ4AaABAg,0.0,neutral,0.0,neutral,0.0
1374,lhdAgnXWzFA,Ugx9uJVo22CCngGID0p4AaABAg,-0.7005,inflammatory,0.15116666666666664,sympathetic,0.21866879826196817
1375,zfQxhG5oWdU,Ugx9uYVTwJxUMm8bPoN4AaABAg,0.0,neutral,-0.1151125,inflammatory,0.3285562332278253
1376,2EM-F3VfwUI,Ugx9x3goUNVEbwGMvyZ4AaABAg,-0.4767,inflammatory,-0.09807777777777778,inflammatory,0.3355321250557753
1377,mja0Lze2l0c,UgxA1XDaqGzFhImkrTh4AaABAg,0.0,neutral,-0.08399375,inflammatory,0.32977394978732527
1378,nihE9Yt3b-U,UgxA2vLrnHO-2kfWH-t4AaABAg,-0.20042500000000002,inflammatory,-0.3781375,inflammatory,0.27040323823874596
1379,50AKW9lBuNM,UgxA5r90KYJccSswifl4AaABAg,-0.27365,inflammatory,-0.4063666666666667,inflammatory,0.37664622980224083
1380,Vm87-9F7OF4,UgxAEEYP3TzbOdz_9It4AaABAg,-0.4939,inflammatory,0.06419999999999997,sympathetic,0.5847932557750645
1381,6GfCWFftDSA,UgxAHK_wBmXc1sc2EdR4AaABAg,0.0,neutral,-0.0172,neutral,0.02979127389018469
1382,p8UbRG5hbiM,UgxAIcHDK0gYwXCMY094AaABAg,-0.08966666666666666,inflammatory,-0.18174,inflammatory,0.34437369673074625
1383,7bTckdh1-W0,UgxAJc1CPnx9M_shGgh4AaABAg,-0.22833750000000003,inflammatory,0.02475625,neutral,0.24778033811893416
1384,7N4tatSKaRI,UgxAPc_8qAvOORLz_EN4AaABAg,-0.5255,inflammatory,0.0,neutral,
1385,xXAIcenT5KQ,UgxARGxB47SPLC-sE9Z4AaABAg,-0.4019,inflammatory,-0.006644444444444449,neutral,0.39132712691741406
1386,VCwKVFgL6zU,UgxARtA5aSwuI0I2NRl4AaABAg,0.0,neutral,-0.1641222222222222,inflammatory,0.2600341264996663
1387,SFr12qevR18,UgxASY8SafSAe7qTsQJ4AaABAg,0.0,neutral,0.26326,sympathetic,0.2696428897634796
1388,Djzvi2sVsdY,UgxAU8epf5Drd4EbDlN4AaABAg,0.5994,sympathetic,-0.17614000000000002,inflammatory,0.5496665016171169
1389,_BS6EnE31XM,UgxAWtNhu8mOPNYsrat4AaABAg,0.0,neutral,0.26876666666666665,sympathetic,0.6884817015239645
1390,6GfCWFftDSA,UgxAdIKO-oFT2iQs_Mh4AaABAg,0.17,sympathetic,-0.016418749999999996,neutral,0.38149726992251637
1391,6GfCWFftDSA,UgxAe5brEfNkSS8Vzqp4AaABAg,0.0,neutral,-0.036677777777777774,neutral,0.4127875263915377
1392,qYbQZNOX9zc,UgxAlbll2C6DiJ-zvhF4AaABAg,0.2431,sympathetic,-0.26585,inflammatory,0.2432315912869872
1393,OybJv6v8qKo,UgxAljF5qjXOj18qWFB4AaABAg,0.0,neutral,0.20995,sympathetic,0.2969141374202313
1394,aWOy271EIKU,UgxAnET_QW27760LXEF4AaABAg,-0.4939,inflammatory,0.0,neutral,0.0
1395,6Krjoo3fHtY,UgxApvJv1BXagua1rE54AaABAg,0.0,neutral,0.0,neutral,
1396,UGdWOPXE4Pc,UgxAr7nzPALEIPXoplV4AaABAg,-0.0129,neutral,-0.035307692307692304,neutral,0.3493630190826787
1397,4pM7DLEL7xA,UgxAvgTnWqrLh4xd1SR4AaABAg,-0.6789333333333333,inflammatory,-0.0225,neutral,0.18777145682983876
1398,lqvigepgbqI,UgxAwICos_2RwYjkJd14AaABAg,0.3657,sympathetic,-0.1918111111111111,inflammatory,0.3733212706384557
1399,Y1vPwS2h088,UgxB0JWpbt6CHSLGuON4AaABAg,-0.4767,inflammatory,0.2288,sympathetic,0.32357206307096414
1400,xXAIcenT5KQ,UgxB5A7J8YS3IqWy0OJ4AaABAg,-0.7783,inflammatory,-0.29690000000000005,inflammatory,0.41644336949938343
1401,2ytZhL25V4w,UgxB61D7RVVWXTltWHR4AaABAg,0.0,neutral,-0.1583,inflammatory,0.3125276307784641
1402,qRw6gOjwCbQ,UgxB8yvMMM9dNmn-XQR4AaABAg,-0.0571,inflammatory,-0.6782,inflammatory,
1403,IOueE_uol8M,UgxB9f0jlrbr05drqVh4AaABAg,0.51695,sympathetic,-0.047099999999999975,neutral,0.6894291116568838
1404,z_1OsbwBfJ0,UgxBIYC1q-K3fpxkJ2t4AaABAg,-0.4353666666666667,inflammatory,-0.18543333333333334,inflammatory,0.32117995475018885
1405,qRw6gOjwCbQ,UgxBQ0Io2Ve29dMz8bp4AaABAg,0.4588,sympathetic,0.7184,sympathetic,
1406,9dn7N5-EKRE,UgxBRdm_sJ9-lSJnTLB4AaABAg,0.8271,sympathetic,-0.053355555555555545,inflammatory,0.3894935433069177
1407,xEXaGltX3UA,UgxBW1jYMh4CJpk2iWR4AaABAg,-0.1984,inflammatory,-0.06124,inflammatory,0.27843937939881996
1408,t5mmdQiyhxc,UgxBWM0YXCi_PMLkYy54AaABAg,-0.128,inflammatory,0.148,sympathetic,0.20930360723121805
1409,eE61i2y1mJ0,UgxBZpqOpLL1xepAQCt4AaABAg,0.0,neutral,-0.15400625,inflammatory,0.33154349230782176
1410,bd04zIyOCas,UgxBcnRoFlSMGu_Kt_d4AaABAg,0.06835000000000002,sympathetic,0.005433333333333318,neutral,0.686410499142702
1411,Vm87-9F7OF4,UgxBe2mFjRMEyUBYZ394AaABAg,0.6124,sympathetic,0.9231,sympathetic,
1412,ZSDPc8de7cw,UgxBgwocvSwb0CQZFCd4AaABAg,0.20095,sympathetic,0.5201399999999999,sympathetic,0.34131417052328783
1413,7H-oD45q0MM,UgxBpp-pOX4edpjQqlJ4AaABAg,0.4019,sympathetic,0.2732,sympathetic,
1414,6GfCWFftDSA,UgxBtLoAlMLgzeiQBGl4AaABAg,0.25943333333333335,sympathetic,-0.07735,inflammatory,0.26184082208683795
1415,6GfCWFftDSA,UgxBvgZ2Wx5femsaIjF4AaABAg,-0.1531,inflammatory,-0.08846000000000001,inflammatory,0.27613281506469955
1416,6D_RgBOrjI0,UgxBz7cKhbgRyBzCFn54AaABAg,-0.5634,inflammatory,0.12318888888888889,sympathetic,0.25590701164897983
1417,eAF4_2edowo,UgxC6GfLbpfFl-AmT2N4AaABAg,-0.5849,inflammatory,-0.27092,inflammatory,0.28508014136379267
1418,61-61BHIIp0,UgxC8emINoPfFMTKoat4AaABAg,-0.3885714285714285,inflammatory,0.11222857142857144,sympathetic,0.36331892205179617
1419,2ytZhL25V4w,UgxCMMrmx8ek783LH0N4AaABAg,-0.13955,inflammatory,0.0,neutral,
1420,DgOOpBixH80,UgxCR6ksEGEOD91RhgF4AaABAg,0.2955666666666667,sympathetic,-0.13210000000000002,inflammatory,0.22970532572551874
1421,Bn7WbKVar1I,UgxCRpP9Gmem4Uh-exp4AaABAg,0.1531,sympathetic,0.1758363636363636,sympathetic,0.3612557107444179
1422,iDuNFBjJ774,UgxCTXckDvWzc8yuXG94AaABAg,-0.4215,inflammatory,0.11947499999999998,sympathetic,0.4109149658587123
1423,t5mmdQiyhxc,UgxCZhtDk9Z8qUnkVuV4AaABAg,-0.457075,inflammatory,0.10668000000000002,sympathetic,0.49935108068149586
1424,zx3JMdSDTJs,UgxC_CcZ6bKAmaTr_994AaABAg,0.0,neutral,-0.4767,inflammatory,
1425,6D_RgBOrjI0,UgxCe2rG5WAEHoB7TOl4AaABAg,-0.028950000000000004,neutral,0.743,sympathetic,
1426,54oSf8j9Eh0,UgxChjtfTxJt98SeTid4AaABAg,0.6183,sympathetic,0.0,neutral,0.0
1427,ZSDPc8de7cw,UgxCjmbrT0nqTmNu0oB4AaABAg,-0.6486,inflammatory,0.0,neutral,
1428,8zjWbdItFTo,UgxCkrkz5wf0EYfZQTJ4AaABAg,0.21678000000000003,sympathetic,-0.3243,inflammatory,0.4586294582775947
1429,OybJv6v8qKo,UgxCnFEiMFWUH4t3yGl4AaABAg,0.0,neutral,-0.21676666666666666,inflammatory,0.4904954264142871
1430,_BS6EnE31XM,UgxCncLlMKk7Gk2R4J94AaABAg,-0.69,inflammatory,0.0,neutral,
1431,Tss1BYWFbtI,UgxCsJS6aH8o6Vf5jfF4AaABAg,-0.2263,inflammatory,0.09294,sympathetic,0.4507212496531408
1432,p8hpDXwUFvw,UgxCtmkIQXgs5fw01s54AaABAg,0.3182,sympathetic,-0.6249,inflammatory,
1433,6GfCWFftDSA,UgxCvBCqSBDvpKm8gyd4AaABAg,-0.25239999999999996,inflammatory,-0.13572666666666666,inflammatory,0.4614257399883642
1434,kin9OECNFRk,UgxCvRQBKi_JOuxgm9p4AaABAg,0.7906,sympathetic,-0.023625000000000007,neutral,0.5866750058592918
1435,mgeeD8rYAwc,UgxCw4TQ8EpOd1KwvIx4AaABAg,0.0772,sympathetic,0.0668,sympathetic,0.2760393314366632
1436,2EM-F3VfwUI,UgxCwddTSSaT7T6BJHR4AaABAg,-0.43957499999999994,inflammatory,0.0,neutral,0.0
1437,WcIOWDNlR7s,UgxD0jT0CqbsB6i7ChZ4AaABAg,-0.6847,inflammatory,0.1117153846153846,sympathetic,0.2596399039893324
1438,4pM7DLEL7xA,UgxD2QE7aeg52P04eEt4AaABAg,0.0,neutral,-0.12283999999999999,inflammatory,0.16838862194340803
1439,nihE9Yt3b-U,UgxDFWEIIolehzXA9l54AaABAg,0.0,neutral,0.0,neutral,0.0
1440,Djzvi2sVsdY,UgxDMISBr8Qoo5GYoSd4AaABAg,-0.4929,inflammatory,0.07847142857142855,sympathetic,0.46015866725252397
1441,fo6qLarJ52U,UgxDMgAmqoxy8DL29fJ4AaABAg,-0.19376666666666667,inflammatory,-0.05595000000000001,inflammatory,0.31635551529698913
1442,eAF4_2edowo,UgxDRNPmuDDTds2eXM54AaABAg,-0.1591,inflammatory,-0.21967142857142857,inflammatory,0.4665241426917644
1443,IJAwKvrhY58,UgxDSGzc5Xl_F3IWCkZ4AaABAg,-0.0086,neutral,0.52195,sympathetic,0.6279815323717728
1444,Z6DD4PaM0zg,UgxDUdPOCqu_0jh0ExR4AaABAg,-0.023533333333333333,neutral,-0.5124,inflammatory,0.37628617528987923
1445,46xekr1CEUU,UgxDYCg4GxdIVEzQ8vx4AaABAg,-0.1531,inflammatory,0.03580000000000002,neutral,0.3660645025128768
1446,lqvigepgbqI,UgxDfZ4s9XHw4CROvn94AaABAg,-0.148,inflammatory,0.21833333333333335,sympathetic,0.19672461293222393
1447,46xekr1CEUU,UgxDg-CwbvvBhBfYAed4AaABAg,-0.5574,inflammatory,0.001899999999999994,neutral,0.39196248544981954
1448,p8UbRG5hbiM,UgxDhcVkYUyvgJPiPXR4AaABAg,0.0,neutral,-0.0035888888888888884,neutral,0.2757864955198334
1449,Tss1BYWFbtI,UgxDjVvWPl4McswUiT54AaABAg,0.0,neutral,0.3612,sympathetic,
1450,fpVuA8E0KZs,UgxDk_dQtNUWtaGquzR4AaABAg,0.0,neutral,-0.19045000000000004,inflammatory,0.5277916878033281
1451,OqB0y-8Ej0c,UgxE01KrxGfbI4avJdB4AaABAg,-0.5095000000000001,inflammatory,0.08964545454545456,sympathetic,0.4300923769694979
1452,6Krjoo3fHtY,UgxE0hHcD0l89QGGF3p4AaABAg,0.0,neutral,-0.022009999999999995,neutral,0.5191936770929836
1453,qYbQZNOX9zc,UgxE5eDFa2uCY_EAkGJ4AaABAg,0.25,sympathetic,-0.1157090909090909,inflammatory,0.4089328782442064
1454,kin9OECNFRk,UgxE9RS02GcHIs2WrCd4AaABAg,0.4404,sympathetic,-0.12145,inflammatory,0.1717562371502124
1455,UGdWOPXE4Pc,UgxEHBucasidkTpwer14AaABAg,-0.1695,inflammatory,-0.22566874999999997,inflammatory,0.38428574389161685
1456,VCwKVFgL6zU,UgxEJucGbIu6FghFc7R4AaABAg,-0.03845,neutral,-0.262175,inflammatory,0.3859437958711457
1457,2EM-F3VfwUI,UgxEQIf8kS_dO4nhvUN4AaABAg,0.1806,sympathetic,0.0,neutral,0.0
1458,dR8H-nQkz4k,UgxEab-sEOGxJESLQ3p4AaABAg,0.0,neutral,0.0306,neutral,0.27913172069831116
1459,eE61i2y1mJ0,UgxEbFTEqFBtEZ_a5Pl4AaABAg,-0.3020833333333333,inflammatory,-0.08145454545454546,inflammatory,0.4131186714822664
1460,mgeeD8rYAwc,UgxEhldEaFIxptSMUmp4AaABAg,0.18015,sympathetic,0.3376333333333333,sympathetic,0.07603593448714452
1461,OybJv6v8qKo,UgxErMLO5JWt3qifWKN4AaABAg,0.0,neutral,-0.014525000000000003,neutral,0.33271983817362877
1462,zx3JMdSDTJs,UgxEtJO1wQWLKjBmKZJ4AaABAg,-0.35015,inflammatory,-0.002753333333333326,neutral,0.4308910450063527
1463,6GfCWFftDSA,UgxEvqRlmBzCpRmp9OV4AaABAg,-0.4215,inflammatory,0.049783333333333325,neutral,0.27815016388035196
1464,zfQxhG5oWdU,UgxEx5mVPk3HDwqV4x94AaABAg,-0.2023,inflammatory,0.08383333333333332,sympathetic,0.3254086825311621
1465,tKdJkhBFqtI,UgxFBD9zwfzYHp8ND_F4AaABAg,0.0,neutral,0.1247625,sympathetic,0.2424816926079163
1466,GPcb8SYe8tA,UgxFE8L8uR5qE3o3bT14AaABAg,0.0,neutral,0.0,neutral,0.0
1467,a7jLOtY-1VY,UgxFRAP_LS6Foc0ows94AaABAg,0.1313,sympathetic,-0.4231,inflammatory,0.5983537582400564
1468,zx3JMdSDTJs,UgxFU5GkKq4-AqkOw414AaABAg,0.0,neutral,-0.2609666666666666,inflammatory,0.46091240237887576
1469,xEXaGltX3UA,UgxFcF37Z_1KlIPlK054AaABAg,-0.6705,inflammatory,0.0258,neutral,0.03648670990922585
1470,7H-oD45q0MM,UgxFoDNbYZXhn9rbecR4AaABAg,-0.3612,inflammatory,-0.03465999999999999,neutral,0.4086969145956451
1471,Sy8scM6B_nU,UgxFtFsbFROYWtNQ5PN4AaABAg,-0.33525,inflammatory,0.058433333333333344,sympathetic,0.34234037253392513
1472,Sy8scM6B_nU,UgxFyZOK_hvQXpEIAFN4AaABAg,0.07994999999999997,sympathetic,0.35137142857142856,sympathetic,0.35665357474859605
1473,VCwKVFgL6zU,UgxG8UPG1xBjp95kx4V4AaABAg,0.0,neutral,0.05,sympathetic,0.11180339887498948
1474,ZSDPc8de7cw,UgxG99DL6A5nBtUhIet4AaABAg,0.0,neutral,0.04495454545454546,neutral,0.4007969869238948
1475,p8hpDXwUFvw,UgxGBqsZwLtyGGwAd514AaABAg,0.46155,sympathetic,0.21075,sympathetic,0.29804550827012977
1476,OybJv6v8qKo,UgxGJoY-PspSvH77qIl4AaABAg,-0.07934,inflammatory,0.0039461538461538475,neutral,0.258806226146721
1477,wu2Lp8LpiVg,UgxGL8uC2GNElAeLEdt4AaABAg,0.4404,sympathetic,0.7783,sympathetic,
1478,13q2vOdV9kE,UgxGLr-Ep1D_Jc7zppB4AaABAg,-0.2777,inflammatory,-0.1370444444444444,inflammatory,0.24997066883492106
1479,tKdJkhBFqtI,UgxGSbTE1TOUHmgHHqB4AaABAg,-0.05135,inflammatory,0.0138625,neutral,0.3556577172413574
1480,aGLmGnuYb_8,UgxGZxvP-R2iZlPWSCN4AaABAg,-0.4696,inflammatory,-0.3818,inflammatory,
1481,dR8H-nQkz4k,UgxG_3xqQYuPxJv4-f14AaABAg,0.1626,sympathetic,-0.13949230769230767,inflammatory,0.44682064720559944
1482,UGdWOPXE4Pc,UgxGaSuGcJbenUV8qxR4AaABAg,0.020166666666666683,neutral,0.32335714285714284,sympathetic,0.2731443443623588
1483,fo6qLarJ52U,UgxGbjIOyjk3nvOUtxF4AaABAg,0.3670333333333333,sympathetic,-0.7923,inflammatory,
1484,vMKNBsd_XYg,UgxGbjZurAUTnds3zmx4AaABAg,-0.5106,inflammatory,0.02613499999999999,neutral,0.37065255155426113
1485,6Krjoo3fHtY,UgxGeN3-wyEKb0o-uRF4AaABAg,-0.5719,inflammatory,-0.41468,inflammatory,0.39953206629756266
1486,SFr12qevR18,UgxGh-RKHvsyQ8EvBgB4AaABAg,0.3452,sympathetic,-0.29185,inflammatory,0.4127382281785878
1487,Tss1BYWFbtI,UgxGlkS-5b9pFA-99Rt4AaABAg,-0.20015,inflammatory,0.30556249999999996,sympathetic,0.26875435910086054
1488,lqvigepgbqI,UgxGtMk77jI4VdsACUN4AaABAg,-0.59685,inflammatory,-0.2833,inflammatory,0.40276827084565636
1489,X4jrbP6ZnP4,UgxGupynqwR-4_L69Pp4AaABAg,-0.17,inflammatory,0.1569333333333333,sympathetic,0.366475544886695
1490,2ytZhL25V4w,UgxH16TPh_KpzpPOWwV4AaABAg,0.6369,sympathetic,-0.13204,inflammatory,0.4621589856315681
1491,Djzvi2sVsdY,UgxH5UC4LBjLnSqp8rR4AaABAg,0.0,neutral,0.020475,neutral,0.35468420863796973
1492,tKdJkhBFqtI,UgxH6DqrgalF-O-_Njt4AaABAg,-0.11199999999999999,inflammatory,-0.05464,inflammatory,0.12217875429058851
1493,6GfCWFftDSA,UgxH7uxD0Yea38lPozh4AaABAg,-0.5719,inflammatory,-0.20785555555555554,inflammatory,0.3437927132345923
1494,aGLmGnuYb_8,UgxHAk7iO2hPJAHf2e54AaABAg,0.1806,sympathetic,-0.09895882352941177,inflammatory,0.4841577752381236
1495,mMPRQSnKe9w,UgxHCE_0xZl1gVlQ3a14AaABAg,0.0,neutral,-0.09368333333333334,inflammatory,0.29555085123657937
1496,xEXaGltX3UA,UgxHHa2WgiI93N_npW54AaABAg,-0.7845,inflammatory,0.07655,sympathetic,0.10825804819966044
1497,SFr12qevR18,UgxHN3CnZotI_BwkNhd4AaABAg,-0.2546857142857143,inflammatory,-0.42832499999999996,inflammatory,0.28341671868217555
1498,3L2BXNMGTew,UgxHOljsb9dd0b9ytdZ4AaABAg,0.0,neutral,0.043744444444444454,neutral,0.184854342058221
1499,7bTckdh1-W0,UgxHSC96cf70Gxqf93l4AaABAg,-0.49365000000000003,inflammatory,0.1806,sympathetic,0.25540696936458096
1500,DgOOpBixH80,UgxH_93iVYOljyh6cbJ4AaABAg,0.2023,sympathetic,-0.09271666666666667,inflammatory,0.26796660183121646
1501,_BS6EnE31XM,UgxHakwyTLL53pBoaAN4AaABAg,-0.5106,inflammatory,0.08895,sympathetic,0.1257942963730868
1502,yySFCBFXevg,UgxHb2DH8oKpOheQX8B4AaABAg,0.0,neutral,0.4405,sympathetic,0.2694076836320746
1503,3L2BXNMGTew,UgxHbGNltbWcKFAzBZx4AaABAg,0.1462,sympathetic,-0.046318518518518516,neutral,0.36957545293634614
1504,xEXaGltX3UA,UgxHhdlJHZXnWsLv8kF4AaABAg,0.0,neutral,-0.169425,inflammatory,0.196360355384346
1505,eE61i2y1mJ0,UgxHiqisvkM4GiXqjF54AaABAg,0.3818,sympathetic,0.0030333333333333445,neutral,0.3581635834363957
1506,qRw6gOjwCbQ,UgxHjpJDU3WiBWqaMoN4AaABAg,0.0,neutral,-0.047007692307692306,neutral,0.3191547599037664
1507,eE61i2y1mJ0,UgxHlV7v9lybVvcpVmR4AaABAg,-0.12019999999999997,inflammatory,0.13125,sympathetic,0.43720412280764237
1508,Bn7WbKVar1I,UgxHn4uKAwjbo4lJWz14AaABAg,-0.044999999999999984,neutral,-0.035066666666666656,neutral,0.47507164021159304
1509,eAF4_2edowo,UgxHnEXyqmcIxQAinsR4AaABAg,0.0,neutral,0.4214,sympathetic,0.4491857013371132
1510,mja0Lze2l0c,UgxHoL2PSvoppNMfvw94AaABAg,-0.0258,neutral,0.032030769230769245,neutral,0.2853730260104465
1511,13q2vOdV9kE,UgxHyasQ6f1iBiV_Nr54AaABAg,-0.5423,inflammatory,-0.14020000000000002,inflammatory,0.3545708504657426
1512,X4jrbP6ZnP4,UgxHzBsY1UF52S-xTt94AaABAg,-0.5267,inflammatory,-0.13291818181818182,inflammatory,0.4043472859267929
1513,zx3JMdSDTJs,UgxHzqxNupRwmBsdjdt4AaABAg,-0.31426363636363636,inflammatory,-0.010049999999999996,neutral,0.23170780861125198
1514,SFr12qevR18,UgxI-QXTEMiD0_Qwbw94AaABAg,-0.9498,inflammatory,-0.3825416666666667,inflammatory,0.3742811375480234
1515,61-61BHIIp0,UgxI6fcpnhLX9jxbegV4AaABAg,0.6657,sympathetic,-0.16826666666666668,inflammatory,0.49262064850484427
1516,d6Pee6Fyvoo,UgxI7X6vZu9jqtW1OKx4AaABAg,-0.1589,inflammatory,-0.023957142857142868,neutral,0.44507975261797317
1517,5bjJBcpy9sU,UgxIG7x8x0XMGFWeZqx4AaABAg,-0.03159999999999999,neutral,-0.09232000000000001,inflammatory,0.40368552983727324
1518,QnC9ZTG-s5Q,UgxIINs3Ta0yvY17pMV4AaABAg,0.34,sympathetic,0.11411428571428571,sympathetic,0.4302176365072738
1519,eE61i2y1mJ0,UgxIL7J2x8FHaQx8_tV4AaABAg,-0.17,inflammatory,-0.10293999999999999,inflammatory,0.5028674954697311
1520,TybnJ6mrvI4,UgxIMPLhyceVWT2yglp4AaABAg,-0.04933333333333333,neutral,-0.01344999999999999,neutral,0.33615479427532446
1521,lP_9nYehuss,UgxIW78XPnO4uf-dZ8V4AaABAg,-0.0516,inflammatory,-0.1427,inflammatory,0.6060002516501127
1522,pePQ6YdNww4,UgxIX_QPoavbp6AHPxx4AaABAg,0.23954999999999999,sympathetic,-0.07913333333333335,inflammatory,0.39784692198549604
1523,bd04zIyOCas,UgxIbb53k-csXK0h4Dp4AaABAg,0.2732,sympathetic,-0.17993333333333336,inflammatory,0.45994352485996154
1524,z_1OsbwBfJ0,UgxIp2DROScAMR8B1aZ4AaABAg,0.0,neutral,-0.10471428571428573,inflammatory,0.30592395802754335
1525,Z6DD4PaM0zg,UgxIpTVRwsC0HNfaEId4AaABAg,-0.1918625,inflammatory,-0.17754,inflammatory,0.41379627086016346
1526,6D_RgBOrjI0,UgxIpe67fQPziaRv6aF4AaABAg,-0.21075,inflammatory,0.0,neutral,0.0
1527,6Krjoo3fHtY,UgxIuA1lFnybVdg3QT14AaABAg,-0.4019,inflammatory,0.8885,sympathetic,
1528,aGLmGnuYb_8,UgxIvJH1WwqDpUCRX4J4AaABAg,-0.7845,inflammatory,-0.05103333333333334,inflammatory,0.42479415603324866
1529,5bjJBcpy9sU,UgxIvr3TFNdnQ38dgKV4AaABAg,-0.1219,inflammatory,0.03674999999999999,neutral,0.4205194288020471
1530,p8UbRG5hbiM,UgxJ-pwzahcIo0tvUqh4AaABAg,0.0,neutral,0.21435999999999994,sympathetic,0.47477514724808884
1531,tKdJkhBFqtI,UgxJ00rpfdcZgQoygx54AaABAg,0.0,neutral,0.0,neutral,0.0
1532,mja0Lze2l0c,UgxJ0ZjDmn540g1zj014AaABAg,-0.0876,inflammatory,-0.06133333333333335,inflammatory,0.40429990518590697
1533,2ytZhL25V4w,UgxJ5JJFGC0G8vVzHKB4AaABAg,0.4404,sympathetic,0.6090666666666666,sympathetic,0.3326631910306078
1534,aGLmGnuYb_8,UgxJ6--cljtbcVsnc9p4AaABAg,-0.5106,inflammatory,-0.47401111111111116,inflammatory,0.45628465743558716
1535,46xekr1CEUU,UgxJ6Z2vidLlgCvEeBh4AaABAg,0.9493,sympathetic,0.0,neutral,0.0
1536,OqB0y-8Ej0c,UgxJ97gZuwqR8ObQQ9t4AaABAg,-0.2732,inflammatory,0.05998181818181816,sympathetic,0.3613183494321367
1537,mja0Lze2l0c,UgxJ9Wb2u_SZRxh48V14AaABAg,-0.1531,inflammatory,0.38776,sympathetic,0.4606808797855626
1538,lZqHWBKkcos,UgxJBoEorDf2rjnIoVd4AaABAg,-0.22693333333333332,inflammatory,-0.0017999999999999763,neutral,0.5019322597057628
1539,46xekr1CEUU,UgxJDIH4W7ZoefKCPrl4AaABAg,-0.125,inflammatory,-0.09633333333333334,inflammatory,0.3938101234520684
1540,lhdAgnXWzFA,UgxJEuIuQkSOKgGkXXd4AaABAg,-0.135575,inflammatory,0.07155,sympathetic,0.3553827634697954
1541,OybJv6v8qKo,UgxJFJlvge9kfd9mgXx4AaABAg,0.08863333333333334,sympathetic,-0.21075,inflammatory,0.29804550827012977
1542,qYbQZNOX9zc,UgxJICEjsGJkThhqETJ4AaABAg,0.0,neutral,0.2732,sympathetic,
1543,OLgwMqMkgsg,UgxJOZJ3Y0U77ucm9pZ4AaABAg,0.0,neutral,0.4455,sympathetic,0.6300321420372138
1544,Y1vPwS2h088,UgxJUvygBfE0k536dw54AaABAg,0.0,neutral,-0.7351,inflammatory,
1545,kin9OECNFRk,UgxJfVn6Ju6n4Bfc7aR4AaABAg,-0.19855,inflammatory,0.0,neutral,
1546,tKdJkhBFqtI,UgxJlIukFvIibJb9Ph54AaABAg,-0.2718333333333333,inflammatory,-0.029609999999999997,neutral,0.3151633736827792
1547,7bTckdh1-W0,UgxJmH_n5IL_glLbEmt4AaABAg,0.1801,sympathetic,-0.28650000000000003,inflammatory,0.3686854757106659
1548,mgeeD8rYAwc,UgxJnEvtY2a9giyavgF4AaABAg,-0.2857,inflammatory,-0.1567375,inflammatory,0.30999428076521485
1549,a7jLOtY-1VY,UgxJrszk3zDvA0AhfFJ4AaABAg,0.0,neutral,-0.0903,inflammatory,0.1806
1550,mgeeD8rYAwc,UgxK0186dx-YuAQ9D5t4AaABAg,-0.4898666666666666,inflammatory,-0.1531,inflammatory,
1551,aWOy271EIKU,UgxK1gdXIhJr66CgsJN4AaABAg,0.7579,sympathetic,0.05703333333333333,sympathetic,0.12748160128687852
1552,eE61i2y1mJ0,UgxK3Zsvx-pkirW5S4J4AaABAg,0.0,neutral,0.3154714285714285,sympathetic,0.5911503720551585
1553,6D_RgBOrjI0,UgxK52JCnkPwSuolJ_d4AaABAg,-0.69,inflammatory,-0.10354000000000001,inflammatory,0.5285046811524
1554,Tss1BYWFbtI,UgxK5iamxbGS8WcDKWx4AaABAg,0.4404,sympathetic,0.005862500000000007,neutral,0.36964673845443297
1555,VCwKVFgL6zU,UgxK5lfvPhc5DWSGUKF4AaABAg,0.0772,sympathetic,0.07476666666666666,sympathetic,0.24595493625188064
1556,Djzvi2sVsdY,UgxK87lANnMokLSOMkl4AaABAg,0.8506,sympathetic,0.16004999999999997,sympathetic,0.37981443202935006
1557,lP_9nYehuss,UgxKCPfyzsOdMxT7CFt4AaABAg,-0.11333333333333334,inflammatory,-0.07008181818181818,inflammatory,0.3794792693206782
1558,eE61i2y1mJ0,UgxKDMxipV-aYuUOe354AaABAg,-0.27503333333333335,inflammatory,-0.18184000000000003,inflammatory,0.3952645475772253
1559,iDuNFBjJ774,UgxKGWSjwv_l7DicO0J4AaABAg,0.4404,sympathetic,0.11624999999999999,sympathetic,0.4844388557909037
1560,mja0Lze2l0c,UgxKI-USYOW6XeW07IN4AaABAg,-0.41355,inflammatory,-0.5267,inflammatory,
1561,Sy8scM6B_nU,UgxKKooYT9VJUZ0copV4AaABAg,0.233875,sympathetic,0.1125,sympathetic,0.3275092721333754
1562,gc-7CsqGK9o,UgxKMa-Sh4lqsNtsukx4AaABAg,0.0,neutral,0.0,neutral,
1563,ZSDPc8de7cw,UgxKN-zUg-2CtV63xot4AaABAg,-0.39744999999999997,inflammatory,0.07958888888888888,sympathetic,0.22460514489011846
1564,xEXaGltX3UA,UgxKOoncK8hhkM5lzgJ4AaABAg,-0.148,inflammatory,-0.05525555555555556,inflammatory,0.24392647002278736
1565,_BS6EnE31XM,UgxKTkKe17HQZAZdYSt4AaABAg,0.07050000000000001,sympathetic,-0.031650000000000005,neutral,0.330878118715101
1566,RuHOwKXtDek,UgxK_y0SuDnYE5PYlix4AaABAg,-0.41146666666666665,inflammatory,-0.40164999999999995,inflammatory,0.028072139213105946
1567,DgOOpBixH80,UgxKaFVfU6q4OFjYR6J4AaABAg,-0.05794999999999999,inflammatory,0.23818333333333333,sympathetic,0.2140648351940754
1568,IJAwKvrhY58,UgxKmasb_u43rzkR3wt4AaABAg,-0.0516,inflammatory,-0.17295000000000002,inflammatory,0.2706113209013991
1569,E-iDenM-qVs,UgxKmkMN1EVC-Sjv0mJ4AaABAg,0.9501,sympathetic,0.8955500000000001,sympathetic,0.00643467170879758
1570,iDuNFBjJ774,UgxKpOe91JTCu9vKCYZ4AaABAg,0.0,neutral,-0.5267,inflammatory,
1571,6GfCWFftDSA,UgxKudkZ45rYI5a_JRt4AaABAg,0.2202,sympathetic,0.009849999999999994,neutral,0.39017237561404533
1572,GPcb8SYe8tA,UgxL3m2rks6Y5_Bt-w54AaABAg,-0.0286,neutral,0.26156666666666667,sympathetic,0.27027422648117966
1573,IoqeVMg760U,UgxL77ED2Cg5hLxY5Z94AaABAg,-0.29295,inflammatory,-0.06541666666666666,inflammatory,0.5141483965419582
1574,gc-7CsqGK9o,UgxLA1Atq0VAn3pqNrB4AaABAg,-0.3348,inflammatory,0.0,neutral,
1575,lZqHWBKkcos,UgxLAyERVpp1Xt8qnR54AaABAg,0.1931473684210526,sympathetic,0.04905,neutral,0.4699773563210737
1576,lqvigepgbqI,UgxLBQIya7bAMsGOvQ54AaABAg,-0.4019,inflammatory,-0.031149999999999976,neutral,0.4101316109900983
1577,zx3JMdSDTJs,UgxLMOZVYteBBNNcCWB4AaABAg,-0.7925,inflammatory,-0.22744545454545453,inflammatory,0.3439133738709106
1578,GpmP2vtnXcc,UgxLPOOI1K2WSEwgmxh4AaABAg,0.0,neutral,0.0,neutral,
1579,lP_9nYehuss,UgxLSQHG9fsc2N95YWd4AaABAg,0.0,neutral,0.08071111111111112,sympathetic,0.5183006642973855
1580,Bn7WbKVar1I,UgxLX66zHGe8lnP8AaV4AaABAg,0.4019,sympathetic,0.054566666666666666,sympathetic,0.16756010861777335
1581,qRw6gOjwCbQ,UgxL_1mmwZx_S5UHV7J4AaABAg,-0.148,inflammatory,0.0,neutral,
1582,GpmP2vtnXcc,UgxL_fdzkPRFopWD4HN4AaABAg,0.0,neutral,0.0,neutral,
1583,vMKNBsd_XYg,UgxLa78AiTUk8Y6ieph4AaABAg,0.0,neutral,0.8271,sympathetic,
1584,NrEyGPb2fNI,UgxLbAxwL3iWUFXWiqh4AaABAg,0.0,neutral,0.8625,sympathetic,
1585,tKdJkhBFqtI,UgxLbI-nTzivng9PpqV4AaABAg,-0.3856,inflammatory,-0.03240714285714286,neutral,0.32486873672131195
1586,61-61BHIIp0,UgxLd_X-E_iOkCeGqUd4AaABAg,-0.34626,inflammatory,-0.01776666666666667,neutral,0.5691580126233253
1587,GpmP2vtnXcc,UgxLhHKzS1hzuuBiQCd4AaABAg,0.0,neutral,0.0256,neutral,0.05724334022399462
1588,eE61i2y1mJ0,UgxLkTtSSp0gdeNMsLh4AaABAg,-0.5859,inflammatory,-0.51832,inflammatory,0.3165191889917577
1589,Y1vPwS2h088,UgxLz271eHPvxOv1aXB4AaABAg,0.0,neutral,-0.3612,inflammatory,
1590,vMKNBsd_XYg,UgxM07wFPu-E_ORqy5x4AaABAg,0.0,neutral,-0.04638823529411765,neutral,0.31059566135563
1591,p8UbRG5hbiM,UgxM39kcGro9NPGhkRZ4AaABAg,0.4019,sympathetic,-0.177375,inflammatory,0.37077952536321557
1592,6GfCWFftDSA,UgxM3kc36L28tgjOivl4AaABAg,-0.13831999999999997,inflammatory,-0.06126,inflammatory,0.30222856086081606
1593,6GfCWFftDSA,UgxM54r5q_oVJEN_6G94AaABAg,-0.0258,neutral,0.02747142857142857,neutral,0.22502481873699853
1594,WcIOWDNlR7s,UgxM8fVYuMdDo55rTQl4AaABAg,0.0,neutral,-0.2206,inflammatory,0.22060547741764405
1595,lZqHWBKkcos,UgxMa-T_ZTOOk_zhi9N4AaABAg,0.3182,sympathetic,0.239,sympathetic,0.41396014300896167
1596,DgOOpBixH80,UgxMb0TbRVk4Oz5bX7t4AaABAg,-0.5859,inflammatory,-0.057749999999999996,inflammatory,0.5924847719562082
1597,6D_RgBOrjI0,UgxMck6bcOfuzrp6Gih4AaABAg,-0.4767,inflammatory,0.221,sympathetic,0.2647935648764902
1598,NrEyGPb2fNI,UgxMh6sVbZ25D0xO6Ep4AaABAg,0.20015,sympathetic,0.7003,sympathetic,
1599,dR8H-nQkz4k,UgxMnI-DCaGnOWL6Rt14AaABAg,-0.1591,inflammatory,-0.039071428571428576,neutral,0.4079699223992102
1600,6GfCWFftDSA,UgxMna-6LMLcbgcYROh4AaABAg,-0.34251666666666675,inflammatory,-0.08061764705882354,inflammatory,0.38784234914990606
1601,kin9OECNFRk,UgxMqIpoMlyXfDqwmch4AaABAg,0.3818,sympathetic,-0.20095,inflammatory,0.28418621535887345
1602,zfQxhG5oWdU,UgxMyT99J_MeoB7Tj9V4AaABAg,0.0,neutral,0.5264,sympathetic,0.1216223663640862
1603,kin9OECNFRk,UgxN38Fhu9VZuwLpvUV4AaABAg,-0.0800142857142857,inflammatory,0.0,neutral,
1604,t5mmdQiyhxc,UgxN7x-OqDFHkhCAEPV4AaABAg,-0.7579,inflammatory,-0.7237,inflammatory,0.1397242999624618
1605,Y1vPwS2h088,UgxNQXbuYptLayXhQbd4AaABAg,0.4767,sympathetic,0.14701999999999998,sympathetic,0.32874671405201905
1606,bd04zIyOCas,UgxNQt0FDxydvYYLOt14AaABAg,0.0,neutral,0.4767,sympathetic,0.0
1607,4pM7DLEL7xA,UgxNSXrVPn8sh_41PmZ4AaABAg,-0.6486,inflammatory,-0.2349125,inflammatory,0.31514682037561026
1608,dR8H-nQkz4k,UgxNZgZ7ptin45aBVZp4AaABAg,-0.2732,inflammatory,0.16866666666666666,sympathetic,0.5680997564982169
1609,OqB0y-8Ej0c,UgxNefj4bWoB675gWMp4AaABAg,-0.60375,inflammatory,-0.09043333333333335,inflammatory,0.31305123116405936
1610,Bngr9lb8MPY,UgxNfLuJHjIWORFNYtx4AaABAg,-0.06720000000000001,inflammatory,0.0,neutral,
1611,eE61i2y1mJ0,UgxNpt44d58kHIOUwD94AaABAg,0.0,neutral,0.5674800000000001,sympathetic,0.3342600888529769
1612,lhdAgnXWzFA,UgxNq7197yIKtu484Ph4AaABAg,-0.4767,inflammatory,-0.4588,inflammatory,
1613,BMteNzu1jIA,UgxNrsUIPmf6lJyiChp4AaABAg,-0.1783,inflammatory,-0.5423,inflammatory,
1614,Taz-d2zn6Vg,UgxO5eBHbk6yDBolARl4AaABAg,0.0,neutral,-0.21120625,inflammatory,0.34476168671272045
1615,iDuNFBjJ774,UgxO8heGimuGHtyLfW14AaABAg,0.3707,sympathetic,0.1806,sympathetic,0.25540696936458096
1616,NrEyGPb2fNI,UgxOEqVePsYdmMnmbvN4AaABAg,0.5272,sympathetic,0.4117125,sympathetic,0.2677282760961729
1617,VCwKVFgL6zU,UgxOFm48db6Wy3Kod494AaABAg,-0.07030000000000002,inflammatory,-0.1064,inflammatory,0.24434738079218285
1618,pePQ6YdNww4,UgxOP3obRNF32OHSn0J4AaABAg,0.010922222222222215,neutral,0.3786666666666667,sympathetic,0.3518850569906789
1619,OLgwMqMkgsg,UgxOQlCwJWeEqHyGS_Z4AaABAg,0.4199,sympathetic,0.58775,sympathetic,0.20838436841567554
1620,RuHOwKXtDek,UgxOT8GQpu1fn7mu6Ht4AaABAg,-0.07655,inflammatory,-0.14325833333333335,inflammatory,0.41051208919931687
1621,xEXaGltX3UA,UgxOYD1GvmHr9oEYqtR4AaABAg,0.2023,sympathetic,0.0,neutral,
1622,mgeeD8rYAwc,UgxOfyvnuc8eAkp4fKp4AaABAg,-0.4019,inflammatory,0.0,neutral,
1623,4pM7DLEL7xA,UgxOp0zVec5InA6NB714AaABAg,-0.27896666666666664,inflammatory,-0.06741666666666665,inflammatory,0.33025633932850806
1624,IoqeVMg760U,UgxOvWmO_7nIM_kzhtV4AaABAg,-0.1515,inflammatory,0.0,neutral,
1625,WcIOWDNlR7s,UgxP1TxC6xsvh4wRwCB4AaABAg,0.002828571428571428,neutral,-0.0314764705882353,neutral,0.3125943768076526
1626,nihE9Yt3b-U,UgxPD17xuNshpBeGJnJ4AaABAg,0.1027,sympathetic,-0.4072166666666667,inflammatory,0.33858885638288017
1627,_BS6EnE31XM,UgxPDEkUfbXe0qJFmA14AaABAg,0.5106,sympathetic,0.37895,sympathetic,0.5359162294612844
1628,eE61i2y1mJ0,UgxPFFrlyRYbesT8ieZ4AaABAg,-0.3818,inflammatory,0.08808,sympathetic,0.1969528674581815
1629,fo6qLarJ52U,UgxPFzEZfXmcSVrW0Y14AaABAg,0.03332500000000002,neutral,-0.0509,inflammatory,0.5844222930952127
1630,ZSDPc8de7cw,UgxPQjebVwup5r5v92J4AaABAg,-0.6997,inflammatory,0.50956,sympathetic,0.4775626482462798
1631,2ytZhL25V4w,UgxPRGmLBtndG_-d4jJ4AaABAg,-0.765,inflammatory,0.0,neutral,
1632,VCwKVFgL6zU,UgxPZakiOzq3SDJz7I94AaABAg,0.0,neutral,-0.18626666666666666,inflammatory,0.5067348090142089
1633,a7jLOtY-1VY,UgxPjHy8tfnDHCrMryZ4AaABAg,0.14736666666666667,sympathetic,0.11762857142857143,sympathetic,0.2694378141877745
1634,fpVuA8E0KZs,UgxPjjoinUloKAeA__B4AaABAg,0.24914999999999998,sympathetic,-0.05141249999999997,inflammatory,0.4988434149896853
1635,qYbQZNOX9zc,UgxPlGFryR13nH-J6rl4AaABAg,0.6407,sympathetic,0.0577681818181818,sympathetic,0.258745965482903
1636,E-iDenM-qVs,UgxPmEFRxUIbo7KxDIZ4AaABAg,0.0,neutral,-0.2732,inflammatory,
1637,aGLmGnuYb_8,UgxPzFoQgoFh_RU6Y314AaABAg,-0.18076666666666666,inflammatory,-0.23564545454545457,inflammatory,0.538429223507856
1638,yySFCBFXevg,UgxQ5CF_NTZNXEJLEzN4AaABAg,0.0,neutral,-0.12388333333333335,inflammatory,0.3281633399188073
1639,RuHOwKXtDek,UgxQCUQJOvnJssKHOcJ4AaABAg,-0.2732,inflammatory,0.21394285714285713,sympathetic,0.27606214190010947
1640,4pM7DLEL7xA,UgxQPCfwAZ8kHPB99Tp4AaABAg,-0.8519,inflammatory,-0.04341666666666666,neutral,0.13658000463708686
1641,VCwKVFgL6zU,UgxQRajtVNlQR_IWc1F4AaABAg,-0.18495,inflammatory,-0.19926666666666668,inflammatory,0.21644943674370387
1642,gc-7CsqGK9o,UgxQSoZSgDPnVtsWgTF4AaABAg,0.047599999999999976,neutral,0.12590714285714286,sympathetic,0.26245130673439865
1643,fpVuA8E0KZs,UgxQYPWTQUk0K_jrWmR4AaABAg,0.0,neutral,-0.2263,inflammatory,
1644,fpVuA8E0KZs,UgxQc5Od2GRmAHJRy9J4AaABAg,-0.6364,inflammatory,0.14494285714285712,sympathetic,0.18391312131133056
1645,2EM-F3VfwUI,UgxQeziid9NlFuMYoZx4AaABAg,0.0,neutral,0.07749999999999999,sympathetic,0.30858947648939683
1646,GpmP2vtnXcc,UgxQlxBuWWMzE3xJ2FN4AaABAg,0.0,neutral,0.0,neutral,0.0
1647,eE61i2y1mJ0,UgxQw5q7Nqvbu34_ye14AaABAg,-0.5859,inflammatory,0.06870000000000001,sympathetic,0.25312710246040426
1648,aGLmGnuYb_8,UgxQxE7VshDFDKSThF94AaABAg,-0.21716666666666665,inflammatory,-0.10876785714285712,inflammatory,0.47727900920978616
1649,mja0Lze2l0c,UgxQzqqrxg6RI6g1O_14AaABAg,-0.27115,inflammatory,-0.5423,inflammatory,
1650,7H-oD45q0MM,UgxR-c4XBAUUwIJrko54AaABAg,-0.024233333333333332,neutral,-0.4494,inflammatory,
1651,qYbQZNOX9zc,UgxR4QH3ff_8ndBtqEB4AaABAg,0.1511,sympathetic,-0.19853636363636362,inflammatory,0.4390453578319286
1652,kin9OECNFRk,UgxR6qvIvmr9P2BSxjh4AaABAg,-0.5106,inflammatory,0.16288333333333332,sympathetic,0.5333721455669266
1653,iDuNFBjJ774,UgxR9MaxfYVN4nHCgi94AaABAg,0.3665,sympathetic,-0.08648000000000002,inflammatory,0.3959979949444189
1654,Djzvi2sVsdY,UgxREuc4DpFJuSdRJqJ4AaABAg,0.22555,sympathetic,0.16529999999999997,sympathetic,0.5849886608587669
1655,zx3JMdSDTJs,UgxRGHXB7NoEGiKJlkV4AaABAg,0.0516,sympathetic,-0.23424166666666668,inflammatory,0.48627317137280945
1656,zfQxhG5oWdU,UgxRItEkZ0ExDX7VSmN4AaABAg,-0.0286,neutral,-0.06917142857142856,inflammatory,0.35116653558430894
1657,xQEZ2SRu6bA,UgxRJ3GE4bpqpswKTT14AaABAg,-0.4939,inflammatory,0.2942,sympathetic,
1658,Djzvi2sVsdY,UgxRLnWxlf5FCRSrhl54AaABAg,-0.8201,inflammatory,-0.014780000000000005,neutral,0.30676208950187367
1659,rdmy9RjkNtA,UgxRMc2UzQxF4N2K_hF4AaABAg,-0.4278,inflammatory,-0.3235166666666667,inflammatory,0.3742070411772962
1660,gc-7CsqGK9o,UgxRO5hD9QmuxHRy6md4AaABAg,-0.296,inflammatory,0.4153,sympathetic,0.2009597472132168
1661,GpmP2vtnXcc,UgxROYLwJrJ_Fp5pPtR4AaABAg,0.0,neutral,0.021871428571428573,neutral,0.057866360817712695
1662,z_1OsbwBfJ0,UgxRQ0nOTZqZ0CCIaPF4AaABAg,-0.25,inflammatory,0.0164,neutral,0.24429517801217443
1663,6D_RgBOrjI0,UgxRRYY5rzyxwf2wH_h4AaABAg,-0.296,inflammatory,0.0,neutral,
1664,3L2BXNMGTew,UgxRSuaID4Pv1-KnOnt4AaABAg,0.127075,sympathetic,0.2251,sympathetic,0.4353367317376286
1665,mMPRQSnKe9w,UgxRWvWPsb0HXLKj0ih4AaABAg,0.0,neutral,0.4019,sympathetic,
1666,lP_9nYehuss,UgxRemqkLkouR4DW4n54AaABAg,-0.6249,inflammatory,-0.1696125,inflammatory,0.524993456932016
1667,mMPRQSnKe9w,UgxRhd6PSyoFhckioZ14AaABAg,-0.4215,inflammatory,0.343475,sympathetic,0.4075836550124813
1668,7bTckdh1-W0,UgxRuIR8Qc5IsDOjRV54AaABAg,-0.7088,inflammatory,-0.1591,inflammatory,0.2250013777735594
1669,8QB4UxnzCrg,UgxRvB8gafoOQcG62aF4AaABAg,-0.1591,inflammatory,0.0013636363636363598,neutral,0.34625606210643384
1670,UGdWOPXE4Pc,UgxRxLIUJMCPrQKUyUV4AaABAg,-0.09385,inflammatory,0.0670375,sympathetic,0.20251034497385206
1671,Taz-d2zn6Vg,UgxS0HLWTCu6haTWv0h4AaABAg,-0.1083,inflammatory,0.0,neutral,0.0
1672,ZSDPc8de7cw,UgxS1In2KASmugaQjXx4AaABAg,0.45505,sympathetic,0.49905,sympathetic,0.19494933957313115
1673,nihE9Yt3b-U,UgxS747XPT39_XM84ll4AaABAg,0.0,neutral,0.1027,sympathetic,
1674,Tss1BYWFbtI,UgxSAckYIcpF7BTJeS14AaABAg,-0.29295,inflammatory,0.01882499999999998,neutral,0.44817171095462954
1675,fpVuA8E0KZs,UgxSDlcDkEq65mUUF214AaABAg,0.0,neutral,-0.212725,inflammatory,0.3058319514046889
1676,kzEZ-0ym5Xg,UgxSJMjL_MwYyYg_uX54AaABAg,0.0,neutral,0.20894000000000004,sympathetic,0.3980812541289641
1677,zx3JMdSDTJs,UgxSL9InextCYAVt9rZ4AaABAg,-0.21075,inflammatory,-0.2436333333333333,inflammatory,0.459377227885754
1678,lZqHWBKkcos,UgxSPGgH10DJV86g4Ht4AaABAg,0.13935,sympathetic,0.5574,sympathetic,
1679,t5mmdQiyhxc,UgxSUG78WJZhroXcuP94AaABAg,-0.9019,inflammatory,-0.07144999999999999,inflammatory,0.3175616554308785
1680,6D_RgBOrjI0,UgxSZceVpYvvEhNet5B4AaABAg,-0.5469999999999999,inflammatory,-0.8313,inflammatory,
1681,mja0Lze2l0c,UgxSa7J2f6n2GdqdEJt4AaABAg,-0.09150000000000001,inflammatory,-0.1674,inflammatory,0.3348
1682,50AKW9lBuNM,UgxSb-eanueocBXLNYd4AaABAg,-0.5564,inflammatory,-0.15825555555555557,inflammatory,0.34107226181232886
1683,E-iDenM-qVs,UgxSe7XrL9lSqUtdq9R4AaABAg,0.891,sympathetic,0.0,neutral,
1684,lZqHWBKkcos,UgxSecS-DjNv_3hY7ct4AaABAg,0.1812,sympathetic,0.0,neutral,
1685,z_1OsbwBfJ0,UgxSg_Kj2cBRC-lioS14AaABAg,0.0862,sympathetic,-0.26353333333333334,inflammatory,0.4564531228213181
1686,Sy8scM6B_nU,UgxShosVL4ITlpoFtSV4AaABAg,-0.5106,inflammatory,0.013328571428571427,neutral,0.23768687184533152
1687,t5mmdQiyhxc,UgxStlo_ihrYw1-8ist4AaABAg,-0.5574,inflammatory,-0.23835,inflammatory,0.33707780259162723
1688,zfbvk0ALtIQ,UgxSvOV8JzZ86O7cird4AaABAg,0.443,sympathetic,0.2732,sympathetic,
1689,dR8H-nQkz4k,UgxSxRDwfoTZsCaRLG14AaABAg,-0.6369,inflammatory,0.07386666666666666,sympathetic,0.17454504671669527
1690,t5mmdQiyhxc,UgxSxa3MdjhzpePH2hB4AaABAg,-0.17,inflammatory,-0.1186375,inflammatory,0.303880746992726
1691,VCwKVFgL6zU,UgxT-nT0vYjyNvRjITh4AaABAg,-0.8807,inflammatory,-0.16215,inflammatory,0.3243
1692,Z6DD4PaM0zg,UgxT0Zij19qjrrhkT7Z4AaABAg,0.0,neutral,0.5106,sympathetic,
1693,13q2vOdV9kE,UgxT2UtC4TZ7O7nDBLt4AaABAg,0.4926,sympathetic,-0.13503333333333334,inflammatory,0.360644568793154
1694,7bTckdh1-W0,UgxT9raFB_okDtnPoqN4AaABAg,-0.0258,neutral,-0.06679166666666667,inflammatory,0.3462624345212834
1695,dR8H-nQkz4k,UgxTD75UGYpO3b8eA6t4AaABAg,-0.16724999999999998,inflammatory,-0.07714999999999997,inflammatory,0.6357597069648249
1696,lqvigepgbqI,UgxTHtVFQA5hdo24g1V4AaABAg,-0.07955,inflammatory,-0.18741249999999998,inflammatory,0.2998341038331507
1697,6Krjoo3fHtY,UgxTLMOY8ycoLAnBMGV4AaABAg,0.0,neutral,0.0,neutral,
1698,xEXaGltX3UA,UgxTM6dVc0m-MorCR8J4AaABAg,0.1261142857142857,sympathetic,-0.11983333333333335,inflammatory,0.34674449286662556
1699,Y1vPwS2h088,UgxTPQuErP7GnZQFtsZ4AaABAg,-0.4767,inflammatory,-0.2263,inflammatory,
1700,2EM-F3VfwUI,UgxTPR2Y_C5X0pT76lt4AaABAg,-0.4767,inflammatory,-0.23835,inflammatory,0.33707780259162723
1701,tKdJkhBFqtI,UgxTST1IH4r_MtPltbx4AaABAg,-0.296,inflammatory,-0.14834285714285714,inflammatory,0.26250205622777417
1702,Sy8scM6B_nU,UgxTTQS_tHLS3m98_UF4AaABAg,0.31845,sympathetic,-0.076775,inflammatory,0.5195395421268081
1703,lqvigepgbqI,UgxTcfn0XCxFweTE2_54AaABAg,-0.4391,inflammatory,-0.32378333333333337,inflammatory,0.5388560602486221
1704,kJZNjjiWALs,UgxTd46O9OKOsxGERwN4AaABAg,-0.03525999999999998,neutral,-0.1946,inflammatory,0.29350632020452305
1705,QnC9ZTG-s5Q,UgxTfQy42_mkcNM-6iV4AaABAg,0.0,neutral,0.25306666666666666,sympathetic,0.2191732039582698
1706,pJGMNIsiiRo,UgxTpuVBBhFgWIGx3LR4AaABAg,0.0,neutral,-0.08211818181818181,inflammatory,0.3346820425961985
1707,Bn7WbKVar1I,UgxTsxM7zN5HNys7FJJ4AaABAg,-0.5255,inflammatory,0.0977,sympathetic,0.4404821086037434
1708,IJAwKvrhY58,UgxTuzRLcFWxdaEEOV14AaABAg,-0.4767,inflammatory,0.006609090909090908,neutral,0.39259212283117817
1709,zx3JMdSDTJs,UgxTv_cBZvHSrDMZF7d4AaABAg,-0.10115,inflammatory,-0.10108181818181818,inflammatory,0.46615546294810667
1710,6Krjoo3fHtY,UgxU0MCFLeYJ2A7F77d4AaABAg,0.2202,sympathetic,0.11161428571428571,sympathetic,0.191374505691253
1711,aGLmGnuYb_8,UgxU25peFlPOXPvPVxt4AaABAg,-0.35005000000000003,inflammatory,-0.352205,inflammatory,0.4941141935721678
1712,WcIOWDNlR7s,UgxU6iXeJy5z7tLdDmB4AaABAg,-0.8225,inflammatory,-0.07607499999999999,inflammatory,0.37305877016899097
1713,mja0Lze2l0c,UgxU9Mtd8R6lrWAaIoZ4AaABAg,-0.5783,inflammatory,-0.15934285714285717,inflammatory,0.43168626283889266
1714,2ytZhL25V4w,UgxUE-qJQUTHKwHBoYB4AaABAg,0.0,neutral,0.05741428571428571,sympathetic,0.31436035282549774
1715,qYbQZNOX9zc,UgxUFuVkJ2zD6a5jVaN4AaABAg,0.3173,sympathetic,0.08560666666666666,sympathetic,0.32359049179627075
1716,Djzvi2sVsdY,UgxUGkWNkRu2CkZxDQ54AaABAg,-0.5608,inflammatory,-0.1391777777777778,inflammatory,0.3173527274103237
1717,2ytZhL25V4w,UgxUIvP-uis5UnIRaQ94AaABAg,0.1806,sympathetic,-0.31053333333333333,inflammatory,0.5378595107770554
1718,a7jLOtY-1VY,UgxUNR-vM7Zz5X8W3zl4AaABAg,0.0,neutral,0.0,neutral,
1719,ZSDPc8de7cw,UgxUP_mse6JKXoZpT-14AaABAg,-0.6486,inflammatory,0.0,neutral,
1720,zfQxhG5oWdU,UgxUZfYllkOH9CCTS2F4AaABAg,0.0,neutral,-0.10822000000000001,inflammatory,0.24198727652502725
1721,fo6qLarJ52U,UgxU_cr5iktrv_v5nIV4AaABAg,-0.2732,inflammatory,0.18295,sympathetic,0.019869700551341997
1722,2EM-F3VfwUI,UgxUby0qoBkLbT8Ir0N4AaABAg,0.0139,neutral,0.4767,sympathetic,
1723,2ytZhL25V4w,UgxUdIIyDSWBUGK2RKt4AaABAg,0.43785,sympathetic,-0.29478571428571426,inflammatory,0.37178926122456085
1724,Bn7WbKVar1I,UgxUfLnu5nHLj6Cc0rB4AaABAg,-0.8481,inflammatory,-0.22571666666666665,inflammatory,0.2879805164916333
1725,IJAwKvrhY58,UgxUfYDhgU4I8MrkTP94AaABAg,0.0,neutral,-0.04705833333333334,neutral,0.25204638987994876
1726,mgeeD8rYAwc,UgxUk7g_uX26ft-gfNp4AaABAg,0.0,neutral,-0.15857499999999997,inflammatory,0.3319385707818952
1727,ZSDPc8de7cw,UgxUma9tOh_eAxafhpd4AaABAg,0.9291,sympathetic,0.125,sympathetic,0.1767766952966369
1728,OybJv6v8qKo,UgxUn4_X1t_IESCwI2p4AaABAg,-0.4215,inflammatory,-0.072475,inflammatory,0.36963238832656425
1729,mMPRQSnKe9w,UgxUqVz4dnZQlOffPkR4AaABAg,0.0,neutral,0.03144999999999998,neutral,0.36223844948557615
1730,Tss1BYWFbtI,UgxUufH_5Kp0krghpOV4AaABAg,-0.4767,inflammatory,-0.044675,neutral,0.2518552461236414
1731,xHIyM7-R8Yw,UgxUwjlWlKurgx4YFTp4AaABAg,-0.24877499999999994,inflammatory,0.22715,sympathetic,0.48382139576500743
1732,iDuNFBjJ774,UgxV22Q0GU7GkrNkm4Z4AaABAg,-0.02364285714285715,neutral,0.061419999999999995,sympathetic,0.12959041288270945
1733,OLgwMqMkgsg,UgxV3aruiWMfPf26PWd4AaABAg,0.9782,sympathetic,0.7574,sympathetic,
1734,46xekr1CEUU,UgxV4w5dI3XIUluzx1J4AaABAg,-0.296,inflammatory,0.0,neutral,0.0
1735,qYbQZNOX9zc,UgxV5jD8gSlZe61ZoUd4AaABAg,-0.28595,inflammatory,0.048780000000000004,neutral,0.45421926643417493
1736,a7jLOtY-1VY,UgxV8fI7NRribA8Sj8V4AaABAg,0.0814,sympathetic,-0.11796,inflammatory,0.21109292503539762
1737,mja0Lze2l0c,UgxVCXTxCCL7TSdSFAx4AaABAg,0.0,neutral,0.0,neutral,
1738,UGdWOPXE4Pc,UgxVLdD5fL1bCVziQeN4AaABAg,-0.19495,inflammatory,0.01931818181818183,neutral,0.45581566409719143
1739,t5mmdQiyhxc,UgxVMGFx8lCDLvxNZot4AaABAg,-0.2688,inflammatory,-0.2644642857142857,inflammatory,0.32861509775499886
1740,ZSDPc8de7cw,UgxVPB7emgHQvQP0XKR4AaABAg,-0.1779,inflammatory,0.020476923076923084,neutral,0.4413152995192254
1741,vMKNBsd_XYg,UgxVSd-gqcg5F9QYeJ14AaABAg,0.05135,sympathetic,-0.13010714285714284,inflammatory,0.34821400463217733
1742,pePQ6YdNww4,UgxVWLrl7OdazcHz4Tt4AaABAg,0.118975,sympathetic,-0.07140769230769232,inflammatory,0.4123032893828249
1743,2ytZhL25V4w,UgxVbYyiHZj56XQS1R94AaABAg,0.6705,sympathetic,0.21384999999999998,sympathetic,0.2659428604042605
1744,t5mmdQiyhxc,UgxVdCZAaiR0GT867L94AaABAg,0.0,neutral,0.0,neutral,
1745,a7jLOtY-1VY,UgxVerH9n3PimUbIKnd4AaABAg,0.0,neutral,-0.041018181818181815,neutral,0.28120358041170745
1746,IOueE_uol8M,UgxVhEzMJDMXQI5AkaV4AaABAg,-0.6191,inflammatory,0.0,neutral,0.0
1747,Bn7WbKVar1I,UgxVjCT12CblVHBOEmF4AaABAg,0.0927,sympathetic,0.0,neutral,0.0
1748,5bjJBcpy9sU,UgxVpK2JAmGy4LvpfGx4AaABAg,-0.4019,inflammatory,0.126,sympathetic,0.39057686183387774
1749,6GfCWFftDSA,UgxVsN8Q6r5EMJPYTKV4AaABAg,-0.6902,inflammatory,-0.27015,inflammatory,0.3806174413589933
1750,lP_9nYehuss,UgxVtFjQ6PTVbaJiu5d4AaABAg,0.6369,sympathetic,0.22415555555555558,sympathetic,0.36808719113516813
1751,ZSDPc8de7cw,UgxVtL0Dhp30vdOiKjV4AaABAg,0.2382,sympathetic,0.1727,sympathetic,0.5463210319949251
1752,p8UbRG5hbiM,UgxVzXN4QF-uUhQ4-fJ4AaABAg,0.0,neutral,0.09957999999999999,sympathetic,0.30565071895874873
1753,ZSDPc8de7cw,UgxW-Lx_5OZHneOhvHh4AaABAg,0.21230000000000002,sympathetic,0.0,neutral,
1754,ZSDPc8de7cw,UgxW0nF-DijO3ADont14AaABAg,-0.6027,inflammatory,-0.3919,inflammatory,0.16786714985368642
1755,6Krjoo3fHtY,UgxW396XdrAT04jh65x4AaABAg,0.3612,sympathetic,0.22365714285714283,sympathetic,0.4888509072547677
1756,lP_9nYehuss,UgxW82uTSZMys8APH0l4AaABAg,-0.2553,inflammatory,-0.09781176470588235,inflammatory,0.3892388050451049
1757,z_1OsbwBfJ0,UgxWCZhhClVwJaoiRD54AaABAg,0.31845,sympathetic,0.1689857142857143,sympathetic,0.6067478318284882
1758,CJHJd1gOB48,UgxWHs0xizpp5FrYR6V4AaABAg,-0.3167,inflammatory,0.0,neutral,
1759,Taz-d2zn6Vg,UgxWM_XRxeZNploIE8x4AaABAg,0.0,neutral,0.020733333333333343,neutral,0.3936308609175183
1760,pePQ6YdNww4,UgxWPhwlOEKegkuUSat4AaABAg,-0.16048888888888888,inflammatory,-0.148,inflammatory,0.20930360723121805
1761,mja0Lze2l0c,UgxWdutmtVaAhb2uqQZ4AaABAg,-0.6431,inflammatory,0.051425,sympathetic,0.44426181751305166
1762,nihE9Yt3b-U,UgxWe9Sv36HE20lD9pd4AaABAg,-0.8012,inflammatory,-0.16174358974358977,inflammatory,0.38392982143456195
1763,ykwxUGxIDrQ,UgxWfaxIW507KmPzZHt4AaABAg,-0.37895,inflammatory,-0.12845714285714285,inflammatory,0.4832465307933514
1764,2EM-F3VfwUI,UgxWjADOuX1gGeZsd_54AaABAg,-0.29295,inflammatory,-0.20412,inflammatory,0.20464175282673866
1765,X4jrbP6ZnP4,UgxWn8Cm6QlNbe7Tr9V4AaABAg,0.6705,sympathetic,0.4109,sympathetic,0.36712984079205546
1766,kin9OECNFRk,UgxWrDUdLb1A-_CzBa14AaABAg,-0.2848,inflammatory,0.020571428571428574,neutral,0.17946020649237457
1767,eE61i2y1mJ0,UgxWvZqbphPRP23ylhV4AaABAg,-0.3182,inflammatory,-0.17574615384615383,inflammatory,0.4434725820449794
1768,fpVuA8E0KZs,UgxWwrn333VsNX8T24V4AaABAg,0.0,neutral,-0.12117272727272727,inflammatory,0.36422172667458785
1769,6Krjoo3fHtY,UgxWyIRwNmeFxe8PycZ4AaABAg,0.20095,sympathetic,0.21657777777777779,sympathetic,0.439316960683792
1770,eE61i2y1mJ0,UgxX-grpol696-47o0x4AaABAg,-0.1589,inflammatory,0.28361111111111115,sympathetic,0.4227465861613919
1771,xEXaGltX3UA,UgxX1tU0Dba9ApiKpZ14AaABAg,-0.20143333333333333,inflammatory,-0.1256090909090909,inflammatory,0.23780034673879455
1772,VCwKVFgL6zU,UgxX8ID_o0hP3OFdVmJ4AaABAg,0.0,neutral,-0.20298181818181818,inflammatory,0.29217847907805194
1773,OqB0y-8Ej0c,UgxX8_Wj38blscNoPcV4AaABAg,-0.45765,inflammatory,0.06203750000000001,sympathetic,0.513495416414374
1774,psP1uxfO6CQ,UgxXB5CGT9onOznIl3t4AaABAg,0.12655,sympathetic,-0.16994285714285715,inflammatory,0.3164714882215187
1775,4pM7DLEL7xA,UgxXD-wRCbsywi1l12V4AaABAg,-0.40854999999999997,inflammatory,0.03725,neutral,0.27798012698752406
1776,VCwKVFgL6zU,UgxXGVbE-wu3kv67TLN4AaABAg,0.09179999999999999,sympathetic,0.0,neutral,
1777,mMPRQSnKe9w,UgxXNYFKyD2Ug0zUJdp4AaABAg,-0.1027,inflammatory,0.08002499999999999,sympathetic,0.4282443786637985
1778,54oSf8j9Eh0,UgxXPmywwPe8J-CtMBh4AaABAg,-0.3243,inflammatory,0.0,neutral,0.0
1779,TybnJ6mrvI4,UgxXTFEJfJnXNtW2O1J4AaABAg,0.4754,sympathetic,-0.11078750000000001,inflammatory,0.3422878532755727
1780,mja0Lze2l0c,UgxXVIrA6eL2VYnefCF4AaABAg,0.41355,sympathetic,-0.012074999999999989,neutral,0.2932076433909204
1781,eAF4_2edowo,UgxXVMancHzMl6AKO2R4AaABAg,-0.8625,inflammatory,-0.22945000000000002,inflammatory,0.30281066416712166
1782,lZqHWBKkcos,UgxXXJm558ogqXPe39x4AaABAg,-0.14613333333333334,inflammatory,-0.08058333333333334,inflammatory,0.36399891316854066
1783,IJAwKvrhY58,UgxXZJFyoczfojUnJ_R4AaABAg,-0.0625,inflammatory,0.05333333333333332,sympathetic,0.40899566419869704
1784,xHIyM7-R8Yw,UgxXgZ8lgWC-Hw27kiZ4AaABAg,-0.5423,inflammatory,0.17073333333333332,sympathetic,0.6935446368715811
1785,OybJv6v8qKo,UgxXqbyaYJNSNpIeoNR4AaABAg,0.0,neutral,0.06536666666666667,sympathetic,0.3510230951566198
1786,RuHOwKXtDek,UgxXtSy4HPjj6V6eKGl4AaABAg,-0.5106,inflammatory,0.19755714285714285,sympathetic,0.41502789005536667
1787,DgOOpBixH80,UgxXuUPiif9EdNBgZxZ4AaABAg,-0.2772,inflammatory,-0.008722222222222221,neutral,0.17409301951670678
1788,DgOOpBixH80,UgxXxAU-LFAc1_YbnO14AaABAg,0.926,sympathetic,0.21266666666666667,sympathetic,0.3523682316365462
1789,GpmP2vtnXcc,UgxY6z47x7KPZoTabWV4AaABAg,0.0,neutral,0.0,neutral,0.0
1790,lhdAgnXWzFA,UgxYGNjK87u4TXZnjb54AaABAg,0.06290000000000001,sympathetic,0.8147,sympathetic,
1791,xHIyM7-R8Yw,UgxYI7Jw1xra3p3hbOF4AaABAg,0.0,neutral,-0.19483,inflammatory,0.3371674297239676
1792,eAF4_2edowo,UgxYI_HHCnh7bvgEcPt4AaABAg,-0.8481,inflammatory,0.25178,sympathetic,0.35783947797860427
1793,qYbQZNOX9zc,UgxYKRX-SnSt6YErYtl4AaABAg,-0.325025,inflammatory,-0.17885,inflammatory,0.31984008504250994
1794,Z6DD4PaM0zg,UgxYQJful4XnkMC6yQh4AaABAg,0.0,neutral,-0.03175,neutral,0.46350849506778186
1795,fpVuA8E0KZs,UgxYSQQI3edRAc5bntd4AaABAg,-0.4253,inflammatory,-0.07061999999999999,inflammatory,0.18440477682068246
1796,SFr12qevR18,UgxYSbD4fAnTqph20xl4AaABAg,-0.44094999999999995,inflammatory,-0.613075,inflammatory,0.4407796000648548
1797,Sy8scM6B_nU,UgxYWPuLuvqiasXJZ8t4AaABAg,0.041139999999999996,neutral,0.02933333333333334,neutral,0.3182156082490822
1798,9dn7N5-EKRE,UgxYZK3uQY3KoKkulHt4AaABAg,0.0,neutral,-0.05924444444444445,inflammatory,0.421584864265521
1799,eE61i2y1mJ0,UgxYZPRGH6klA3kYOZ54AaABAg,-0.5423,inflammatory,-0.023339999999999982,neutral,0.3950134909088549
1800,fo6qLarJ52U,UgxY_A31bbNm4N37dMd4AaABAg,-0.04376666666666662,neutral,-0.027099999999999992,neutral,0.36339556271369083
1801,ZSDPc8de7cw,UgxYeBrdIQ2JN7gT8eJ4AaABAg,0.20995,sympathetic,-0.0038166666666666995,neutral,0.5464232111346174
1802,aGLmGnuYb_8,UgxYi56CZkp9r40bJhZ4AaABAg,0.07446666666666668,sympathetic,-0.0772,inflammatory,
1803,6D_RgBOrjI0,UgxYiTWpS7xldP3N-ih4AaABAg,-0.3612,inflammatory,0.004120000000000001,neutral,0.31638357451394694
1804,9dn7N5-EKRE,UgxYk8b5xf4kF0oEzbV4AaABAg,-0.16385384615384613,inflammatory,-0.10334285714285715,inflammatory,0.3275886132389365
1805,mja0Lze2l0c,UgxYkinMxlzjeQZHc2l4AaABAg,-0.05717499999999999,inflammatory,-0.0504086956521739,inflammatory,0.3383416131569924
1806,DgOOpBixH80,UgxZ-yPgm5yByi_LZFt4AaABAg,0.8271,sympathetic,0.429575,sympathetic,0.6173699649087478
1807,WcIOWDNlR7s,UgxZ0k58ohSvHj3qatF4AaABAg,-0.2757,inflammatory,-0.32973913043478265,inflammatory,0.39499577413059456
1808,6GfCWFftDSA,UgxZ3JCbCTzP2C5hwcZ4AaABAg,-0.9179,inflammatory,0.07391428571428571,sympathetic,0.5603827811670978
1809,Sy8scM6B_nU,UgxZD1d1xZipRBGfbeV4AaABAg,0.05215,sympathetic,-0.12185555555555555,inflammatory,0.4794186013055582
1810,vMKNBsd_XYg,UgxZEVNy6-uMCO1uH6N4AaABAg,0.03340000000000001,neutral,-0.027522222222222226,neutral,0.37847263037694606
1811,qYbQZNOX9zc,UgxZHwvpNdgMBLDcLKZ4AaABAg,0.416975,sympathetic,0.40275,sympathetic,0.34568700727681395
1812,NrEyGPb2fNI,UgxZLW-_ynKCH10vBb54AaABAg,-0.05756666666666666,inflammatory,0.0,neutral,
1813,t5mmdQiyhxc,UgxZYSnwEnx-VOJyQgB4AaABAg,0.2732,sympathetic,0.0,neutral,0.0
1814,2EM-F3VfwUI,UgxZmzE1qvHZFnWFVXp4AaABAg,0.20865,sympathetic,0.0,neutral,
1815,_BS6EnE31XM,UgxZos4kiq3mhUYg71h4AaABAg,-0.6228,inflammatory,-0.408875,inflammatory,0.3302778968787749
1816,zx3JMdSDTJs,UgxZufR0Vqa0LypMEC94AaABAg,0.0,neutral,0.3818,sympathetic,
1817,dR8H-nQkz4k,UgxZvNnxb5NTAtWf4R54AaABAg,-0.28595,inflammatory,-0.03516666666666668,neutral,0.5474977108019113
1818,lhdAgnXWzFA,UgxZzhTuBSPDiBoPMfB4AaABAg,0.4019,sympathetic,0.4109,sympathetic,0.012727922061357868
1819,6GfCWFftDSA,Ugx_-OHZZeAcTsptJHB4AaABAg,-0.2023,inflammatory,0.0411125,neutral,0.2732093307207079
1820,p8UbRG5hbiM,Ugx_8qHXsGaf5IOY5Nh4AaABAg,-0.09503999999999999,inflammatory,-0.21135,inflammatory,0.47625213502000296
1821,zfQxhG5oWdU,Ugx_9dV1MphOsMg-p2x4AaABAg,0.4215,sympathetic,-0.236575,inflammatory,0.592588999343438
1822,GPcb8SYe8tA,Ugx_9nRtjlzcOYnw9UR4AaABAg,0.4404,sympathetic,-0.0992,inflammatory,0.14028998538741103
1823,lhdAgnXWzFA,Ugx_ARBbhlB5rCkUslx4AaABAg,0.10705,sympathetic,0.16162,sympathetic,0.4853062249755303
1824,bd04zIyOCas,Ugx_JcDWrurl4Mwrpf54AaABAg,0.0,neutral,-0.25733,inflammatory,0.2897871925178344
1825,bd04zIyOCas,Ugx_OJymbP3pVNi-y0F4AaABAg,0.29295,sympathetic,-0.4588,inflammatory,0.0
1826,Taz-d2zn6Vg,Ugx_agoSxSBAT_sgs4p4AaABAg,0.1287,sympathetic,-0.12745555555555554,inflammatory,0.21261289419453794
1827,mMPRQSnKe9w,Ugx_bJIZhbVVZ36G2_14AaABAg,0.6808,sympathetic,-0.05624285714285715,inflammatory,0.2004981783553395
1828,ZSDPc8de7cw,Ugx_eHUvH4E6EW6TeAp4AaABAg,-0.16094999999999998,inflammatory,0.04738,neutral,0.3480693063170035
1829,lqvigepgbqI,Ugx_gwtb3rzkv1BKV514AaABAg,0.3612,sympathetic,-0.23093333333333335,inflammatory,0.42751880270540926
1830,IOueE_uol8M,Ugx_hmwxHzltsVTCHHp4AaABAg,-0.28735,inflammatory,-0.23581818181818182,inflammatory,0.31532921151768295
1831,aWOy271EIKU,Ugx_kOy2y_6D-8dw3-J4AaABAg,0.099925,sympathetic,0.20165,sympathetic,0.2851761648525346
1832,fo6qLarJ52U,Ugx_uE2NNqZTBIvEG7l4AaABAg,-0.12922857142857141,inflammatory,-0.13143333333333332,inflammatory,0.3724764356996495
1833,Y1vPwS2h088,Ugx_vzVmU_jb-tLcsJt4AaABAg,-0.58315,inflammatory,0.0,neutral,
1834,54oSf8j9Eh0,Ugxa2rQHga4ilSs03Nd4AaABAg,-0.2454666666666667,inflammatory,-0.07798124999999999,inflammatory,0.4197774459270561
1835,aGLmGnuYb_8,UgxaJX87AEK3UBLtOJN4AaABAg,0.4173,sympathetic,0.0989,sympathetic,0.4288833267917978
1836,p8UbRG5hbiM,UgxaSQkY_-K4r1jyyzd4AaABAg,0.0,neutral,0.19824000000000003,sympathetic,0.4687915186946112
1837,iCknHYY2wmw,UgxaZxidQS5ME9vvHVd4AaABAg,0.3612,sympathetic,0.0,neutral,
1838,fpVuA8E0KZs,Ugxab-97tctzXugxi8p4AaABAg,-0.11595,inflammatory,-0.2831142857142857,inflammatory,0.2907924255579996
1839,OybJv6v8qKo,Ugxae3HrkTqEt-hws8F4AaABAg,-0.2732,inflammatory,-0.3251833333333333,inflammatory,0.5359963746767945
1840,mja0Lze2l0c,UgxafgVbCpudLQ57wQl4AaABAg,-0.4404,inflammatory,0.0,neutral,0.0
1841,2ytZhL25V4w,Ugxalt2HsTHEQBvCV994AaABAg,0.24080000000000001,sympathetic,0.0,neutral,
1842,3L2BXNMGTew,Ugxaw_IVUjc7Pp6ssvx4AaABAg,0.296,sympathetic,0.09210769230769231,sympathetic,0.40601606590039113
1843,Bn7WbKVar1I,UgxayPMW_hosbCShhVp4AaABAg,-0.5719,inflammatory,0.040809090909090906,neutral,0.43583056215585764
1844,qYbQZNOX9zc,UgxazbGgFkNG_rw0dl94AaABAg,0.0,neutral,0.08808,sympathetic,0.1969528674581815
1845,WcIOWDNlR7s,Ugxb1qx-7MZqouOvTvh4AaABAg,-0.26335,inflammatory,-0.03818125,neutral,0.3020471888491377
1846,Sy8scM6B_nU,Ugxb39_BdPkbILf-4q94AaABAg,0.08360000000000001,sympathetic,-0.23009166666666667,inflammatory,0.24946397247018667
1847,psP1uxfO6CQ,Ugxb5txGt-MSrxq9p1B4AaABAg,-0.7674,inflammatory,0.4404,sympathetic,
1848,mgeeD8rYAwc,UgxbAYyvDuZ4e6tfyR54AaABAg,0.1862,sympathetic,0.2828,sympathetic,0.3243812109231976
1849,xHIyM7-R8Yw,UgxbBOts8iIAWOYovuF4AaABAg,0.1499,sympathetic,0.23771000000000003,sympathetic,0.2922778185600512
1850,DgOOpBixH80,UgxbIUOI2rcEX2ZZYHl4AaABAg,0.0,neutral,0.0,neutral,
1851,2ytZhL25V4w,UgxbMWUW1aajkuQwr4t4AaABAg,0.05135,sympathetic,0.4199,sympathetic,0.5938282748404626
1852,nihE9Yt3b-U,UgxbPPrx1DaYEBHcdZB4AaABAg,0.22485,sympathetic,0.03761,neutral,0.12940319805424697
1853,iDuNFBjJ774,UgxbUyj4CTm2p1dsWT14AaABAg,-0.148,inflammatory,0.0,neutral,
1854,3L2BXNMGTew,Ugxbfg8rr3HHjKk3FZJ4AaABAg,-0.28859999999999997,inflammatory,-0.041343749999999985,neutral,0.48847061729272245
1855,IJAwKvrhY58,Ugxbhp5tmFfbwZpn3XB4AaABAg,-0.46295,inflammatory,0.23048571428571427,sympathetic,0.36335746599628044
1856,46xekr1CEUU,Ugxbl9MYuzanE1VvsrZ4AaABAg,0.10606666666666666,sympathetic,0.11107142857142858,sympathetic,0.261413431906152
1857,zx3JMdSDTJs,Ugxbm25AI4M6fRgFdOd4AaABAg,-0.4767,inflammatory,-0.14174615384615383,inflammatory,0.33955549771081756
1858,xXAIcenT5KQ,UgxbmvVIfjQCoOIyomd4AaABAg,0.05165,sympathetic,0.07690625000000001,sympathetic,0.3056842034154561
1859,zfQxhG5oWdU,UgxbsLC3frDAiPFn0JF4AaABAg,-0.25,inflammatory,0.23961666666666667,sympathetic,0.2852020926758194
1860,8zjWbdItFTo,Ugxc0mIIaQ2zGVzJEVd4AaABAg,-0.23606666666666667,inflammatory,-0.14400000000000002,inflammatory,0.2897457092003262
1861,8zjWbdItFTo,Ugxc64DF0X0Fusim73l4AaABAg,0.0,neutral,-0.02928666666666667,neutral,0.10295391386903356
1862,eAF4_2edowo,Ugxc9yimfWNOCwE_fe94AaABAg,-0.872,inflammatory,-0.17082857142857147,inflammatory,0.5241397737063582
1863,E-iDenM-qVs,UgxcATyrui5UrqiijXl4AaABAg,0.0516,sympathetic,0.21020000000000003,sympathetic,0.5709613515816986
1864,Taz-d2zn6Vg,UgxcFHV15Z1k3x8iNS94AaABAg,0.0,neutral,0.077125,sympathetic,0.37825775320162686
1865,6Krjoo3fHtY,UgxcG28-2_SmC4C1OkZ4AaABAg,0.2023,sympathetic,-0.11344285714285715,inflammatory,0.4519832624376809
1866,Djzvi2sVsdY,UgxcG42CZzFI31wLu4p4AaABAg,0.4717,sympathetic,0.0,neutral,0.0
1867,mja0Lze2l0c,UgxcUjHzOhv1GFhS6Cp4AaABAg,0.14525,sympathetic,-0.028399999999999998,neutral,0.2141575961762739
1868,BMteNzu1jIA,Ugxcbcp7jBxsGz5si5Z4AaABAg,-0.4081,inflammatory,0.0,neutral,
1869,54oSf8j9Eh0,Ugxce5qmVJjP7pOX2594AaABAg,-0.8056,inflammatory,-0.2428727272727273,inflammatory,0.36354475127804853
1870,qYbQZNOX9zc,Ugxcjsq5gsVjCxCCqhF4AaABAg,0.2023,sympathetic,0.03423333333333333,neutral,0.05929387264577456
1871,t5mmdQiyhxc,UgxcoL_uBW_-PbmHn_54AaABAg,0.0,neutral,0.0808875,sympathetic,0.2743889181305563
1872,2EM-F3VfwUI,UgxcsLcezy0qxqSu8XF4AaABAg,-0.17926666666666666,inflammatory,-0.14782,inflammatory,0.32132066071138343
1873,RuHOwKXtDek,UgxcwKmDU-QZww6Y-Z94AaABAg,0.0,neutral,0.10795000000000002,sympathetic,0.35762424813922067
1874,6GfCWFftDSA,UgxcyoI9IXV2HclRsS94AaABAg,-0.5664,inflammatory,0.03145999999999999,neutral,0.3988504570777262
1875,tKdJkhBFqtI,Ugxd30Bd4BGVAk5eVb14AaABAg,0.6369,sympathetic,-0.1481,inflammatory,0.44619252571059503
1876,OybJv6v8qKo,Ugxd490Q2tSwbrj73mB4AaABAg,0.1027,sympathetic,0.53755,sympathetic,0.5827266983758338
1877,rdmy9RjkNtA,Ugxd5lD17XMDD9Jj0BJ4AaABAg,-0.5719,inflammatory,-0.24989999999999996,inflammatory,0.6312519425712685
1878,5bjJBcpy9sU,Ugxd707E2LnsNzwrM4N4AaABAg,-0.34,inflammatory,-0.1014,inflammatory,0.5074288193103212
1879,6Krjoo3fHtY,UgxdQFqy4F_KKtGH8v94AaABAg,0.4939,sympathetic,0.0852,sympathetic,0.37858284166084444
1880,OLgwMqMkgsg,UgxdZQgf38EyaPymIJh4AaABAg,0.10377499999999999,sympathetic,0.29690000000000005,sympathetic,0.6714685994147456
1881,Sy8scM6B_nU,Ugxd_SAM5SJGaZ_WqGV4AaABAg,0.0,neutral,-0.10533333333333333,inflammatory,0.42334692700675247
1882,ykwxUGxIDrQ,UgxdeHrFXzhKu37BRid4AaABAg,0.0,neutral,0.035837499999999994,neutral,0.4473834530993998
1883,nihE9Yt3b-U,UgxdgM579YQGTcxZrQ54AaABAg,-0.4077,inflammatory,-0.3781375,inflammatory,0.27040323823874596
1884,eAF4_2edowo,UgxdhfW1x5oK_KRTBe54AaABAg,-0.38355,inflammatory,-0.050327272727272734,inflammatory,0.4440144031242885
1885,Djzvi2sVsdY,Ugxdi4S_4_zxiAnh9Ph4AaABAg,-0.07415,inflammatory,-0.06287000000000001,inflammatory,0.5657017177315661
1886,mgeeD8rYAwc,UgxdiZDV4XHe8K7uT2p4AaABAg,-0.34,inflammatory,0.0,neutral,
1887,DgOOpBixH80,Ugxdl6O66pkMAT876xR4AaABAg,0.0,neutral,0.11245000000000001,sympathetic,0.30745688315599634
1888,6Krjoo3fHtY,UgxdmKLoVg6qwRdCYFJ4AaABAg,0.2732,sympathetic,0.0,neutral,
1889,gc-7CsqGK9o,UgxdpiLcRdLyU5_vQ1F4AaABAg,-0.46293333333333336,inflammatory,0.23695,sympathetic,0.08350931085813125
1890,TybnJ6mrvI4,UgxdtjSU3NsvKdE3T4d4AaABAg,-0.2354,inflammatory,0.08759999999999998,sympathetic,0.2743861558096545
1891,Umco8iQzKbs,Ugxe-rxzJeFxyP2epv94AaABAg,0.5267,sympathetic,0.10657142857142857,sympathetic,0.482650745758206
1892,2EM-F3VfwUI,Ugxe0whDvGpfrjRY_kJ4AaABAg,-0.6207,inflammatory,0.4404,sympathetic,
1893,xEXaGltX3UA,UgxeGcN8mVLxBakkdbd4AaABAg,-0.3612,inflammatory,0.4199,sympathetic,
1894,8QB4UxnzCrg,UgxeH_Ycmvk5qxgeeGp4AaABAg,-0.0258,neutral,0.004266666666666659,neutral,0.30965753771976334
1895,IJAwKvrhY58,UgxeI7cYGf2cl-cbbl14AaABAg,-0.2506,inflammatory,-0.33058333333333334,inflammatory,0.2803304008962757
1896,lP_9nYehuss,UgxeK0V5fu4HIg__VTl4AaABAg,-0.4019,inflammatory,-0.22522222222222224,inflammatory,0.4596236117133719
1897,7bTckdh1-W0,UgxeKmvYpZik-oa4hBl4AaABAg,0.4404,sympathetic,0.04179166666666667,neutral,0.32608960692181566
1898,7bTckdh1-W0,UgxeQ4ke_Juh2zwOgGl4AaABAg,-0.23067272727272725,inflammatory,-0.29351111111111117,inflammatory,0.3372980338085461
1899,2EM-F3VfwUI,UgxeVxfjpp2QNEruk394AaABAg,-0.6808,inflammatory,-0.20401111111111112,inflammatory,0.24996872526600425
1900,46xekr1CEUU,UgxeW3DvdPBmGg11QBJ4AaABAg,-0.1027,inflammatory,0.23837999999999998,sympathetic,0.3661976269721037
1901,13q2vOdV9kE,UgxeZXZp4TQHMx-kFip4AaABAg,0.0,neutral,-0.3548,inflammatory,0.5017629719299741
1902,nihE9Yt3b-U,Ugxecmk_4eZVzhj5_XF4AaABAg,0.0,neutral,-0.12605,inflammatory,0.3811754976385549
1903,7H-oD45q0MM,Ugxekp4aMhO4kTDa9PF4AaABAg,-0.41264999999999996,inflammatory,-0.014959999999999996,neutral,0.3379017061217655
1904,usjbT_SKy68,Ugxeliwy9grq50NJwT14AaABAg,-0.5207,inflammatory,0.4019,sympathetic,
1905,tKdJkhBFqtI,UgxemtezBGJs6ZHS-jt4AaABAg,-0.5106,inflammatory,-0.03477499999999997,neutral,0.432517774201246
1906,fpVuA8E0KZs,Ugxer5fjeMbb6VTQw9l4AaABAg,0.0,neutral,-0.061771428571428554,inflammatory,0.6411629608617082
1907,xHIyM7-R8Yw,UgxexIBLk-bZdzpXlMV4AaABAg,0.0516,sympathetic,-0.24002857142857145,inflammatory,0.1801675582551394
1908,6D_RgBOrjI0,UgxezylOMkba8ONLXq94AaABAg,-0.5574,inflammatory,-0.7698,inflammatory,
1909,usjbT_SKy68,Ugxf9sshXwZskagmVZV4AaABAg,-0.028466666666666654,neutral,0.4939,sympathetic,
1910,aGLmGnuYb_8,UgxfAj2MF2vLXlAOfed4AaABAg,0.2732,sympathetic,-0.5106,inflammatory,
1911,6Krjoo3fHtY,UgxfEuTENDOIHxegz894AaABAg,-0.4019,inflammatory,-0.08550000000000002,inflammatory,0.3016980893921225
1912,6D_RgBOrjI0,UgxfGyEz1CMrL1oyXwV4AaABAg,-0.4221,inflammatory,-0.19946666666666668,inflammatory,0.2730021489536911
1913,DgOOpBixH80,UgxfI_3i_xzR2yKVisV4AaABAg,-0.45195,inflammatory,-0.21398235294117646,inflammatory,0.354978203970494
1914,6D_RgBOrjI0,UgxfJ90Wc5JR2zTIjTJ4AaABAg,0.0,neutral,0.31706666666666666,sympathetic,0.4838605308695196
1915,2EM-F3VfwUI,UgxfJwGxeeKPqW5T0Cd4AaABAg,-0.0872,inflammatory,-0.29748,inflammatory,0.39098433728219856
1916,fo6qLarJ52U,UgxfLGdts1lO2-ZDwzx4AaABAg,-0.3156,inflammatory,-0.23180000000000006,inflammatory,0.42737207609830036
1917,lqvigepgbqI,UgxfLkU4yQCFqqV_NH54AaABAg,0.0516,sympathetic,-0.12204444444444443,inflammatory,0.4528623248601917
1918,Taz-d2zn6Vg,UgxfQFZmVbWeWQ2d-vt4AaABAg,0.6185499999999999,sympathetic,-0.10274999999999998,inflammatory,0.5926840782969176
1919,p8UbRG5hbiM,UgxfTgzOFLngUZnJrH14AaABAg,0.0,neutral,0.37739999999999996,sympathetic,0.11511698397716993
1920,wu2Lp8LpiVg,UgxfYoZ2vZpHh_4LtTB4AaABAg,0.0,neutral,0.106625,sympathetic,0.21325
1921,Sy8scM6B_nU,UgxfcEyYnUgBC4TFEN14AaABAg,0.0,neutral,0.013146666666666664,neutral,0.1927964799125406
1922,GpmP2vtnXcc,Ugxffr3Xnbu8TJdHHsR4AaABAg,0.0,neutral,0.0,neutral,0.0
1923,IoqeVMg760U,Ugxfgx7LUmoHzcfQLXN4AaABAg,-0.0293,neutral,-0.5719,inflammatory,
1924,fpVuA8E0KZs,UgxfmokYqx68x-7Csad4AaABAg,-0.4881,inflammatory,0.0132375,neutral,0.38335693527237585
1925,yySFCBFXevg,UgxfoULiEjK8JzteEut4AaABAg,0.0,neutral,0.0,neutral,
1926,eAF4_2edowo,Ugxfsm9tnX154sxcbkN4AaABAg,-0.06452000000000001,inflammatory,-0.026592307692307693,neutral,0.42931168530388447
1927,psP1uxfO6CQ,UgxfvgzZNwPGndGIRV14AaABAg,0.3612,sympathetic,-0.1027,inflammatory,
1928,Sy8scM6B_nU,UgxfvofhIatgik5H_nJ4AaABAg,0.14135,sympathetic,-0.11148,inflammatory,0.24927685813167655
1929,54oSf8j9Eh0,Ugxg3-krxYBKexURq8h4AaABAg,0.07800000000000001,sympathetic,-0.2665,inflammatory,0.2538953229187178
1930,Djzvi2sVsdY,Ugxg728wRsyGh77l4n94AaABAg,-0.4588,inflammatory,0.031212500000000004,neutral,0.4280508729361833
1931,qRw6gOjwCbQ,UgxgGZngaCFseakMscF4AaABAg,-0.1509,inflammatory,-0.216775,inflammatory,0.46770151271938387
1932,5bjJBcpy9sU,UgxgOgF8QfIUdtVJ7kh4AaABAg,-0.471175,inflammatory,0.0,neutral,
1933,6Krjoo3fHtY,UgxgQAiLlzoBgfT6ofF4AaABAg,0.0,neutral,-0.16306363636363636,inflammatory,0.5267875459285788
1934,2ytZhL25V4w,UgxgTm2q4OX7LcPqXBB4AaABAg,-0.11586666666666666,inflammatory,-0.1591,inflammatory,0.2250013777735594
1935,nihE9Yt3b-U,UgxgVM4tlwHT6_fXFl14AaABAg,-0.022799999999999997,neutral,-0.2589625,inflammatory,0.47098429132888436
1936,fpVuA8E0KZs,UgxgWI9OvEddEnRFDVZ4AaABAg,0.4717,sympathetic,-0.0508,inflammatory,0.25168632186788503
1937,iDuNFBjJ774,UgxgXiNrMkMerSD4kWN4AaABAg,-0.025733333333333334,neutral,0.06992,sympathetic,0.399515446152318
1938,zx3JMdSDTJs,UgxgYJCnq47if0vlObh4AaABAg,0.0,neutral,-0.10492499999999999,inflammatory,0.33363875995282255
1939,z_1OsbwBfJ0,UgxgerkaH4aFTzVKRet4AaABAg,-0.22136666666666668,inflammatory,-0.21395,inflammatory,0.1573312588140068
1940,Taz-d2zn6Vg,UgxgkKMuJ5ZikjWswAN4AaABAg,-0.2384,inflammatory,0.4404,sympathetic,
1941,6Krjoo3fHtY,UgxglU7aMpfPgdYoZ054AaABAg,0.2023,sympathetic,0.07648571428571425,sympathetic,0.45382687017764617
1942,yySFCBFXevg,UgxgrOSpHBYbEkpbp0V4AaABAg,-0.4019,inflammatory,0.1147,sympathetic,0.2294
1943,xXAIcenT5KQ,UgxgyVtp8wh3Y-GLWnZ4AaABAg,-0.0683,inflammatory,-0.06811818181818181,inflammatory,0.20209009781867995
1944,Taz-d2zn6Vg,Ugxh0Q2udsYxBQ5_2Hp4AaABAg,-0.3353,inflammatory,-0.1178125,inflammatory,0.3307709886980503
1945,9dn7N5-EKRE,Ugxh9hm0LyPIRpsCm8N4AaABAg,0.3182,sympathetic,-0.192925,inflammatory,0.38585
1946,lhdAgnXWzFA,UgxhAdaNU23-szFFapN4AaABAg,0.03771666666666667,neutral,0.11178461538461537,sympathetic,0.29044741591251316
1947,UGdWOPXE4Pc,UgxhGax12ehdMdHw5ZZ4AaABAg,-0.1244,inflammatory,0.46655,sympathetic,0.6598013375251676
1948,mgeeD8rYAwc,UgxhIOHT6PjRcPYVz8t4AaABAg,-0.12786666666666666,inflammatory,-0.09722857142857143,inflammatory,0.39375591303194296
1949,46xekr1CEUU,UgxhKZcJdDXyKn-M2Dp4AaABAg,0.0,neutral,0.574125,sympathetic,0.11114193253073595
1950,6GfCWFftDSA,UgxhTF_fv5zw4Cog8Id4AaABAg,-0.2235,inflammatory,0.13803333333333334,sympathetic,0.280641715537801
1951,mgeeD8rYAwc,UgxhTIJbdWvg_pR5e8Z4AaABAg,0.6124,sympathetic,0.05930000000000001,sympathetic,0.36734282353137104
1952,7N4tatSKaRI,UgxhWLr-2Hi6uI6d7214AaABAg,-0.4753,inflammatory,0.0,neutral,
1953,CJHJd1gOB48,UgxhcnhyxgVuU7Vo1Hh4AaABAg,0.0,neutral,0.0,neutral,
1954,DgOOpBixH80,UgxhiHciW0oR1k84tt14AaABAg,-0.05875625000000001,inflammatory,-0.02107,neutral,0.3770996215266671
1955,lqvigepgbqI,Ugxhmf6a6kouoF19koZ4AaABAg,0.3182,sympathetic,-0.07496666666666667,inflammatory,0.11911812064781187
1956,4pM7DLEL7xA,UgxhqOwd_ZWhFgp_2hN4AaABAg,0.0,neutral,0.03201428571428572,neutral,0.2543508497369426
1957,Tss1BYWFbtI,UgxhuFyO7_DdnKZk4VR4AaABAg,-0.6908,inflammatory,-0.3462833333333333,inflammatory,0.6194452983651314
1958,tKdJkhBFqtI,UgxhwrZ32VWnwMTPi1d4AaABAg,-0.22575,inflammatory,0.4404,sympathetic,
1959,7H-oD45q0MM,UgxhxB5n5wEDy8JY6694AaABAg,0.0,neutral,0.4404,sympathetic,
1960,xHIyM7-R8Yw,Ugxhy6VqFuBruSo-Ef54AaABAg,0.0,neutral,-0.2049375,inflammatory,0.32063773477912066
1961,50AKW9lBuNM,Ugxhyz8-sqXGxUh4jwR4AaABAg,-0.8332,inflammatory,-0.242,inflammatory,0.3537986181745517
1962,lP_9nYehuss,Ugxi0hY7joGMSSPfSBh4AaABAg,-0.2482333333333333,inflammatory,-0.08287142857142858,inflammatory,0.37041069870386534
1963,dR8H-nQkz4k,Ugxi53sDL71wFFRuGex4AaABAg,-0.6908,inflammatory,-0.27367499999999995,inflammatory,0.34282637568255503
1964,tKdJkhBFqtI,UgxiDcWYGoYXPp28-mh4AaABAg,0.004399999999999997,neutral,-0.10487272727272727,inflammatory,0.26748926741426127
1965,usjbT_SKy68,UgxiEMD7PReYuUju68x4AaABAg,-0.6696,inflammatory,-0.9081,inflammatory,
1966,8zjWbdItFTo,UgxiIL3u-fJy7zbA-t54AaABAg,0.0,neutral,-0.11438666666666668,inflammatory,0.31302203908412096
1967,_BS6EnE31XM,UgxiJXnkR453i6_lBxt4AaABAg,0.0,neutral,0.08489000000000001,sympathetic,0.4960089390995556
1968,WcIOWDNlR7s,UgxiJrCH27P1cUQ_y2t4AaABAg,-0.2732,inflammatory,-0.02984285714285714,neutral,0.26808631605724087
1969,8zjWbdItFTo,UgxiLB-M2JSoDEzNdmZ4AaABAg,-0.28535,inflammatory,-0.062188888888888884,inflammatory,0.1519001188647037
1970,eAF4_2edowo,UgxiR8pAsoVxK8owPfN4AaABAg,-0.2294,inflammatory,0.03885714285714286,neutral,0.40431203237575
1971,UGdWOPXE4Pc,UgxiXGggBZQt6JcQDDF4AaABAg,-0.2732,inflammatory,-0.16086,inflammatory,0.2776007894183918
1972,fo6qLarJ52U,UgxiZsQC4Sl5yWkdZlN4AaABAg,0.0,neutral,-0.025733333333333334,neutral,0.04457144078143911
1973,vMKNBsd_XYg,UgxibHo-h8f7qQqQ0YZ4AaABAg,0.06312,sympathetic,0.052093333333333325,sympathetic,0.46720282604738883
1974,VCwKVFgL6zU,UgxiglmHWvpvFM5j5bV4AaABAg,-0.09106666666666667,inflammatory,0.1406,sympathetic,
1975,6Krjoo3fHtY,UgxiouONEbfPGhJQwXl4AaABAg,0.2023,sympathetic,0.2263,sympathetic,
1976,RuHOwKXtDek,Ugxipd-tDsM8VqTOZbF4AaABAg,-0.148,inflammatory,0.23059999999999997,sympathetic,0.26838024020656465
1977,TybnJ6mrvI4,Ugxirj2xHCvVsnqR_7R4AaABAg,-0.0516,inflammatory,-0.007142857142857133,neutral,0.28991338854413545
1978,mgeeD8rYAwc,UgxitkALWD9QMGX0GNh4AaABAg,-0.6696,inflammatory,-0.16657142857142856,inflammatory,0.38511191159685193
1979,aWOy271EIKU,UgxiuIrZ0csGj0ilyeJ4AaABAg,0.0,neutral,0.0,neutral,
1980,Bn7WbKVar1I,Ugxj7eeGPq6bBX9TkWN4AaABAg,-0.1807,inflammatory,-0.4501636363636364,inflammatory,0.3224096936282384
1981,_BS6EnE31XM,Ugxj9wbALyj1Ue13NOl4AaABAg,-0.1779,inflammatory,0.09669230769230769,sympathetic,0.3969370278804487
1982,7H-oD45q0MM,UgxjCGxObr1fr6TbSlV4AaABAg,0.0,neutral,0.03346249999999999,neutral,0.43654078499526905
1983,z_1OsbwBfJ0,UgxjCjVNEZDB2Kgdr_d4AaABAg,-0.034614285714285715,neutral,-0.11105038167938931,inflammatory,0.3991160146304187
1984,CJHJd1gOB48,UgxjFLHnZ4a0jVTP73x4AaABAg,-0.1366,inflammatory,-0.1187625,inflammatory,0.47641465114060944
1985,wu2Lp8LpiVg,UgxjFbIt6Uxze09udmF4AaABAg,0.0,neutral,-0.1678363636363636,inflammatory,0.3617614193711852
1986,pePQ6YdNww4,UgxjFfEorloHZ4bMPg14AaABAg,-0.08475,inflammatory,0.6322,sympathetic,0.32569338341452386
1987,tKdJkhBFqtI,UgxjKa03uOq9IcsqnRR4AaABAg,-0.1316,inflammatory,0.0,neutral,
1988,bd04zIyOCas,UgxjLLIQ_wg4L9FPVkJ4AaABAg,-0.5106,inflammatory,-0.234275,inflammatory,0.3735222025975609
1989,Djzvi2sVsdY,UgxjNHZbrkuxkDrRYix4AaABAg,-0.26353333333333334,inflammatory,-0.26335,inflammatory,0.37243314165095454
1990,lhdAgnXWzFA,UgxjNp6OCYU2gk6Za2B4AaABAg,0.4404,sympathetic,0.8165333333333334,sympathetic,0.18041469821866885
1991,OqB0y-8Ej0c,UgxjRsHjA0DSY7CvGJJ4AaABAg,0.0,neutral,-0.0573,inflammatory,0.4200950249645906
1992,50AKW9lBuNM,UgxjSRlNrVYknbmO4pF4AaABAg,-0.5182399999999999,inflammatory,-0.3050875,inflammatory,0.32666271876866104
1993,lP_9nYehuss,UgxjTie4qDfRUKFAgo14AaABAg,-0.41135,inflammatory,-0.14336666666666667,inflammatory,0.3239639774213588
1994,Sy8scM6B_nU,Ugxjd5V6pMrPIDOP8zN4AaABAg,-0.46715,inflammatory,0.28465,sympathetic,0.34229957493400426
1995,VCwKVFgL6zU,Ugxjfw-3TCpUR7evWzR4AaABAg,0.0,neutral,-0.15078333333333332,inflammatory,0.344354052780952
1996,OqB0y-8Ej0c,UgxjhQivj6oT9sqGSaZ4AaABAg,0.07356666666666667,sympathetic,0.0,neutral,
1997,xXAIcenT5KQ,UgxjtzgVmYAmOSmxKm94AaABAg,-0.23835,inflammatory,-0.494325,inflammatory,0.4051781614302528
1998,DgOOpBixH80,UgxjuWgAg80ZQgrUspl4AaABAg,-0.743,inflammatory,-0.21220909090909093,inflammatory,0.5062620891485861
1999,xHIyM7-R8Yw,UgxjvKqW-4sK338ZBL94AaABAg,-0.09612,inflammatory,0.4215,sympathetic,
2000,Djzvi2sVsdY,UgxjvhBZA9j9voASIr94AaABAg,0.0,neutral,0.14152857142857142,sympathetic,0.1824390922498585
2001,6GfCWFftDSA,UgxjvruE0i0OoFXAQiR4AaABAg,0.0,neutral,0.14761176470588233,sympathetic,0.30369178841868805
2002,OLgwMqMkgsg,Ugxjvycp8GmBL40lH3d4AaABAg,0.0,neutral,0.3612,sympathetic,
2003,zx3JMdSDTJs,UgxjwGXvPQ1m4cYhODp4AaABAg,-0.2153,inflammatory,-0.23835,inflammatory,0.33707780259162723
2004,iDuNFBjJ774,Ugxk-EEmO3eVq1TQpZl4AaABAg,0.03000000000000001,neutral,0.03317499999999998,neutral,0.46999367637589906
2005,UGdWOPXE4Pc,Ugxk-dUbvu3bM_edYSR4AaABAg,0.030649999999999983,neutral,0.053944444444444434,sympathetic,0.4370596701570368
2006,OqB0y-8Ej0c,Ugxk0MiHQxrU9G6f3VB4AaABAg,-0.3612,inflammatory,0.003066666666666662,neutral,0.28439169233060707
2007,7bTckdh1-W0,UgxkBv_No3D1QFVd7BN4AaABAg,-0.36600000000000005,inflammatory,-0.243375,inflammatory,0.2860307020234017
2008,fpVuA8E0KZs,UgxkDHcivilR8WDax294AaABAg,0.0516,sympathetic,-0.23591666666666666,inflammatory,0.4548333207524122
2009,IOueE_uol8M,UgxkFGKku7QODc1JWU94AaABAg,0.23585,sympathetic,0.019683333333333334,neutral,0.24153459693209897
2010,qRw6gOjwCbQ,UgxkKls94hyxoaQrURJ4AaABAg,-0.3577,inflammatory,-0.1300111111111111,inflammatory,0.45193444890947526
2011,qRw6gOjwCbQ,UgxkW2nLXpTHrqlp1N14AaABAg,0.5994,sympathetic,-0.016577777777777775,neutral,0.257704626354368
2012,vMKNBsd_XYg,UgxkgilFeOsr8pAnQVV4AaABAg,-0.28665,inflammatory,-0.10429999999999999,inflammatory,0.2500877912520588
2013,IJAwKvrhY58,UgxkirZTDgZuEvEnxHZ4AaABAg,-0.8038,inflammatory,-0.2477529411764706,inflammatory,0.4003652037790732
2014,7bTckdh1-W0,UgxkkXV3kd9snMUWltN4AaABAg,0.3612,sympathetic,0.8271,sympathetic,
2015,DgOOpBixH80,UgxkkrKB5KiwfJsmBvp4AaABAg,-0.24914999999999998,inflammatory,0.08233636363636364,sympathetic,0.14434553178209067
2016,qRw6gOjwCbQ,Ugxkky-bjKiqGeAhfCF4AaABAg,-0.0516,inflammatory,0.003150000000000005,neutral,0.2726003943504118
2017,aWOy271EIKU,UgxkobtGZA7m01YtUXB4AaABAg,-0.1591,inflammatory,0.0,neutral,
2018,9dn7N5-EKRE,UgxkqYVhYE1od-dt1OR4AaABAg,0.0,neutral,-0.129,inflammatory,0.23528258541592065
2019,SFr12qevR18,UgxkssQYCzio0vCt2VR4AaABAg,-0.19273999999999997,inflammatory,-0.012354545454545457,neutral,0.3399590221295395
2020,50AKW9lBuNM,UgxktrI8x0-G0IXOaUx4AaABAg,-0.50635,inflammatory,0.0,neutral,0.0
2021,46xekr1CEUU,UgxkuoB8hflSMVg-LM94AaABAg,0.29295,sympathetic,0.12461666666666667,sympathetic,0.21457068221606296
2022,OqB0y-8Ej0c,UgxkvR9DZLhm4y4ALH94AaABAg,0.23785,sympathetic,-0.03667142857142857,neutral,0.565300945556983
2023,NrEyGPb2fNI,UgxkzZMBebzzjePSnOV4AaABAg,-0.30579999999999996,inflammatory,0.22460000000000002,sympathetic,0.6410086062864783
2024,nihE9Yt3b-U,Ugxl2w4BiE4BO5VN31J4AaABAg,-0.8329,inflammatory,-0.016423809523809525,neutral,0.24245869937942402
2025,yySFCBFXevg,Ugxl5RErsRnmCe-DZ5t4AaABAg,0.3597,sympathetic,-0.6124,inflammatory,
2026,3L2BXNMGTew,UgxlBXwEWnlXL7KhHRJ4AaABAg,-0.013249999999999998,neutral,0.11983076923076921,sympathetic,0.40458123284991726
2027,psP1uxfO6CQ,UgxlCSA37maLiff4ZbZ4AaABAg,0.0,neutral,-0.07023333333333331,inflammatory,0.47049808005275995
2028,lhdAgnXWzFA,UgxlOob021_cbAHCtSF4AaABAg,-0.1833,inflammatory,0.028149999999999998,neutral,0.43458342697346386
2029,8QB4UxnzCrg,UgxlQAq1hGX8o6fZ2uJ4AaABAg,-0.23165,inflammatory,-0.0018928571428571406,neutral,0.2972308671833957
2030,NrEyGPb2fNI,UgxlSVtaMOyE1Z2dk194AaABAg,-0.6908,inflammatory,0.8271,sympathetic,
2031,46xekr1CEUU,UgxlYHYOinkRvuymA-N4AaABAg,0.0,neutral,0.06112000000000001,sympathetic,0.3777447511217065
2032,DgOOpBixH80,UgxlaEIYVA3gbxhOF8l4AaABAg,-0.23835,inflammatory,0.17507999999999999,sympathetic,0.4058762367465673
2033,IJAwKvrhY58,UgxlaOXUsYChPBxHx594AaABAg,-0.24635,inflammatory,-0.04083333333333333,neutral,0.425563295723053
2034,fo6qLarJ52U,Ugxlcl6xhOoQPE7cryh4AaABAg,-0.5994,inflammatory,-0.05804,inflammatory,0.5506065001432512
2035,lP_9nYehuss,Ugxld9wOZR4zkmNineF4AaABAg,-0.8316,inflammatory,-0.4221,inflammatory,0.5969395446776834
2036,46xekr1CEUU,Ugxlizc95WnjbRDGha54AaABAg,-0.40745,inflammatory,-0.02066,neutral,0.26304909807866667
2037,fpVuA8E0KZs,UgxljGdEnbacQzIz2sR4AaABAg,-0.10869999999999999,inflammatory,-0.12439999999999998,inflammatory,0.39244426355853385
2038,iDuNFBjJ774,UgxlnQFfRo6cnC-k8354AaABAg,0.1027,sympathetic,-0.0258,neutral,0.03648670990922585
2039,3L2BXNMGTew,UgxlpHdXCB-Fld0HCyZ4AaABAg,0.020020000000000003,neutral,0.15353333333333333,sympathetic,0.41170408466923586
2040,Umco8iQzKbs,UgxlsrASytjpVB4q8HJ4AaABAg,0.1084,sympathetic,0.0,neutral,0.14523973285571687
2041,NrEyGPb2fNI,Ugxlz0Bnjy5ZJUcAfR94AaABAg,0.0,neutral,0.04736666666666667,neutral,0.3545729861396663
2042,UGdWOPXE4Pc,UgxlzJwmT-ty62IRHB54AaABAg,0.0,neutral,-0.1919666666666667,inflammatory,0.2654579039845655
2043,eE61i2y1mJ0,Ugxm16eKF9YawvJCG5p4AaABAg,0.5423,sympathetic,-0.09254444444444444,inflammatory,0.34080541409692683
2044,mMPRQSnKe9w,Ugxm2jiMvB61dSNZWPh4AaABAg,-0.8271,inflammatory,-0.022114285714285715,neutral,0.3163918479173751
2045,zfQxhG5oWdU,Ugxm3P2uyDi5toMXhON4AaABAg,0.27626666666666666,sympathetic,0.5574,sympathetic,
2046,aWOy271EIKU,Ugxm5i8ZbZSxOu2i8SN4AaABAg,0.085,sympathetic,0.5267,sympathetic,
2047,SFr12qevR18,Ugxm6cY1-87FpKmpYMJ4AaABAg,0.259775,sympathetic,0.00817142857142857,neutral,0.021619567856127796
2048,qYbQZNOX9zc,Ugxm6iLujw90cCJsLu14AaABAg,0.0,neutral,0.20729999999999996,sympathetic,0.26546035485548497
2049,aGLmGnuYb_8,Ugxm7JdCxoPgAOkccvp4AaABAg,-0.26335,inflammatory,0.463,sympathetic,0.6547808793787431
2050,nihE9Yt3b-U,Ugxm8rPSnca4h7Zuxo54AaABAg,0.0,neutral,-0.3574833333333333,inflammatory,0.33296857759654536
2051,OqB0y-8Ej0c,UgxmBk5wTe_U4JIeeI94AaABAg,-0.37495,inflammatory,0.06474999999999999,sympathetic,0.5368116829950704
2052,xHIyM7-R8Yw,UgxmE_W9YlKoKHNTNDF4AaABAg,-0.4767,inflammatory,0.5719,sympathetic,
2053,54oSf8j9Eh0,UgxmEh-RNN-poD3D54Z4AaABAg,-0.3182,inflammatory,-0.0358,neutral,0.3306638474342183
2054,zx3JMdSDTJs,UgxmErKRoDUyk7fCOfF4AaABAg,-0.5267,inflammatory,0.0,neutral,
2055,p8UbRG5hbiM,UgxmIyJJMY9spZDEOpd4AaABAg,0.0,neutral,0.0476,neutral,0.26586200502193935
2056,lP_9nYehuss,UgxmLIxpvOPgjQlb3wx4AaABAg,-0.5859,inflammatory,-0.14570000000000002,inflammatory,0.3442187192275671
2057,6GfCWFftDSA,UgxmNuac64PFz6lSJO94AaABAg,-0.08013333333333332,inflammatory,0.0,neutral,0.0
2058,wHOGG1-RN5U,UgxmPfM-SyKaKgX6cwB4AaABAg,0.082,sympathetic,0.09910000000000001,sympathetic,0.36698580354013693
2059,tKdJkhBFqtI,UgxmPkuUqJl3qik5vQ54AaABAg,-0.6808,inflammatory,0.13978000000000002,sympathetic,0.4594225799849198
2060,TybnJ6mrvI4,UgxmiomCysS6LP27V1t4AaABAg,-0.0172,neutral,0.03380000000000001,neutral,0.38532681367033533
2061,wHOGG1-RN5U,UgxmjTtVq0gWn85Puep4AaABAg,-0.079925,inflammatory,-0.34,inflammatory,
2062,13q2vOdV9kE,UgxmlBJ-2emJWFL-nTZ4AaABAg,-0.47355,inflammatory,-0.06236666666666667,inflammatory,0.37601827396144083
2063,d6Pee6Fyvoo,Ugxmll7hZUckdz3XfTV4AaABAg,0.2182,sympathetic,0.595075,sympathetic,0.23581367468123357
2064,qRw6gOjwCbQ,UgxmmEdIjfNmjyXjMIN4AaABAg,0.0,neutral,0.1575153846153846,sympathetic,0.38943692224833587
2065,a7jLOtY-1VY,UgxmmUHPwpItz_GsCQN4AaABAg,-0.17975,inflammatory,-0.5859,inflammatory,
2066,xQEZ2SRu6bA,Ugxmn0-8DIFgACVWEqN4AaABAg,-0.6369,inflammatory,0.4019,sympathetic,
2067,tKdJkhBFqtI,Ugxmq1Azw9zHBpFv33B4AaABAg,-0.5267,inflammatory,0.31195,sympathetic,0.441163920782287
2068,6GfCWFftDSA,Ugxn1BWGeOh5xyqrkPN4AaABAg,-0.325125,inflammatory,0.07402000000000002,sympathetic,0.519602025180261
2069,Sy8scM6B_nU,Ugxn3dHHBZNnbqNCqkh4AaABAg,-0.47185,inflammatory,-0.011420000000000008,neutral,0.35357440801053464
2070,WcIOWDNlR7s,Ugxn3yt2MUz9KMF4CkF4AaABAg,-0.07847692307692308,inflammatory,0.09088000000000003,sympathetic,0.3501495276510961
2071,vMKNBsd_XYg,Ugxn4qxjDZiTb6GIoGd4AaABAg,0.2129,sympathetic,-0.28090000000000004,inflammatory,0.31804962270060944
2072,RuHOwKXtDek,Ugxn75ajXh2ePqSjIzp4AaABAg,0.3612,sympathetic,-0.054422222222222226,inflammatory,0.33369586369094306
2073,6GfCWFftDSA,Ugxn87F8vFMCh8BtmVp4AaABAg,-0.2263,inflammatory,-0.27568333333333334,inflammatory,0.16209365708338702
2074,50AKW9lBuNM,Ugxn9enroeLpP_0rc6R4AaABAg,-0.05660000000000001,inflammatory,-0.0028571428571428437,neutral,0.3504754050198238
2075,mMPRQSnKe9w,UgxnDHduOeoUINIlp4Z4AaABAg,0.0,neutral,0.0,neutral,0.0
2076,OLgwMqMkgsg,UgxnE37Nc8mbVoAf2wF4AaABAg,-0.8591,inflammatory,0.03616666666666666,neutral,0.452173093700484
2077,tKdJkhBFqtI,UgxnLD9dEvwfv8RB3J54AaABAg,0.0,neutral,0.0101,neutral,0.07971442210107962
2078,qYbQZNOX9zc,UgxnTkZZ0ObqIHYUEtp4AaABAg,0.16723333333333334,sympathetic,0.09536000000000001,sympathetic,0.41937196854344
2079,nihE9Yt3b-U,UgxnWCh-1_X6dQ2Ism94AaABAg,0.20095,sympathetic,-0.17416666666666666,inflammatory,0.23341025041758556
2080,vMKNBsd_XYg,Ugxn_ulU4aP1cqanxLZ4AaABAg,-0.17505,inflammatory,-0.09825,inflammatory,0.5847802806752863
2081,d6Pee6Fyvoo,UgxncVk9XRxR2dmosqF4AaABAg,0.41555,sympathetic,-0.1291,inflammatory,0.26809523494459947
2082,rdmy9RjkNtA,Ugxng3DvJSmnki2L3Xt4AaABAg,0.12040000000000001,sympathetic,0.117825,sympathetic,0.15183316227579094
2083,qYbQZNOX9zc,UgxngpAdr3RjRUFvhOx4AaABAg,-0.3976,inflammatory,-0.2159333333333333,inflammatory,0.21094113712913687
2084,xXAIcenT5KQ,UgxnoCWkH_poDydleMt4AaABAg,0.6597,sympathetic,-0.09656666666666668,inflammatory,0.19070367239952846
2085,VCwKVFgL6zU,Ugxnq6PGIHvPlnrbEXx4AaABAg,0.0,neutral,-0.011559999999999997,neutral,0.4764055866590987
2086,qYbQZNOX9zc,Ugxnvj0jt758jSsAg_x4AaABAg,-0.9001,inflammatory,-0.1340391304347826,inflammatory,0.43671655852522767
2087,qRw6gOjwCbQ,UgxnxG5NAocRz4P_-Cl4AaABAg,-0.08895,inflammatory,-0.0336,neutral,0.7008043664247534
2088,SFr12qevR18,Ugxo2YZCCloTfRaF5S54AaABAg,-0.17830000000000001,inflammatory,-0.25137777777777776,inflammatory,0.2527252400225281
2089,fpVuA8E0KZs,UgxoAMVCOpcNpENm4EF4AaABAg,-0.2023,inflammatory,-0.2617,inflammatory,
2090,Umco8iQzKbs,UgxoAmFjSFyJIMP_Ncx4AaABAg,-0.05095000000000001,inflammatory,-0.09664999999999999,inflammatory,0.2819234736590765
2091,mMPRQSnKe9w,UgxoJssAm5_02qpTjDx4AaABAg,-0.6249,inflammatory,0.15984999999999996,sympathetic,0.7068946491521916
2092,aWOy271EIKU,UgxoQzqCcaP1GbeY8kZ4AaABAg,0.6597,sympathetic,0.18194,sympathetic,0.28818105073026573
2093,8zjWbdItFTo,Ugxob8F6fG3i0hcYvqt4AaABAg,0.1366,sympathetic,0.0,neutral,
2094,2ytZhL25V4w,UgxojYfRZKz34_rmCdh4AaABAg,0.0,neutral,-0.1751,inflammatory,0.47561298131989627
2095,p8UbRG5hbiM,UgxokkhEHxw_1zn36Sh4AaABAg,-0.4767,inflammatory,-0.15755333333333338,inflammatory,0.36071476437497707
2096,7H-oD45q0MM,UgxomGJY5nib9627MbZ4AaABAg,0.06064545454545455,sympathetic,0.019407692307692306,neutral,0.1697772877504451
2097,54oSf8j9Eh0,UgxotN-7OA_gBVP7kn94AaABAg,0.0,neutral,-0.24463684210526318,inflammatory,0.30575117190749573
2098,bd04zIyOCas,UgxovxJc2f8XyKb2afJ4AaABAg,0.0,neutral,-0.159825,inflammatory,0.4450778953784893
2099,Tss1BYWFbtI,Ugxow0ryeL_fKWyfeet4AaABAg,0.1998,sympathetic,0.08090833333333335,sympathetic,0.30431153133928496
2100,54oSf8j9Eh0,Ugxp2tVrjCqOy9Xw4MF4AaABAg,0.08618333333333333,sympathetic,0.055650000000000005,sympathetic,0.36340711920064844
2101,xQEZ2SRu6bA,Ugxp36P11rozB32dRl54AaABAg,-0.4588,inflammatory,-0.16033333333333333,inflammatory,0.27770547948020996
2102,GPcb8SYe8tA,Ugxp8KCyubZAXuH9S054AaABAg,0.34,sympathetic,0.13549999999999998,sympathetic,0.6900015869546968
2103,xHIyM7-R8Yw,Ugxp9JjR8xBNhMMfgJF4AaABAg,0.0,neutral,0.03542000000000001,neutral,0.4532597290737398
2104,OybJv6v8qKo,UgxpBcPGibp-FoLXkXR4AaABAg,0.0772,sympathetic,0.18566666666666665,sympathetic,0.40114759752490103
2105,3L2BXNMGTew,UgxpBd9SC8bFUfpVTbh4AaABAg,-0.24503333333333333,inflammatory,0.0,neutral,
2106,UGdWOPXE4Pc,UgxpG7vaevjplRPPTjt4AaABAg,-0.2622666666666666,inflammatory,-0.008866666666666656,neutral,0.36655312732469647
2107,nihE9Yt3b-U,UgxpInlU87U3bJYQdVx4AaABAg,-0.30058,inflammatory,-0.05464,inflammatory,0.12217875429058851
2108,54oSf8j9Eh0,UgxpNmmIWmtqjizg2J14AaABAg,-0.08673999999999998,inflammatory,0.03212727272727274,neutral,0.45964426046870005
2109,QnC9ZTG-s5Q,UgxpO2JiFKGjr4a2N4t4AaABAg,-0.1531,inflammatory,0.743,sympathetic,
2110,X4jrbP6ZnP4,UgxpSHjsgRrl_lGdgoZ4AaABAg,-0.0129,neutral,-0.12108571428571427,inflammatory,0.22698511279062208
2111,6Krjoo3fHtY,UgxpSaXuFn7y2kT7BT54AaABAg,0.7184,sympathetic,0.05338571428571428,sympathetic,0.3906875794825128
2112,qRw6gOjwCbQ,Ugxp_IrUMlZbahZuUoF4AaABAg,-0.8275,inflammatory,-0.30122499999999997,inflammatory,0.3694126602749675
2113,iDuNFBjJ774,UgxphAI-WBmm-FkrabR4AaABAg,0.0,neutral,-0.08499999999999999,inflammatory,0.29839906166072305
2114,Taz-d2zn6Vg,UgxpqKadWyOUNWmrc-p4AaABAg,0.4404,sympathetic,-0.07214999999999999,inflammatory,0.26762956274885413
2115,a7jLOtY-1VY,UgxprAk_JNHyx5Doe814AaABAg,-0.12004285714285713,inflammatory,0.1433875,sympathetic,0.5598282962212611
2116,fpVuA8E0KZs,Ugxpv6AtiUKc1tabb7Z4AaABAg,0.16659999999999997,sympathetic,0.1183142857142857,sympathetic,0.39915814087723606
2117,54oSf8j9Eh0,Ugxq0WNEjUmJ5t774d94AaABAg,0.11023999999999998,sympathetic,-0.055828571428571436,inflammatory,0.5020973050478003
2118,Bngr9lb8MPY,Ugxq4uacNVJUij4yi9h4AaABAg,-0.561,inflammatory,0.23835,sympathetic,0.33707780259162723
2119,qRw6gOjwCbQ,Ugxq6ZJybsC9yV54nTl4AaABAg,-0.3612,inflammatory,-0.07796666666666668,inflammatory,0.4520326262982521
2120,mMPRQSnKe9w,Ugxq8AuMduv3RB-9XXh4AaABAg,0.1806,sympathetic,0.04973999999999999,neutral,0.6123209967002602
2121,IJAwKvrhY58,Ugxq8NVGDIL7FMOJpQp4AaABAg,0.15550000000000003,sympathetic,-0.04492857142857142,neutral,0.350258336633052
2122,xHIyM7-R8Yw,UgxqGv8aFhfnTQbUl8F4AaABAg,0.0,neutral,-0.19299999999999998,inflammatory,0.3780665549873461
2123,xHIyM7-R8Yw,UgxqICnOwFDOjkRctdh4AaABAg,-0.03889999999999999,neutral,0.0,neutral,0.0
2124,WcIOWDNlR7s,UgxqIjs7r87nx3GdXiZ4AaABAg,0.0,neutral,-0.042699999999999995,neutral,0.3528921122059019
2125,mMPRQSnKe9w,UgxqKVZFrFyJZ6ybPXF4AaABAg,0.4404,sympathetic,0.17020000000000002,sympathetic,0.29479504744822294
2126,aGLmGnuYb_8,UgxqPS4Tn_wbW3bymUt4AaABAg,0.0,neutral,-0.3271333333333334,inflammatory,0.4899144328504229
2127,2ytZhL25V4w,UgxqT0yBZYHJCFzAhGJ4AaABAg,-0.5859,inflammatory,0.0,neutral,
2128,46xekr1CEUU,Ugxq_ons1szSVwnTVUp4AaABAg,0.1406,sympathetic,-0.1775625,inflammatory,0.3491913226605561
2129,rdmy9RjkNtA,UgxqaoULiKcXpwdP_K94AaABAg,0.0,neutral,0.0,neutral,
2130,lP_9nYehuss,UgxqhKCboE9hgmqubSd4AaABAg,0.4588,sympathetic,0.38642000000000004,sympathetic,0.2708108786588899
2131,RuHOwKXtDek,UgxqmZT-eJx8-IZG0vJ4AaABAg,0.148,sympathetic,0.18276666666666666,sympathetic,0.20659243613130338
2132,Bn7WbKVar1I,Ugxqrq_CT7oIymn54094AaABAg,-0.5574,inflammatory,-0.6361,inflammatory,
2133,eE61i2y1mJ0,UgxquQZOwO2xxRBUmS54AaABAg,0.1779,sympathetic,0.09402857142857143,sympathetic,0.16070761975593767
2134,GPcb8SYe8tA,Ugxqyo8RI2jlXJ-Fc1B4AaABAg,0.0,neutral,0.06568333333333333,sympathetic,0.43437739083274884
2135,mgeeD8rYAwc,Ugxr0ywPulVBqLWgj6p4AaABAg,-0.7506,inflammatory,-0.1020875,inflammatory,0.19252755971548594
2136,iDuNFBjJ774,Ugxr6SpwqxIb7JhN3IB4AaABAg,0.4588,sympathetic,-0.032975000000000004,neutral,0.2972965116400348
2137,fpVuA8E0KZs,UgxrGakRtAPXJWSLh5J4AaABAg,-0.6962,inflammatory,-0.12365000000000001,inflammatory,0.289972464209966
2138,tKdJkhBFqtI,UgxrHozF269m61BMijB4AaABAg,-0.8176,inflammatory,-0.05382,inflammatory,0.2975922411622991
2139,pePQ6YdNww4,UgxrUT-L_PcynQONc954AaABAg,0.3454,sympathetic,0.14049999999999999,sympathetic,0.24335313846342727
2140,xXAIcenT5KQ,UgxrUs87NStePglPAxd4AaABAg,-0.0375,neutral,0.08639999999999999,sympathetic,0.3278147037580834
2141,Sy8scM6B_nU,Ugxr_H5wNN9txCoxaAx4AaABAg,-0.2732,inflammatory,0.30568,sympathetic,0.4425919309401532
2142,lZqHWBKkcos,UgxrbcPhjMvJsJcoHXJ4AaABAg,-0.1381,inflammatory,-0.21939999999999998,inflammatory,0.29146893487985986
2143,nihE9Yt3b-U,UgxrfDD2u2Yhwi95zUh4AaABAg,-0.14523333333333333,inflammatory,-0.19012903225806452,inflammatory,0.32233538454385097
2144,13q2vOdV9kE,UgxrodqBS648c6zhmLh4AaABAg,-0.2714666666666667,inflammatory,0.0,neutral,
2145,2EM-F3VfwUI,UgxrpS35oGje_9tbwSN4AaABAg,-0.5267,inflammatory,-0.1343,inflammatory,0.1936361278274279
2146,VCwKVFgL6zU,Ugxs6Xv2UiqVNC2ti-F4AaABAg,0.0,neutral,-0.014090909090909083,neutral,0.33382882576118394
2147,eAF4_2edowo,Ugxs6i_B8d5iwcLjd-V4AaABAg,0.8402,sympathetic,0.09759999999999999,sympathetic,0.40106258150781693
2148,qRw6gOjwCbQ,Ugxs6nt96jevsezURFx4AaABAg,-0.1027,inflammatory,0.0454,neutral,0.30927877392410885
2149,54oSf8j9Eh0,Ugxs8z2-iTQ5qpC5Ng14AaABAg,0.7587,sympathetic,0.01964000000000001,neutral,0.587010794619656
2150,61-61BHIIp0,UgxsB-DUs7dtMfbBIZR4AaABAg,0.0387,neutral,-0.4998,inflammatory,0.41785272525137374
2151,Bn7WbKVar1I,UgxsDGGuaRoN8zhJrgZ4AaABAg,0.0,neutral,0.13502,sympathetic,0.19040079306557522
2152,2EM-F3VfwUI,UgxsHO-DVAR1he-WN9h4AaABAg,-0.29685,inflammatory,-0.23622500000000002,inflammatory,0.2965700146195306
2153,54oSf8j9Eh0,UgxsN_B7xLz3qTpA7l54AaABAg,-0.49529999999999996,inflammatory,-0.251425,inflammatory,0.346300112412836
2154,d6Pee6Fyvoo,UgxsSUgdrCPEsUxzFLd4AaABAg,-0.1027,inflammatory,-0.14197142857142858,inflammatory,0.2999578454510218
2155,7H-oD45q0MM,UgxsdgZYVx37LrrVq994AaABAg,-0.743,inflammatory,0.4019,sympathetic,
2156,E-iDenM-qVs,Ugxsduj1nFAlRqliLct4AaABAg,0.0,neutral,-0.19375,inflammatory,0.2740038777097872
2157,yySFCBFXevg,UgxsmO-4aXgZXGUClP94AaABAg,0.167625,sympathetic,0.0,neutral,0.0
2158,NrEyGPb2fNI,Ugxt2PgWO3mv7gDpu6J4AaABAg,0.0,neutral,0.07024999999999999,sympathetic,0.17207665443051826
2159,ZSDPc8de7cw,Ugxt5J0sN0qk_n7z9Wh4AaABAg,0.0,neutral,0.06337142857142856,sympathetic,0.5185117507967256
2160,p8hpDXwUFvw,UgxtAlyYD_dBOwkqkDh4AaABAg,0.1806,sympathetic,0.18934,sympathetic,0.34943480778092056
2161,fo6qLarJ52U,UgxtJeHSE4iHFTna_N14AaABAg,-0.3182,inflammatory,-0.17764999999999997,inflammatory,0.5650087104259038
2162,OybJv6v8qKo,UgxtOACshA6Xf0YcM9B4AaABAg,-0.8455,inflammatory,-0.19990384615384615,inflammatory,0.32892487833031936
2163,aWOy271EIKU,UgxtPrlCLgwMXU90G6Z4AaABAg,0.0,neutral,-0.11973333333333334,inflammatory,0.2932855718692392
2164,xEXaGltX3UA,UgxtSICQsNkwMv6lWAZ4AaABAg,0.0,neutral,0.1694,sympathetic,0.348539495609895
2165,Djzvi2sVsdY,UgxtTE5xKMNoMotCoex4AaABAg,-0.6597,inflammatory,0.4404,sympathetic,
2166,2EM-F3VfwUI,UgxtULT3V99NbHMcGdJ4AaABAg,0.0,neutral,0.2202,sympathetic,0.31140982643455556
2167,Tss1BYWFbtI,UgxtUnzTelKYLt-fVVh4AaABAg,0.4019,sympathetic,0.4588,sympathetic,
2168,nihE9Yt3b-U,Ugxt_dQjxIT9WzX5DfR4AaABAg,0.0,neutral,-0.014399999999999996,neutral,0.18823471670079503
2169,OqB0y-8Ej0c,UgxtcAB9G7TKcdxMW6J4AaABAg,-0.7506,inflammatory,-0.15967777777777778,inflammatory,0.40911727162812916
2170,VCwKVFgL6zU,UgxtdYpZL3MLbFYlCIl4AaABAg,-0.0516,inflammatory,-0.04228571428571428,neutral,0.11187748401073125
2171,zfQxhG5oWdU,UgxtfUUa1P_WnhtSQyJ4AaABAg,-0.0516,inflammatory,0.23121999999999998,sympathetic,0.3741906492685246
2172,_BS6EnE31XM,UgxtiAr8ocbJp4JFDOl4AaABAg,-0.4023,inflammatory,0.07821428571428571,sympathetic,0.34425018726003825
2173,46xekr1CEUU,UgxtlLLt_ws325FjikV4AaABAg,0.0,neutral,0.0,neutral,
2174,lqvigepgbqI,UgxtxHGNhbzpr4bcjPB4AaABAg,-0.26335,inflammatory,-0.04676249999999999,neutral,0.31025870282487067
2175,Bn7WbKVar1I,UgxtxoSxzJIwMeoEroF4AaABAg,-0.2786,inflammatory,-0.062233333333333335,inflammatory,0.2064188137420295
2176,Sy8scM6B_nU,Ugxu4TUjvbghjm1ARO94AaABAg,-0.2023,inflammatory,-0.020905,neutral,0.3478999273460235
2177,2EM-F3VfwUI,Ugxu4t7Z4yYwzfq6kVF4AaABAg,-0.2818833333333333,inflammatory,-0.1100857142857143,inflammatory,0.22608044469287358
2178,54oSf8j9Eh0,Ugxu9Mn2MXrz_dUZhzN4AaABAg,-0.1027,inflammatory,-0.1938363636363636,inflammatory,0.3928975471359608
2179,OybJv6v8qKo,UgxuEKXA83kqdESlPFl4AaABAg,-0.4552,inflammatory,-0.043728571428571436,neutral,0.5473498750472916
2180,BMteNzu1jIA,UgxuJryFeM-QFgdFTLh4AaABAg,-0.4488,inflammatory,-0.18133333333333335,inflammatory,0.6144888173650247
2181,zx3JMdSDTJs,UgxuLF4xG7T2tSvsygZ4AaABAg,-0.347,inflammatory,0.19626666666666667,sympathetic,0.39402514513670317
2182,IOueE_uol8M,UgxuUN_15UdOuOPm44F4AaABAg,-0.7783,inflammatory,0.20488,sympathetic,0.3267484307536916
2183,GPcb8SYe8tA,UgxuUyst2WdKW44XJod4AaABAg,-0.0609,inflammatory,-0.4404,inflammatory,
2184,xHIyM7-R8Yw,UgxuXqwaWyL6iayM2_N4AaABAg,-0.7506,inflammatory,-0.10615000000000001,inflammatory,0.26001333619643435
2185,bd04zIyOCas,Ugxudy3Zs7PmVvgt5Qd4AaABAg,-0.6915,inflammatory,-0.02890000000000001,neutral,0.4140445205530439
2186,50AKW9lBuNM,UgxuhJoZt4eeBwqCssV4AaABAg,-0.20422857142857145,inflammatory,-0.1039318181818182,inflammatory,0.29436172012122647
2187,Sy8scM6B_nU,UgxukZwIgneY4vr2Ppt4AaABAg,-0.5104500000000001,inflammatory,-0.0554,inflammatory,0.46460705363319044
2188,IJAwKvrhY58,Ugxur7Z4lCWLsiaI0Ld4AaABAg,-0.6124,inflammatory,-0.1366,inflammatory,0.19318157262016478
2189,50AKW9lBuNM,UgxusvENXiUKRXCpBN14AaABAg,-0.2444,inflammatory,0.09932,sympathetic,0.4411945524854734
2190,GPcb8SYe8tA,Ugxv2ALma76taFE5CSh4AaABAg,0.024550000000000016,neutral,-0.05349999999999999,inflammatory,0.24598856884009873
2191,6GfCWFftDSA,UgxvEPArZTdbCxiIqR94AaABAg,-0.1027,inflammatory,0.15271428571428572,sympathetic,0.3193943770563879
2192,nihE9Yt3b-U,UgxvNQGOYXGhSjt2O_t4AaABAg,0.0,neutral,0.1366,sympathetic,0.19318157262016478
2193,OLgwMqMkgsg,UgxvQZ9Tyq8V7BHo5Vt4AaABAg,-0.22693333333333332,inflammatory,0.06392,sympathetic,0.37361282038435933
2194,tKdJkhBFqtI,UgxvSHLltNVIFXwLAfh4AaABAg,-0.602,inflammatory,-0.23918999999999996,inflammatory,0.46099724956366406
2195,mja0Lze2l0c,UgxvSs5Xo8bbriiVuTF4AaABAg,-0.5267,inflammatory,-0.15561818181818185,inflammatory,0.38352165471634536
2196,RuHOwKXtDek,UgxvTDW3yrKXu2G_JI54AaABAg,-0.38585,inflammatory,-0.019681818181818182,neutral,0.3620923357879363
2197,fo6qLarJ52U,UgxvU1VNWA2-IYk_6oN4AaABAg,0.0,neutral,-0.16834285714285713,inflammatory,0.21800768990368863
2198,zfQxhG5oWdU,UgxvY2PYz8e2GiW6ifZ4AaABAg,-0.4588,inflammatory,0.0006250000000000006,neutral,0.4402598607640719
2199,DgOOpBixH80,Ugxvjd3cOgE4cMTfh414AaABAg,-0.06782,inflammatory,0.10962857142857142,sympathetic,0.4325815673152895
2200,WcIOWDNlR7s,UgxvkwzMJkNQlnbMymx4AaABAg,-0.34,inflammatory,-0.0841,inflammatory,0.26863880583415345
2201,VCwKVFgL6zU,Ugxvm6s2Jtn4pBf58_R4AaABAg,-0.0516,inflammatory,-0.03715000000000001,neutral,0.27750774001679807
2202,Tss1BYWFbtI,UgxvmD1qXV5ZDybOXl14AaABAg,0.3134,sympathetic,-0.4939,inflammatory,
2203,54oSf8j9Eh0,UgxvpmZem48VDA6V-H54AaABAg,-0.06893333333333333,inflammatory,0.020731250000000007,neutral,0.46857392830978833
2204,DgOOpBixH80,UgxvqXXkU-y64-Bnifd4AaABAg,-0.59545,inflammatory,-0.2569444444444444,inflammatory,0.41137588076815806
2205,VCwKVFgL6zU,UgxvtoCzvBhzXfiqv4t4AaABAg,-0.05767499999999999,inflammatory,-0.05736666666666668,inflammatory,0.39319951508956197
2206,dR8H-nQkz4k,UgxvupcAsR75Dq_Un5p4AaABAg,0.2732,sympathetic,-0.20318333333333335,inflammatory,0.3799116340238433
2207,z_1OsbwBfJ0,Ugxw0sA1PXbijJYTawZ4AaABAg,0.0421,neutral,-0.10038,inflammatory,0.27676239267646174
2208,mMPRQSnKe9w,Ugxw2MGS8jXaOFoDf-t4AaABAg,-0.07655,inflammatory,-0.15950999999999999,inflammatory,0.2788900876689597
2209,uylhZLHomUw,Ugxw2hAdd5bvPHaiLed4AaABAg,0.0,neutral,0.12040000000000001,sympathetic,0.20853891723129284
2210,zx3JMdSDTJs,Ugxw4YAA6NetqoHpRWZ4AaABAg,-0.7841,inflammatory,-0.23712142857142857,inflammatory,0.3897602678937034
2211,TybnJ6mrvI4,Ugxw6d4B8EN4isJS0Rd4AaABAg,-0.42925,inflammatory,-0.12312777777777778,inflammatory,0.28525802314964227
2212,GpmP2vtnXcc,UgxwAk45jhCgRMhN6d54AaABAg,0.0,neutral,0.0,neutral,0.0
2213,mMPRQSnKe9w,UgxwC-fotbSmsH9ssEB4AaABAg,0.0,neutral,-0.2177,inflammatory,0.21577044128733974
2214,_BS6EnE31XM,UgxwE5_2CaJxJ2bTOEl4AaABAg,-0.5849,inflammatory,0.14536,sympathetic,0.3897231235120647
2215,xXAIcenT5KQ,UgxwFF7dAUXnbRjMVM14AaABAg,0.3612,sympathetic,-0.5413,inflammatory,
2216,mja0Lze2l0c,UgxwKieo_rBhmXUtKI54AaABAg,-0.1276,inflammatory,0.022042857142857135,neutral,0.4986840477936
2217,9dn7N5-EKRE,UgxwLvFnVjMU7hJFlhN4AaABAg,-0.2516,inflammatory,-0.05199333333333333,inflammatory,0.28573350087767013
2218,SFr12qevR18,UgxwM5XOhdO0UY9ci3t4AaABAg,-0.15588823529411766,inflammatory,-0.17258076923076923,inflammatory,0.3766627287314005
2219,xHIyM7-R8Yw,UgxwMyGpS5kkwo0OsNN4AaABAg,-0.148,inflammatory,-0.0869086956521739,inflammatory,0.32455301837932493
2220,IoqeVMg760U,UgxwNlpRJlyyXbpK-SV4AaABAg,0.0,neutral,-0.1384,inflammatory,0.3289094577973875
2221,aWOy271EIKU,UgxwQ3Yj5-gBLb_ZpBF4AaABAg,0.023774999999999998,neutral,-0.06554285714285714,inflammatory,0.17341010021663344
2222,mgeeD8rYAwc,UgxwReB9oRDNWz-1ow14AaABAg,0.0516,sympathetic,-0.02396250000000002,neutral,0.45942555727622664
2223,54oSf8j9Eh0,UgxwSuLok4Dse3tUAPR4AaABAg,0.3612,sympathetic,-0.10153333333333332,inflammatory,0.40970275892000857
2224,5bjJBcpy9sU,UgxwVGtcvz38yftdBAR4AaABAg,0.0,neutral,-0.18538333333333332,inflammatory,0.3408785145277811
2225,IJAwKvrhY58,UgxwZHOaUJLa1SmbdHl4AaABAg,-0.4588,inflammatory,0.6486,sympathetic,
2226,eAF4_2edowo,Ugxwbp0Px1ldVfD8PaN4AaABAg,-0.2669125,inflammatory,-0.020772727272727255,neutral,0.3724885047646681
2227,RuHOwKXtDek,UgxwddZ3jYUC7x0yukh4AaABAg,0.0,neutral,-0.027949999999999975,neutral,0.6847585486870537
2228,xXAIcenT5KQ,UgxwiP6lrca5p0n_Ral4AaABAg,-0.4767,inflammatory,-0.06683999999999998,inflammatory,0.5009982864242153
2229,Sy8scM6B_nU,UgxwihPU5L8dkXhAgEl4AaABAg,0.04074999999999998,neutral,0.0,neutral,0.0
2230,Bn7WbKVar1I,UgxwilZtI4LAV90TKxd4AaABAg,0.24106666666666668,sympathetic,-0.17481176470588233,inflammatory,0.3769097055037734
2231,z_1OsbwBfJ0,UgxwnQL4bdkAYwj88bl4AaABAg,0.0,neutral,0.067228125,sympathetic,0.341240589835397
2232,DgOOpBixH80,Ugxwo84YUqRy2QY6g-R4AaABAg,-0.0129,neutral,-0.064,inflammatory,0.09050966799187808
2233,mja0Lze2l0c,UgxwuVrtOVHNS3pE9Cp4AaABAg,0.0,neutral,-0.4215,inflammatory,
2234,lhdAgnXWzFA,Ugxwxw7ld5N_rdgen4x4AaABAg,0.01965,neutral,0.0,neutral,
2235,mMPRQSnKe9w,Ugxx-HUBOiveSsUbhjJ4AaABAg,-0.44905,inflammatory,-0.1115,inflammatory,0.3355829912257175
2236,zx3JMdSDTJs,Ugxx4mC3IvM-XE7xn8p4AaABAg,-0.4767,inflammatory,-0.3679428571428572,inflammatory,0.3837407799419762
2237,6Krjoo3fHtY,Ugxx6D7hLJCWgh0KQLF4AaABAg,0.1126,sympathetic,-0.16319999999999998,inflammatory,0.5141103811439718
2238,aGLmGnuYb_8,Ugxx87m70wKB8Py_Mw54AaABAg,-0.5106,inflammatory,-0.5921,inflammatory,0.3219593176508831
2239,lP_9nYehuss,Ugxx9DvlWlYS4F61UuV4AaABAg,0.6486,sympathetic,0.7783,sympathetic,
2240,kzEZ-0ym5Xg,Ugxx9rGnhCeZLDO5hsV4AaABAg,0.1591,sympathetic,0.8271,sympathetic,
2241,X4jrbP6ZnP4,UgxxCBHygiLZGAMJT5x4AaABAg,0.2152666666666667,sympathetic,-0.17154615384615382,inflammatory,0.41501500899643096
2242,usjbT_SKy68,UgxxEHcHl8Xnv85S-0J4AaABAg,0.8979,sympathetic,0.4753,sympathetic,
2243,46xekr1CEUU,UgxxGJUvWdI3n2juzhR4AaABAg,0.4927,sympathetic,0.02965,neutral,0.07262737087352124
2244,p8hpDXwUFvw,UgxxHGNTsu3ERw3HR3t4AaABAg,0.11246666666666667,sympathetic,0.37856666666666666,sympathetic,0.44079832501194166
2245,fo6qLarJ52U,UgxxKd_ts0j-A3gUqdd4AaABAg,0.296,sympathetic,-0.296,inflammatory,
2246,2EM-F3VfwUI,UgxxMZRgbJcMFLRUS_N4AaABAg,0.0,neutral,0.0,neutral,0.0
2247,7bTckdh1-W0,UgxxMorTmfiOkJ7Lld54AaABAg,-0.2732,inflammatory,0.019186666666666668,neutral,0.16499452314142632
2248,nihE9Yt3b-U,UgxxPyghsWf9O12JZwl4AaABAg,-0.23295,inflammatory,-0.0258,neutral,
2249,mMPRQSnKe9w,UgxxXZZAU1Q_o_mKAhh4AaABAg,-0.13405,inflammatory,-0.06788000000000001,inflammatory,0.4488476970099224
2250,xHIyM7-R8Yw,Ugxx_G7vt21MRnVmulp4AaABAg,0.0258,neutral,0.0,neutral,
2251,4pM7DLEL7xA,Ugxxg6HThimAMaJ387F4AaABAg,-0.07211,inflammatory,-0.0813,inflammatory,0.1626
2252,4pM7DLEL7xA,Ugxxhi1Exd-EiHi_fyt4AaABAg,0.0,neutral,0.06406666666666666,sympathetic,0.3905984314697982
2253,7H-oD45q0MM,UgxxmuGWXTVGvJmgHsp4AaABAg,-0.2732,inflammatory,-0.18298999999999999,inflammatory,0.4290216478609597
2254,lqvigepgbqI,Ugxxmw5TyZ92uIJVdQ14AaABAg,0.0,neutral,-0.010174999999999997,neutral,0.2747954343039304
2255,t5mmdQiyhxc,Ugxxq8_7N6diTMre-O14AaABAg,-0.1482,inflammatory,-0.1915111111111111,inflammatory,0.6035559274138064
2256,aGLmGnuYb_8,Ugxxt3kBvjs5i-N_EFR4AaABAg,-0.1779,inflammatory,0.0,neutral,
2257,eE61i2y1mJ0,UgxxuzHCjfYl2kk2ZKN4AaABAg,-0.61785,inflammatory,0.1688,sympathetic,0.4999244942988891
2258,xXAIcenT5KQ,Ugxxw4MHs7fmtj7_s6N4AaABAg,-0.4182,inflammatory,-0.15337142857142858,inflammatory,0.4812942012354368
2259,fo6qLarJ52U,UgxxwXOhFLijlPqf7SB4AaABAg,-0.1531,inflammatory,0.0903,sympathetic,0.1806
2260,tKdJkhBFqtI,Ugxxxyb-QOgSLE6T6xV4AaABAg,0.1806,sympathetic,-0.24503333333333333,inflammatory,0.4244101828812939
2261,rdmy9RjkNtA,Ugxxy-62aIe8RdasY_J4AaABAg,-0.4767,inflammatory,-0.2779666666666667,inflammatory,0.6710317603015027
2262,46xekr1CEUU,Ugxy0drr87wtVUasgOR4AaABAg,-0.05135,inflammatory,-0.16134285714285715,inflammatory,0.3668394192610842
2263,UGdWOPXE4Pc,Ugxy26Mi5ChxQNqAk6V4AaABAg,-0.0736,inflammatory,-0.29543636363636366,inflammatory,0.290011555882614
2264,OybJv6v8qKo,Ugxy2OSPa_fvJdNc9tx4AaABAg,-0.0772,inflammatory,0.8271,sympathetic,
2265,lZqHWBKkcos,Ugxy2h37M98p6N_mPt94AaABAg,-0.8042,inflammatory,-0.17049999999999998,inflammatory,0.5277187342704445
2266,qYbQZNOX9zc,Ugxy2o1d-i6cs4Vljhx4AaABAg,0.4019,sympathetic,0.21935000000000002,sympathetic,0.3427576735505389
2267,OybJv6v8qKo,Ugxy3v7u7fGFcWTy6vJ4AaABAg,0.0,neutral,-0.5423,inflammatory,
2268,aWOy271EIKU,Ugxy46FnmrJJaLP-FBN4AaABAg,0.0,neutral,0.2315,sympathetic,0.463
2269,X4jrbP6ZnP4,Ugxy4TG4PpLy4NE9wwt4AaABAg,0.524,sympathetic,-0.140125,inflammatory,0.5642577624632203
2270,pePQ6YdNww4,Ugxy59C8wVauNl2rLOx4AaABAg,-0.007799999999999974,neutral,-0.31245,inflammatory,0.12650140315427333
2271,8QB4UxnzCrg,Ugxy6wGG-ujo12rpA6x4AaABAg,0.0,neutral,-0.00850555555555556,neutral,0.2622182285408186
2272,bd04zIyOCas,UgxyEQ2lFmUzPymxEpR4AaABAg,0.09906666666666665,sympathetic,0.068,sympathetic,0.15205262246998572
2273,X4jrbP6ZnP4,UgxyJgZeoS-e8j66N4B4AaABAg,0.006749999999999978,neutral,-0.2787,inflammatory,0.3941413198333816
2274,8QB4UxnzCrg,UgxyN_YMOa7ERrUL4ZV4AaABAg,0.0,neutral,-0.028133333333333354,neutral,0.4765650205248795
2275,mMPRQSnKe9w,UgxyPwkDY75Md3cNN-t4AaABAg,-0.5211,inflammatory,0.0,neutral,0.0
2276,bd04zIyOCas,UgxyUE0kZjkiddO8AMd4AaABAg,0.2997,sympathetic,0.5989666666666666,sympathetic,0.2131021898839459
2277,7H-oD45q0MM,UgxyUSc-qltvLAbKnKJ4AaABAg,-0.31845,inflammatory,-0.34,inflammatory,
2278,46xekr1CEUU,UgxyVUEQ7-XJkQL5c594AaABAg,-0.08795,inflammatory,0.05885000000000001,sympathetic,0.43356626450207786
2279,fpVuA8E0KZs,UgxyZg8jMUuzxP3uONJ4AaABAg,0.0,neutral,0.026028571428571432,neutral,0.3022152969561364
2280,6Krjoo3fHtY,UgxyZq7Eo0_nmjKjXJd4AaABAg,0.7579,sympathetic,-0.04228571428571428,neutral,0.11187748401073125
2281,Tss1BYWFbtI,Ugxy_kyDqj1SVmbVnLF4AaABAg,0.7351,sympathetic,0.16175,sympathetic,0.28395187972612546
2282,6D_RgBOrjI0,Ugxy_mvyZVGYBsA6GYN4AaABAg,0.0,neutral,0.0,neutral,0.0
2283,lZqHWBKkcos,Ugxye99zU0eX2sYorvR4AaABAg,-0.019100000000000006,neutral,-0.06618333333333336,inflammatory,0.5360934411710954
2284,aGLmGnuYb_8,Ugxyjen4IvXSvBF9chl4AaABAg,0.0,neutral,0.006766666666666653,neutral,0.5454127635714685
2285,BMteNzu1jIA,Ugxyoj6EM-uyI4xTV3d4AaABAg,-0.6908,inflammatory,-0.28595,inflammatory,0.4043943681605865
2286,9dn7N5-EKRE,UgxysN9RKF3OEuGoZfR4AaABAg,-0.5994,inflammatory,0.07078333333333334,sympathetic,0.336817335757331
2287,ZSDPc8de7cw,UgxyumIsHuRfuxALuIN4AaABAg,-0.116275,inflammatory,0.2739333333333333,sympathetic,0.23740388230467785
2288,eAF4_2edowo,Ugxyvxzf2af0SGLb3eV4AaABAg,-0.2553,inflammatory,-0.12568333333333334,inflammatory,0.41904876287452114
2289,fpVuA8E0KZs,UgxywMjsMr2X388Xxeh4AaABAg,-0.09106666666666667,inflammatory,-0.14266666666666666,inflammatory,0.2417318404072303
2290,_BS6EnE31XM,Ugxyz6bEmxsJXf014JJ4AaABAg,-0.4404,inflammatory,0.012863636363636381,neutral,0.3503865958415855
2291,4pM7DLEL7xA,UgxyzEniRDNepa8KTf54AaABAg,0.26030000000000003,sympathetic,-0.06364,inflammatory,0.1423033660880866
2292,2ytZhL25V4w,UgxyzfS60fI81gBvhOJ4AaABAg,0.06787499999999998,sympathetic,-0.052137499999999996,inflammatory,0.5370181000873514
2293,tKdJkhBFqtI,UgxyzraxnGpdDL-qb6p4AaABAg,-0.021487499999999993,neutral,0.09733750000000001,sympathetic,0.5287868540010102
2294,bd04zIyOCas,Ugxz0C0lkYSzZWHKd414AaABAg,0.18913333333333335,sympathetic,-0.04543529411764706,neutral,0.3107198864049204
2295,6Krjoo3fHtY,UgxzI9-T8itiysTGaDN4AaABAg,0.21075000000000002,sympathetic,-0.07224,inflammatory,0.2643881389170097
2296,lZqHWBKkcos,UgxzJZ0XeOU--QlZipl4AaABAg,-0.44365000000000004,inflammatory,-0.03925000000000001,neutral,0.5201822398855114
2297,t5mmdQiyhxc,UgxzKAgocIaknKLpgDZ4AaABAg,-0.2230875,inflammatory,-0.07444285714285714,inflammatory,0.28906820335428834
2298,xHIyM7-R8Yw,UgxzZBR2fTjRwC12gH94AaABAg,-0.2553,inflammatory,-0.15734285714285717,inflammatory,0.25953865387865227
2299,zfQxhG5oWdU,Ugxzbb8ivCCh8xZ-a8l4AaABAg,-0.54825,inflammatory,-0.0249,neutral,0.03521391770309006
2300,54oSf8j9Eh0,UgxzhVjYTXiX5heBr-54AaABAg,0.0,neutral,-0.10253333333333332,inflammatory,0.296193275863357
2301,NrEyGPb2fNI,UgxziWmxvcQ5U9GqrDp4AaABAg,-0.4404,inflammatory,0.33949999999999997,sympathetic,0.3506355515346383
2302,5bjJBcpy9sU,Ugxzin6q6K20nwU9ol14AaABAg,0.0,neutral,0.0,neutral,0.0
2303,lhdAgnXWzFA,Ugxzkq7WxOucc0WtGdx4AaABAg,-0.105375,inflammatory,0.0,neutral,0.0
2304,aGLmGnuYb_8,UgxzmFJ7sVSycdtNG6J4AaABAg,-0.2874,inflammatory,-0.8519,inflammatory,
2305,qRw6gOjwCbQ,UgxznB1YDXLfAA2tPlZ4AaABAg,-0.8555,inflammatory,-0.09968749999999998,inflammatory,0.4288117616907047
2306,X4jrbP6ZnP4,UgxzoYXjkCRCpSMO-ah4AaABAg,-0.02054,neutral,0.4019,sympathetic,
2307,nihE9Yt3b-U,Ugxzoqio1YsNmNbTP3Z4AaABAg,-0.07655,inflammatory,-0.54632,inflammatory,0.16310747070566692
2308,6D_RgBOrjI0,UgxzuYtNjpsrO20Wklt4AaABAg,-0.27115,inflammatory,0.097475,sympathetic,0.29646293312029026
2309,ZSDPc8de7cw,Ugy-2XnOn48gX9dAfHd4AaABAg,-0.8176,inflammatory,-0.23553333333333334,inflammatory,0.2847032888230599
2310,Tss1BYWFbtI,Ugy-Bf0rqHFGx95eCfR4AaABAg,0.0,neutral,0.0,neutral,
2311,mgeeD8rYAwc,Ugy-FZCzpIHbP7jc7a94AaABAg,0.0,neutral,0.4037,sympathetic,0.41539963288380505
2312,zx3JMdSDTJs,Ugy-GJFyUo06MFt-V-F4AaABAg,-0.8096,inflammatory,0.0382,neutral,0.2892105461424254
2313,kin9OECNFRk,Ugy-MrIm1E9by1aWrSF4AaABAg,0.2732,sympathetic,0.14011,sympathetic,0.3823373218333082
2314,SFr12qevR18,Ugy-OcxV8066dJMls454AaABAg,-0.0129,neutral,0.07686923076923079,sympathetic,0.4470247688600252
2315,7bTckdh1-W0,Ugy-Wk6dBwQdp2WxaNV4AaABAg,0.08080000000000001,sympathetic,-0.4748,inflammatory,
2316,t5mmdQiyhxc,Ugy-YvR2AM0sDDwUHAZ4AaABAg,-0.5927,inflammatory,-0.07945,inflammatory,0.1946119600641235
2317,zx3JMdSDTJs,Ugy-aPqoDOaM4T96QFh4AaABAg,-0.01815,neutral,-0.04398750000000001,neutral,0.46663687147655675
2318,IOueE_uol8M,Ugy-gIBa4MEjDNwYUkB4AaABAg,0.0516,sympathetic,-0.05532500000000001,inflammatory,0.8674545420366417
2319,Sy8scM6B_nU,Ugy-gdBkFQvb8yLvYsh4AaABAg,-0.2741,inflammatory,0.015728571428571408,neutral,0.37620188602347415
2320,nihE9Yt3b-U,Ugy-iCk29LTvMVqWxIF4AaABAg,0.0,neutral,-0.28765833333333335,inflammatory,0.34628385219048086
2321,fo6qLarJ52U,Ugy-sZm4tCT5qlnAfL94AaABAg,0.05313333333333333,sympathetic,-0.26885714285714285,inflammatory,0.46175344379565036
2322,psP1uxfO6CQ,Ugy-tYcMhjsci623vd14AaABAg,0.013639999999999996,neutral,0.0807625,sympathetic,0.3380684796964747
2323,zfQxhG5oWdU,Ugy-uDv1WBjaQai08WF4AaABAg,0.0,neutral,0.05092,sympathetic,0.29862747194456174
2324,Bn7WbKVar1I,Ugy-xiGzyJ9KoMjXNf94AaABAg,-0.16454,inflammatory,-0.1386777777777778,inflammatory,0.275447169175027
2325,lqvigepgbqI,Ugy0-4KkXZGKnEZWKtd4AaABAg,-0.3344666666666667,inflammatory,-0.11421999999999999,inflammatory,0.2408979534989868
2326,6Krjoo3fHtY,Ugy02OrPamw_OHpL7jl4AaABAg,-0.4588,inflammatory,-0.2847857142857143,inflammatory,0.49187028245453573
2327,p8UbRG5hbiM,Ugy0ARxHsj7FX8SXftp4AaABAg,0.44805,sympathetic,0.29495,sympathetic,0.37759885460631365
2328,bd04zIyOCas,Ugy0B4b3Tmj6glbFzed4AaABAg,-0.23835,inflammatory,0.017730769230769237,neutral,0.4261897511371654
2329,OqB0y-8Ej0c,Ugy0CV7f17kxflQJqA94AaABAg,-0.35734999999999995,inflammatory,-0.30292727272727277,inflammatory,0.3048123556908712
2330,OqB0y-8Ej0c,Ugy0EuveQ7ll6snn42x4AaABAg,-0.22726666666666664,inflammatory,-0.2802,inflammatory,0.34613983590450836
2331,6Krjoo3fHtY,Ugy0GlSjFhayoPmRTOd4AaABAg,-0.2023,inflammatory,-0.16286,inflammatory,0.4731222865179784
2332,WcIOWDNlR7s,Ugy0IroUx963xFn767F4AaABAg,0.0,neutral,0.013960000000000005,neutral,0.3094552035432592
2333,DgOOpBixH80,Ugy0Iveb3idCdhPFtw94AaABAg,0.714,sympathetic,-0.15610000000000002,inflammatory,0.41444775304011483
2334,t5mmdQiyhxc,Ugy0Legz4uohgUdBWml4AaABAg,-0.174875,inflammatory,0.21028750000000002,sympathetic,0.1654021543951935
2335,tKdJkhBFqtI,Ugy0NpvWHzV_DgKSKL14AaABAg,0.0,neutral,-0.30365714285714285,inflammatory,0.3534926410163969
2336,vMKNBsd_XYg,Ugy0Oie5x3S4_9meBcZ4AaABAg,0.0,neutral,0.37857500000000005,sympathetic,0.2716330659179769
2337,OqB0y-8Ej0c,Ugy0Qy9m5K7FQWFDJF94AaABAg,0.2263,sympathetic,0.246325,sympathetic,0.49493546633205965
2338,IJAwKvrhY58,Ugy0Ukyv-ev3q_TorSd4AaABAg,-0.021349999999999997,neutral,-0.1015090909090909,inflammatory,0.3461587596885148
2339,GPcb8SYe8tA,Ugy0X5hK0kA46lKBr_d4AaABAg,-0.52605,inflammatory,-0.21396,inflammatory,0.45721901535259885
2340,Sy8scM6B_nU,Ugy0XicjT-V0qUPQTyJ4AaABAg,-0.7022,inflammatory,0.35781666666666667,sympathetic,0.20933017380842797
2341,eAF4_2edowo,Ugy0_RSsIpVwd6Iyq954AaABAg,-0.1078,inflammatory,-0.549,inflammatory,0.3577960312803931
2342,46xekr1CEUU,Ugy0bolfBy632BgxPjx4AaABAg,0.0,neutral,-0.055787500000000004,inflammatory,0.30933247687561033
2343,mgeeD8rYAwc,Ugy0hq-We3U0Dxato7V4AaABAg,-0.4137,inflammatory,0.40315,sympathetic,0.03938584771209068
2344,t5mmdQiyhxc,Ugy0kkzrqOHNsh0YwxF4AaABAg,-0.2732,inflammatory,0.23973333333333335,sympathetic,0.41876157966802613
2345,pgZTLDI3AAA,Ugy0nGcRZHlM5NdhQgR4AaABAg,0.7269,sympathetic,0.3612,sympathetic,
2346,9dn7N5-EKRE,Ugy0o6b8CUaIc9ZbIeF4AaABAg,0.0,neutral,0.4927,sympathetic,
2347,GpmP2vtnXcc,Ugy0u-PvJdJuqMFdm9p4AaABAg,0.0,neutral,0.0,neutral,
2348,6GfCWFftDSA,Ugy1-ZQYprV0U83ccGV4AaABAg,-0.0172,neutral,0.010222222222222218,neutral,0.39551117802717595
2349,6D_RgBOrjI0,Ugy10oztyqz2F2GZw6l4AaABAg,-0.1591,inflammatory,-0.24419999999999997,inflammatory,0.32278479931165693
2350,_BS6EnE31XM,Ugy14eDUAOAzWQ7Qnr14AaABAg,0.7525,sympathetic,-0.010449999999999996,neutral,0.4134819343091062
2351,OLgwMqMkgsg,Ugy17VV0OLdyaIPp6914AaABAg,0.31835,sympathetic,0.4767,sympathetic,
2352,IJAwKvrhY58,Ugy1DXoMq_zHDjoD2e54AaABAg,-0.017200000000000003,neutral,-0.2034857142857143,inflammatory,0.550078680519346
2353,p8UbRG5hbiM,Ugy1HZ-YnB7H8RwoMk54AaABAg,0.5574,sympathetic,-0.07646666666666667,inflammatory,0.18730431566482034
2354,VCwKVFgL6zU,Ugy1Hb8ODRWQXaOPaOh4AaABAg,0.0516,sympathetic,-0.10294999999999999,inflammatory,0.26895793689382325
2355,Z6DD4PaM0zg,Ugy1IQlkqBPWFsCc5Yh4AaABAg,-0.17,inflammatory,0.17238,sympathetic,0.23613560087373525
2356,aGLmGnuYb_8,Ugy1M5_K1cwbeihmQPJ4AaABAg,-0.07519999999999999,inflammatory,0.023662500000000003,neutral,0.23639826526738425
2357,Tss1BYWFbtI,Ugy1NfL5x44d1e2VMrl4AaABAg,-0.27815,inflammatory,-0.11202000000000001,inflammatory,0.5118511424232636
2358,46xekr1CEUU,Ugy1PUdNqzqSFR9S9G94AaABAg,0.0,neutral,-0.0024571428571428483,neutral,0.35348041839750644
2359,fo6qLarJ52U,Ugy1_5dfAsTGnVU4g7B4AaABAg,0.4404,sympathetic,0.0,neutral,
2360,6D_RgBOrjI0,Ugy1_A77lnJLOMaDANt4AaABAg,-0.49985,inflammatory,0.5719,sympathetic,
2361,p8UbRG5hbiM,Ugy1bPb5MEDqEjWr8ap4AaABAg,0.36755,sympathetic,0.18795,sympathetic,0.12056170619230636
2362,zx3JMdSDTJs,Ugy1coOCI3dUC-X_4O94AaABAg,-0.10013333333333331,inflammatory,-0.05701874999999999,inflammatory,0.2634751657335722
2363,xEXaGltX3UA,Ugy1h6x_C1dVmhqVKbN4AaABAg,0.6808,sympathetic,0.5202600000000001,sympathetic,0.3104751004509057
2364,xHIyM7-R8Yw,Ugy1oPuRnPrQ225qn9Z4AaABAg,-0.22635,inflammatory,-0.02046666666666666,neutral,0.42941907580668404
2365,SFr12qevR18,Ugy1qe95SRXN1DFZjrJ4AaABAg,-0.52565,inflammatory,0.2253,sympathetic,0.027718585822512673
2366,OybJv6v8qKo,Ugy1x5MJsZOH7KMebgp4AaABAg,-0.22003333333333333,inflammatory,0.3251833333333333,sympathetic,0.5245662569006778
2367,6D_RgBOrjI0,Ugy2-1StFF4GQBAJbM14AaABAg,-0.4444,inflammatory,-0.17460000000000003,inflammatory,0.5438756107787883
2368,fpVuA8E0KZs,Ugy25Bw9VuGpe-64pcp4AaABAg,0.2202,sympathetic,0.14188571428571428,sympathetic,0.30126858685991714
2369,2ytZhL25V4w,Ugy27s6-zDsD91Byf8B4AaABAg,-0.8519,inflammatory,0.29212499999999997,sympathetic,0.3538615301216
2370,3L2BXNMGTew,Ugy29djl7MMjIgVpu9Z4AaABAg,-0.1463,inflammatory,-0.07038,inflammatory,0.494937341488799
2371,a7jLOtY-1VY,Ugy2CVaJ6toRnZE34c54AaABAg,-0.05793333333333333,inflammatory,-0.051660000000000005,inflammatory,0.4630493235066865
2372,qRw6gOjwCbQ,Ugy2FC_UKdLQ8-fLcbl4AaABAg,-0.34862499999999996,inflammatory,0.0,neutral,0.0
2373,Djzvi2sVsdY,Ugy2FKpLy3cIlV5PAYl4AaABAg,-0.7531,inflammatory,0.42901666666666666,sympathetic,0.2647561475521705
2374,Bn7WbKVar1I,Ugy2Jtdt2IKmlcHyNNF4AaABAg,-0.19536666666666666,inflammatory,-0.25214000000000003,inflammatory,0.4543645544420618
2375,lhdAgnXWzFA,Ugy2Ko8h5FYtAWvBdaR4AaABAg,-0.1027,inflammatory,0.11303333333333332,sympathetic,0.5086947912714133
2376,eAF4_2edowo,Ugy2TBvcRCv_JpJkIxR4AaABAg,-0.0516,inflammatory,-0.0883,inflammatory,0.4465786548862361
2377,psP1uxfO6CQ,Ugy2fuME6OYXYkahBe54AaABAg,-0.5423,inflammatory,0.04150000000000001,neutral,0.5298203431352934
2378,4pM7DLEL7xA,Ugy2ijCvlfl2kxcHIA14AaABAg,0.3586,sympathetic,0.07616250000000001,sympathetic,0.2703454294971528
2379,OqB0y-8Ej0c,Ugy2pMbDYltj1OThu-x4AaABAg,0.42705000000000004,sympathetic,0.10385714285714287,sympathetic,0.15385693416442495
2380,6D_RgBOrjI0,Ugy2rbzRXqbVFyyl66p4AaABAg,0.0,neutral,-0.1935,inflammatory,0.434727418044917
2381,8zjWbdItFTo,Ugy2x07nowBiL9I4w-N4AaABAg,-0.8142,inflammatory,0.08840000000000003,sympathetic,0.8698827622156907
2382,fo6qLarJ52U,Ugy2xZ_zVnbCsouVgv54AaABAg,-0.8658,inflammatory,-0.14556,inflammatory,0.4774318883359175
2383,NrEyGPb2fNI,Ugy2zKN9Y5xZNf0hkw54AaABAg,-0.3995666666666667,inflammatory,0.0,neutral,0.0
2384,6GfCWFftDSA,Ugy3227G7-ciLlWWc3l4AaABAg,-0.48755000000000004,inflammatory,-0.07247142857142859,inflammatory,0.510630302385479
2385,mgeeD8rYAwc,Ugy3237GpcKYLi14lWF4AaABAg,0.04786666666666665,neutral,0.20999999999999996,sympathetic,0.27380974416554277
2386,Z6DD4PaM0zg,Ugy33zp2ALwc6BYmy9F4AaABAg,0.0,neutral,-0.35317999999999994,inflammatory,0.24680497766455195
2387,OqB0y-8Ej0c,Ugy34LbK0MoOcCsOOHR4AaABAg,-0.1509,inflammatory,0.10132000000000001,sympathetic,0.33581797407864533
2388,qYbQZNOX9zc,Ugy38bK9QL2MlZIBEkF4AaABAg,0.4019,sympathetic,-0.027400000000000008,neutral,0.38946180080428205
2389,p8UbRG5hbiM,Ugy3Bvz0bQ8fkQML29x4AaABAg,0.0,neutral,-0.02805,neutral,0.2744823582673393
2390,aGLmGnuYb_8,Ugy3C1l0XBZWS8yIP914AaABAg,0.0928375,sympathetic,-0.031478571428571425,neutral,0.2748370683166285
2391,Djzvi2sVsdY,Ugy3EHUBpi5XHJLueG14AaABAg,-0.5706,inflammatory,-0.48855,inflammatory,0.3262636204053403
2392,kin9OECNFRk,Ugy3S4TR2PXgflE610t4AaABAg,-0.08895,inflammatory,-0.2543666666666667,inflammatory,0.2212259553789594
2393,TybnJ6mrvI4,Ugy3UVjVZQMhRwIml594AaABAg,0.22950000000000004,sympathetic,0.06988888888888889,sympathetic,0.13095767564544478
2394,DgOOpBixH80,Ugy3_tinkW-RREDnY2p4AaABAg,0.6458,sympathetic,-0.05457777777777777,inflammatory,0.5753716750453088
2395,gc-7CsqGK9o,Ugy3adj5NSinBZf7RzR4AaABAg,-0.09106666666666667,inflammatory,0.6705,sympathetic,
2396,mgeeD8rYAwc,Ugy3aj0gaTlrzDwyN8h4AaABAg,-0.2744,inflammatory,0.0,neutral,
2397,Sy8scM6B_nU,Ugy3akXzw3989-DlPex4AaABAg,0.2263,sympathetic,-0.1479375,inflammatory,0.30037088948498325
2398,psP1uxfO6CQ,Ugy3bRPW2tnAbWmOc-d4AaABAg,-0.297,inflammatory,-0.08272,inflammatory,0.3521498786028472
2399,3L2BXNMGTew,Ugy3etQBmFLZfCvVgVx4AaABAg,-0.13094285714285717,inflammatory,-0.10700129870129871,inflammatory,0.37818441007609893
2400,qRw6gOjwCbQ,Ugy3hEdAT1N5WEwrRUB4AaABAg,0.0,neutral,-0.11148,inflammatory,0.24927685813167655
2401,VCwKVFgL6zU,Ugy3jtNs9l2ERAEIXCZ4AaABAg,0.2233,sympathetic,0.011122222222222231,neutral,0.3361416917676896
2402,_BS6EnE31XM,Ugy3uIfWQHIMRap0ZUJ4AaABAg,0.1531,sympathetic,0.14196666666666669,sympathetic,0.24056882071457225
2403,VCwKVFgL6zU,Ugy3vTC805NqZvHYoah4AaABAg,-0.20015,inflammatory,-0.07086666666666666,inflammatory,0.4038528230267391
2404,WcIOWDNlR7s,Ugy4-hlEnkXKrEhFnOp4AaABAg,-0.246,inflammatory,-0.1032142857142857,inflammatory,0.3899301216631254
2405,VCwKVFgL6zU,Ugy42aYVB6zIdxiO76R4AaABAg,-0.4767,inflammatory,0.04655555555555556,neutral,0.24879461464786126
2406,tKdJkhBFqtI,Ugy470JL_CEv8H0Cxv94AaABAg,0.0,neutral,-0.014329411764705882,neutral,0.23949824050686125
2407,z_1OsbwBfJ0,Ugy4BkQir0CX-VStd2d4AaABAg,-0.296,inflammatory,-0.21105000000000002,inflammatory,0.3348206227884484
2408,lqvigepgbqI,Ugy4D1YTrcLoMCubZ2h4AaABAg,0.0,neutral,0.0624111111111111,sympathetic,0.3825581931041487
2409,2EM-F3VfwUI,Ugy4NW_e52y2W2CAxOF4AaABAg,0.11333333333333334,sympathetic,-0.06254117647058821,inflammatory,0.4584779630184306
2410,2ytZhL25V4w,Ugy4P0QBnW7nTYzJDzZ4AaABAg,-0.1591,inflammatory,-0.31053333333333333,inflammatory,0.5378595107770554
2411,qRw6gOjwCbQ,Ugy4V07pVoLiK_YBfbB4AaABAg,-0.5423,inflammatory,0.0,neutral,0.0
2412,zx3JMdSDTJs,Ugy4V1QFf_5wZBqgebx4AaABAg,0.1511,sympathetic,-0.06608499999999999,inflammatory,0.3250048392757123
2413,eAF4_2edowo,Ugy4_dqZCJPxh3V-XWh4AaABAg,-0.34,inflammatory,0.0987,sympathetic,0.32540441760984135
2414,gc-7CsqGK9o,Ugy4cMNdjtjYKMg_0jV4AaABAg,-0.26335,inflammatory,-0.2732,inflammatory,
2415,fo6qLarJ52U,Ugy4eWPrjIObbXrA3Hp4AaABAg,-0.24878,inflammatory,-0.2068705882352941,inflammatory,0.2798910273765173
2416,p8UbRG5hbiM,Ugy4fvocrPqA5IOw8pZ4AaABAg,0.4939,sympathetic,0.4588,sympathetic,
2417,TybnJ6mrvI4,Ugy4hISmkl74NcSbqdN4AaABAg,-0.3162,inflammatory,-0.13396666666666665,inflammatory,0.2320370731873106
2418,fo6qLarJ52U,Ugy4iETdNoidcjlr37J4AaABAg,-0.3612,inflammatory,0.28006666666666663,sympathetic,0.48508969617312353
2419,7bTckdh1-W0,Ugy4jUijAJmKP14KEbp4AaABAg,0.10535000000000001,sympathetic,0.238925,sympathetic,0.47785
2420,6D_RgBOrjI0,Ugy4lJPmLMxlvLvZvvN4AaABAg,0.0,neutral,0.04421666666666666,neutral,0.537193467632162
2421,wu2Lp8LpiVg,Ugy4osfRael7_N1pWb94AaABAg,0.6705,sympathetic,0.13031666666666666,sympathetic,0.4871719015570034
2422,eAF4_2edowo,Ugy4oxCSQEYnBUzKmXJ4AaABAg,0.1779,sympathetic,0.3317428571428572,sympathetic,0.34504884126329544
2423,eAF4_2edowo,Ugy4q0Vps7fPsHC_sRx4AaABAg,-0.1623,inflammatory,0.04810000000000001,neutral,0.36585865030090514
2424,OybJv6v8qKo,Ugy4rKrwtk7lnpz67yx4AaABAg,-0.11905,inflammatory,-0.25479999999999997,inflammatory,0.4413265457685499
2425,Sy8scM6B_nU,Ugy4rQbz-PAUxq6K7e54AaABAg,0.2294,sympathetic,0.06041111111111112,sympathetic,0.45410698751628026
2426,8zjWbdItFTo,Ugy4sfH_8XMu1G6kDyh4AaABAg,-0.34,inflammatory,-0.5267,inflammatory,
2427,gc-7CsqGK9o,Ugy4uhmsFq5714X9-tF4AaABAg,-0.301875,inflammatory,-0.031946666666666665,neutral,0.4195257132706386
2428,qYbQZNOX9zc,Ugy4wE0YCmG75YwBxxZ4AaABAg,-0.6369,inflammatory,-0.09458000000000001,inflammatory,0.39167639647489044
2429,TybnJ6mrvI4,Ugy4xgLzTmN6kFjGIjB4AaABAg,-0.025733333333333334,neutral,0.07527272727272726,sympathetic,0.411458141469844
2430,kzEZ-0ym5Xg,Ugy552dG-0lYpkqbgfZ4AaABAg,-0.3182,inflammatory,0.3203333333333333,sympathetic,0.40198121017447236
2431,lqvigepgbqI,Ugy5NQjhFIZLUgkjw9V4AaABAg,0.3612,sympathetic,-0.21824285714285718,inflammatory,0.5198219658599242
2432,zfQxhG5oWdU,Ugy5NmGBGfBdEtWR6XF4AaABAg,-0.34,inflammatory,-0.07366,inflammatory,0.36855268687122605
2433,dR8H-nQkz4k,Ugy5Pa475WKOPyb5HrJ4AaABAg,-0.765,inflammatory,-0.27631428571428573,inflammatory,0.19717233941040369
2434,eAF4_2edowo,Ugy5UUlpa4V1_27Uke94AaABAg,0.0,neutral,0.1065625,sympathetic,0.1973317434278776
2435,xEXaGltX3UA,Ugy5UYozteafu0Ppttx4AaABAg,0.38494999999999996,sympathetic,0.21353333333333332,sympathetic,0.40112782335144326
2436,Djzvi2sVsdY,Ugy5VxjwNOUMFFIAr3V4AaABAg,0.4588,sympathetic,0.170775,sympathetic,0.630453330945281
2437,qYbQZNOX9zc,Ugy5dZeQG4xexeHl6l54AaABAg,0.0,neutral,0.0,neutral,
2438,lZqHWBKkcos,Ugy5ezwklOsW7NmnPoV4AaABAg,-0.7262500000000001,inflammatory,-0.0129,neutral,0.018243354954612927
2439,WcIOWDNlR7s,Ugy5mXkdsDgEz-UNXmJ4AaABAg,-0.25906666666666667,inflammatory,-0.2732,inflammatory,
2440,DgOOpBixH80,Ugy5yZf_U0mZ-hPKdu94AaABAg,-0.1858,inflammatory,-0.12840000000000001,inflammatory,0.4077354503841921
2441,mja0Lze2l0c,Ugy5yixYImKA-NHimIJ4AaABAg,0.0,neutral,0.35109,sympathetic,0.44644624523999404
2442,IOueE_uol8M,Ugy5zAHKKcNIaRgrgLt4AaABAg,0.3847,sympathetic,-0.18076666666666666,inflammatory,0.31309705098153406
2443,ZSDPc8de7cw,Ugy61k9TztropxnCh7Z4AaABAg,0.5731999999999999,sympathetic,-0.27115,inflammatory,0.3834640074374647
2444,RuHOwKXtDek,Ugy69NHabqsHJj7ZI8h4AaABAg,-0.6486,inflammatory,-0.07568333333333332,inflammatory,0.37393007570286657
2445,WcIOWDNlR7s,Ugy6A694MDEkOnea4eh4AaABAg,-0.09263333333333333,inflammatory,0.027066666666666666,neutral,0.28945069240430804
2446,vMKNBsd_XYg,Ugy6B9qbGC-LRxyPBid4AaABAg,0.26335,sympathetic,0.016362499999999995,neutral,0.233933335665771
2447,BMteNzu1jIA,Ugy6DYgVtIR_bm9SLa54AaABAg,0.0,neutral,0.0,neutral,
2448,d6Pee6Fyvoo,Ugy6FRqbqiJR2NfKqvd4AaABAg,-0.1909,inflammatory,0.0,neutral,0.0
2449,SFr12qevR18,Ugy6IBxvHSPJSJpLjuN4AaABAg,-0.4767,inflammatory,-0.004328571428571436,neutral,0.36600926087685137
2450,OLgwMqMkgsg,Ugy6NlscQeEcT1hEUaF4AaABAg,0.1806,sympathetic,0.07288571428571429,sympathetic,0.45817250182499103
2451,Taz-d2zn6Vg,Ugy6W4SbxoCsgFYN2ZB4AaABAg,-0.032299999999999995,neutral,0.34658,sympathetic,0.3941224517837064
2452,yySFCBFXevg,Ugy6_MraPtp5dq5M5Wd4AaABAg,0.0,neutral,0.4404,sympathetic,
2453,7bTckdh1-W0,Ugy6fSKmBO8aQP1x8aF4AaABAg,0.12040000000000001,sympathetic,-0.8797,inflammatory,
2454,Sy8scM6B_nU,Ugy6jUtB-BENaVoCuFd4AaABAg,0.0516,sympathetic,0.023499999999999993,neutral,0.27236727654645543
2455,lP_9nYehuss,Ugy6kDxyz_cdNCyg1FN4AaABAg,0.0,neutral,0.21075,sympathetic,0.29804550827012977
2456,IJAwKvrhY58,Ugy6l5QLu_Pe9KXfpvN4AaABAg,-0.44985,inflammatory,-0.2964166666666667,inflammatory,0.5019433012469303
2457,WcIOWDNlR7s,Ugy6ptmvtwcnQbf7NyF4AaABAg,0.1141,sympathetic,-0.14115384615384616,inflammatory,0.4027397269854412
2458,tKdJkhBFqtI,Ugy6q4ngnA3kn4AJv_14AaABAg,-0.5423,inflammatory,-0.09705000000000001,inflammatory,0.4627536353179735
2459,ZSDPc8de7cw,Ugy6z6oC70P_z7pB-DN4AaABAg,-0.09866666666666667,inflammatory,-0.1935214285714286,inflammatory,0.3331301505384978
2460,t5mmdQiyhxc,Ugy7-7ZKQuxxpxcr4Fh4AaABAg,-0.18510000000000001,inflammatory,0.2377,sympathetic,0.33615856377608466
2461,tKdJkhBFqtI,Ugy77S7gK8zfYlLyUn54AaABAg,0.4168,sympathetic,0.10429090909090907,sympathetic,0.25424241760392957
2462,Bn7WbKVar1I,Ugy7CDzmnfImD_zzJ8t4AaABAg,0.09293333333333335,sympathetic,-0.2214409090909091,inflammatory,0.4546815239777764
2463,X4jrbP6ZnP4,Ugy7ExqxqsQJmICMZSF4AaABAg,-0.17,inflammatory,0.021015384615384616,neutral,0.07577204680436629
2464,zx3JMdSDTJs,Ugy7G-kkZqmJOmcUeFh4AaABAg,0.128,sympathetic,-0.05339000000000001,inflammatory,0.5756602575400799
2465,usjbT_SKy68,Ugy7G50kM_Vw3rkg6rF4AaABAg,0.0,neutral,0.105375,sympathetic,0.21075
2466,vMKNBsd_XYg,Ugy7KXV0MhGHgEss1N14AaABAg,-0.2939,inflammatory,-0.13850909090909092,inflammatory,0.3403846030722571
2467,vMKNBsd_XYg,Ugy7LGx-B10te2jS9H14AaABAg,0.0,neutral,-0.28757142857142853,inflammatory,0.3937978699548188
2468,Bngr9lb8MPY,Ugy7P6qOX1dxSL1QlL54AaABAg,-0.873,inflammatory,-0.1027,inflammatory,
2469,lP_9nYehuss,Ugy7VagCUR7D78Muord4AaABAg,-0.5859,inflammatory,-0.016212500000000005,neutral,0.33488696360541886
2470,xXAIcenT5KQ,Ugy7cv0nLZ-0BG3dOpR4AaABAg,0.0,neutral,0.0988909090909091,sympathetic,0.31592175757470536
2471,6Krjoo3fHtY,Ugy7eVZE9jqv0h5aGu14AaABAg,0.2202,sympathetic,-0.018788888888888904,neutral,0.4724984720727794
2472,Sy8scM6B_nU,Ugy7fiMrCQ01NPI8Hdd4AaABAg,-0.2972333333333333,inflammatory,-0.028,neutral,0.49866177515426224
2473,t5mmdQiyhxc,Ugy7iovxubVURVjKHoF4AaABAg,-0.2210076923076923,inflammatory,-0.2986571428571429,inflammatory,0.2782209485112079
2474,yySFCBFXevg,Ugy7j3wyn4L3hoNMrbN4AaABAg,0.6486,sympathetic,0.5946499999999999,sympathetic,0.09199459223236983
2475,7H-oD45q0MM,Ugy7jgvKVyZwvxHmbL54AaABAg,-0.23855,inflammatory,0.03271249999999999,neutral,0.518877253410807
2476,2EM-F3VfwUI,Ugy7rRhVFMPTD30cl4h4AaABAg,-0.0086,neutral,0.02906363636363635,neutral,0.23142145221533492
2477,GPcb8SYe8tA,Ugy7tyBy6srvuIaVz8p4AaABAg,-0.5859,inflammatory,0.39586666666666664,sympathetic,0.4717504566328827
2478,d6Pee6Fyvoo,Ugy7xMTeksw8ny9MkpZ4AaABAg,-0.018325000000000008,neutral,-0.1896,inflammatory,0.32839683311505913
2479,Taz-d2zn6Vg,Ugy88V6MgbeDSNvfz214AaABAg,-0.00645,neutral,0.2202,sympathetic,0.31140982643455556
2480,xEXaGltX3UA,Ugy88uotYIuxRpUN_6x4AaABAg,-0.12726666666666667,inflammatory,-0.073175,inflammatory,0.20113637786337907
2481,xEXaGltX3UA,Ugy8B0y_tWaLwvPGSPt4AaABAg,-0.2732,inflammatory,0.021449999999999997,neutral,0.21605612002440477
2482,gc-7CsqGK9o,Ugy8F-lu8YnAMnlth814AaABAg,-0.8385,inflammatory,-0.05477499999999999,inflammatory,0.49694750441355184
2483,mja0Lze2l0c,Ugy8HN1ogDCj4vIk5b54AaABAg,-0.22525714285714285,inflammatory,0.11897500000000001,sympathetic,0.4017276222765868
2484,zfQxhG5oWdU,Ugy8LtNMLgoBI6GVv3p4AaABAg,-0.3818,inflammatory,0.41626666666666673,sympathetic,0.3604978548248704
2485,ivQAfsLKylc,Ugy8S-jfixS-NEoJ-Kx4AaABAg,-0.07543333333333334,inflammatory,0.059199999999999996,sympathetic,0.15662847761502377
2486,5bjJBcpy9sU,Ugy8SffU1XksG74eLel4AaABAg,0.00993333333333335,neutral,-0.4069857142857143,inflammatory,0.32856232502916616
2487,2EM-F3VfwUI,Ugy8UiQAxB1wbT5YVg94AaABAg,-0.5699,inflammatory,-0.10115,inflammatory,0.14304770183403856
2488,3L2BXNMGTew,Ugy8Wvn_ubeCoSqsGjB4AaABAg,-0.30151666666666666,inflammatory,0.10143333333333332,sympathetic,0.37163693018696065
2489,a7jLOtY-1VY,Ugy8b7H9wCkERBxC3LJ4AaABAg,0.0258,neutral,-0.04428333333333332,neutral,0.2850681912572265
2490,OLgwMqMkgsg,Ugy8c25195Zpw8TUouN4AaABAg,0.0,neutral,0.2739,sympathetic,0.4744087161931155
2491,mMPRQSnKe9w,Ugy8ghk_7HCK61799Jh4AaABAg,-0.1366,inflammatory,0.3182,sympathetic,
2492,Bn7WbKVar1I,Ugy8hWVtjSuxma4sGGZ4AaABAg,-0.1531,inflammatory,0.0,neutral,0.0
2493,13q2vOdV9kE,Ugy8qthOETzIL10510Z4AaABAg,-0.3182,inflammatory,-0.051711111111111104,inflammatory,0.33635510046840544
2494,54oSf8j9Eh0,Ugy934TyEd3MpoljXN94AaABAg,-0.41174,inflammatory,-0.025919999999999988,neutral,0.33116222157728076
2495,p8hpDXwUFvw,Ugy97HWTgozqNKauGTV4AaABAg,0.07163,sympathetic,-0.09204999999999998,inflammatory,0.532356995821413
2496,IOueE_uol8M,Ugy9By4RRMAyoIub2hR4AaABAg,0.41355,sympathetic,0.0,neutral,0.0
2497,UGdWOPXE4Pc,Ugy9Gy_n2jOIojsyQ6d4AaABAg,0.6705,sympathetic,-0.36506470588235296,inflammatory,0.464398686396151
2498,54oSf8j9Eh0,Ugy9PsPb3NhIndnHDyd4AaABAg,-0.08399999999999999,inflammatory,-0.10095384615384616,inflammatory,0.2755386198441899
2499,RuHOwKXtDek,Ugy9T5wl2_z1aTIcTYh4AaABAg,0.6249,sympathetic,0.28076666666666666,sympathetic,0.24391187616295631
2500,bd04zIyOCas,Ugy9dmPWI1CQ3o9SDmt4AaABAg,-0.2332,inflammatory,-0.07935000000000002,inflammatory,0.4640687633776455
2501,fo6qLarJ52U,Ugy9hMk7-e00YwwSUpx4AaABAg,0.4215,sympathetic,0.105375,sympathetic,0.21075
2502,IoqeVMg760U,Ugy9jjW6IHl9rvdgUop4AaABAg,-0.5859,inflammatory,-0.04307999999999999,neutral,0.4865734240584868
2503,z_1OsbwBfJ0,Ugy9lL__bq7QnwJl5j14AaABAg,-0.77125,inflammatory,-0.1282727272727273,inflammatory,0.22342884814145683
2504,kin9OECNFRk,Ugy9lx00SgPz9oovUNt4AaABAg,0.3612,sympathetic,0.0,neutral,0.0
2505,54oSf8j9Eh0,Ugy9nEB7b1ceWYjU-dF4AaABAg,0.4939,sympathetic,-0.359125,inflammatory,0.5441514763066132
2506,OLgwMqMkgsg,Ugy9z3M8fIXGmEnb6x14AaABAg,-0.1706,inflammatory,0.01978333333333332,neutral,0.5445629639138772
2507,aGLmGnuYb_8,UgyAByljPJ5wSwiXzDJ4AaABAg,-0.30895,inflammatory,-0.19892500000000002,inflammatory,0.49218713907254935
2508,50AKW9lBuNM,UgyAJPBy2qOJAer_esl4AaABAg,-0.8176,inflammatory,-0.04830000000000001,neutral,0.353973247576706
2509,tKdJkhBFqtI,UgyAJTV8C7KkIcjguyZ4AaABAg,-0.5423,inflammatory,-0.3296,inflammatory,0.5498572632965759
2510,61-61BHIIp0,UgyAWYBsNjhA6eCykJ54AaABAg,-0.1027,inflammatory,0.12765,sympathetic,0.2553
2511,13q2vOdV9kE,UgyAYwrj5h9rBATStGV4AaABAg,0.0,neutral,-0.16016666666666665,inflammatory,0.596598762430273
2512,46xekr1CEUU,UgyAbfmPKHAwc0zqdAJ4AaABAg,-0.09225,inflammatory,-0.11395882352941177,inflammatory,0.36340621049113814
2513,eAF4_2edowo,UgyAfJWJLyVp0AA4T654AaABAg,0.0,neutral,0.2938,sympathetic,0.49697729180660616
2514,lZqHWBKkcos,UgyAgQQfCnXU0n5vNtF4AaABAg,0.12019999999999999,sympathetic,0.3161333333333333,sympathetic,0.27585803111987395
2515,qYbQZNOX9zc,UgyAoI3qtO_PpYMXP9N4AaABAg,0.0,neutral,0.22356666666666666,sympathetic,0.34128164252389775
2516,IJAwKvrhY58,UgyAqjhGqUDzCo80OZd4AaABAg,-0.0386,neutral,0.2095142857142857,sympathetic,0.44703708805337183
2517,4pM7DLEL7xA,UgyB304PmQHnmoi8lBx4AaABAg,-0.4404,inflammatory,-0.013600000000000001,neutral,0.1602290547934425
2518,WcIOWDNlR7s,UgyBDkuDYigB-D77pHp4AaABAg,0.40820000000000006,sympathetic,0.20735,sympathetic,0.2547263139135806
2519,6GfCWFftDSA,UgyBJ8IEZu3i7ZJp-th4AaABAg,0.0,neutral,0.2664875,sympathetic,0.24179668813459199
2520,fpVuA8E0KZs,UgyBPecnSRq51VSmnCx4AaABAg,0.6124,sympathetic,0.20095,sympathetic,0.28418621535887345
2521,OybJv6v8qKo,UgyBQD-7ohFvhjes3z94AaABAg,-0.0386,neutral,0.23516666666666666,sympathetic,0.27219243805317833
2522,7H-oD45q0MM,UgyBUGqHwRU6AZDMbYF4AaABAg,-0.0774,inflammatory,-0.018049999999999983,neutral,0.4953862891265214
2523,xHIyM7-R8Yw,UgyBVFGmQ2NNT2Nfg4t4AaABAg,-0.5502666666666667,inflammatory,-0.26635000000000003,inflammatory,0.33498469069496295
2524,6GfCWFftDSA,UgyBXSj6iNRdS7G0j3x4AaABAg,-0.1755,inflammatory,0.0,neutral,
2525,Sy8scM6B_nU,UgyB_2M48B5rjjnUFyl4AaABAg,0.0,neutral,0.6808,sympathetic,
2526,gc-7CsqGK9o,UgyBbfyVF1D8Hii4YPB4AaABAg,-0.17875000000000002,inflammatory,0.36595,sympathetic,0.5175314531504341
2527,zx3JMdSDTJs,UgyBdJWpfdQZAJ_jvaV4AaABAg,-0.0258,neutral,0.0,neutral,
2528,VCwKVFgL6zU,UgyBe1gGLSYilyifbdF4AaABAg,-0.023485714285714283,neutral,0.07487999999999999,sympathetic,0.4189498796803867
2529,nihE9Yt3b-U,UgyBjnrvyjVKmkSSF114AaABAg,0.0,neutral,-0.07311666666666668,inflammatory,0.1551930206764037
2530,eAF4_2edowo,UgyBkjtojHmnBEYMQI54AaABAg,-0.60375,inflammatory,0.04356000000000001,neutral,0.3106720750602188
2531,lqvigepgbqI,UgyBnYOxj-liUS-Pvfx4AaABAg,0.0,neutral,-0.17253999999999997,inflammatory,0.335043201857777
2532,lZqHWBKkcos,UgyBpbHI93fPfk41duZ4AaABAg,-0.9128,inflammatory,-0.34870999999999996,inflammatory,0.38087211458265974
2533,zfQxhG5oWdU,UgyBq97YDcajsqPHwll4AaABAg,0.0,neutral,0.4652200000000001,sympathetic,0.6599553977353317
2534,iDuNFBjJ774,UgyBr6xJuKPNYjkf0Cp4AaABAg,-0.4767,inflammatory,-0.12055,inflammatory,0.1704834449440766
2535,lP_9nYehuss,UgyBraFbElanbMN4xEp4AaABAg,0.17416666666666666,sympathetic,0.04945853658536586,neutral,0.4669084985174342
2536,-UScZA0z50A,UgyBtZQSc0hPNzQKTfJ4AaABAg,-0.7351,inflammatory,0.926,sympathetic,
2537,OybJv6v8qKo,UgyBuYVWRclZEbs8o-h4AaABAg,-0.4939,inflammatory,-0.284325,inflammatory,0.4074081604075533
2538,LRt16Fm8HtE,UgyBzfVEodRMJ4rG67h4AaABAg,0.0,neutral,0.0,neutral,
2539,_eEEC7bs9QQ,UgyC-f5yiZOLjQQ0GHB4AaABAg,-0.16573333333333332,inflammatory,0.181725,sympathetic,0.36345
2540,t5mmdQiyhxc,UgyC88It_ptsiGXsP_F4AaABAg,-0.33155,inflammatory,-0.3449285714285714,inflammatory,0.33410367509844263
2541,8QB4UxnzCrg,UgyCEVrLvq831w6J-8x4AaABAg,-0.4767,inflammatory,-0.048225000000000004,neutral,0.3502592535061232
2542,50AKW9lBuNM,UgyCX9f8W2Zq_XdUjSN4AaABAg,0.06934285714285714,sympathetic,-0.03766874999999999,neutral,0.40814356415155356
2543,9dn7N5-EKRE,UgyCak7seZlUj1217ll4AaABAg,-0.234,inflammatory,-0.2729,inflammatory,0.5291433714032521
2544,xHIyM7-R8Yw,UgyCt8AudMzn2GI9mXx4AaABAg,0.0,neutral,-0.23025333333333334,inflammatory,0.3528349166125036
2545,fpVuA8E0KZs,UgyCxgf21uhJ5B1VHH54AaABAg,0.34,sympathetic,-0.19472499999999998,inflammatory,0.2920371148134624
2546,IJAwKvrhY58,UgyCyT5P5AJTyz4dkUZ4AaABAg,-0.22485,inflammatory,-0.08332499999999997,inflammatory,0.5211761362533783
2547,lqvigepgbqI,UgyD1RHT0AZjF7icIMB4AaABAg,-0.34,inflammatory,0.0,neutral,
2548,xHIyM7-R8Yw,UgyD3q3FXBkdkhUzFTN4AaABAg,0.4215,sympathetic,0.0542,sympathetic,0.13276234405884824
2549,IJAwKvrhY58,UgyD3qaATeKn0gcjf654AaABAg,0.6597,sympathetic,0.14600000000000005,sympathetic,0.47092353236309326
2550,lhdAgnXWzFA,UgyD5nZ1gh_gvfAdoWB4AaABAg,-0.5719,inflammatory,0.028649999999999995,neutral,0.3246145355135328
2551,zfQxhG5oWdU,UgyDAWt_ODNi4jxBJ_V4AaABAg,-0.0572,inflammatory,0.17506666666666662,sympathetic,0.394191631908475
2552,2ytZhL25V4w,UgyDFi80Lo1RKCich4p4AaABAg,0.0,neutral,-0.2329,inflammatory,0.4658
2553,usjbT_SKy68,UgyDGjsQN9hVD-NuHc14AaABAg,-0.3182,inflammatory,0.0,neutral,
2554,aGLmGnuYb_8,UgyDHVzG5L-KYHvfhPt4AaABAg,0.0,neutral,0.1528875,sympathetic,0.21216003014907672
2555,t5mmdQiyhxc,UgyDIObePpU32SzCHhp4AaABAg,-0.23347500000000002,inflammatory,0.12680000000000002,sympathetic,0.3287877083208208
2556,mja0Lze2l0c,UgyDITIBZtuji5mMw5B4AaABAg,0.476,sympathetic,0.30915000000000004,sympathetic,0.18561553006146872
2557,zx3JMdSDTJs,UgyDPoWvBhZHjWUdSQ14AaABAg,-0.61395,inflammatory,-0.21868461538461537,inflammatory,0.405554811022616
2558,kin9OECNFRk,UgyDSauXJERpMwQGtlN4AaABAg,0.6597,sympathetic,0.2891090909090909,sympathetic,0.21122589071676537
2559,eAF4_2edowo,UgyDTYtckdB5mnaQgdl4AaABAg,-0.017200000000000003,neutral,-0.08198461538461538,inflammatory,0.2887518364909963
2560,yySFCBFXevg,UgyDe_RV7OorEKG5BS54AaABAg,-0.7717,inflammatory,0.0,neutral,
2561,fpVuA8E0KZs,UgyDkV9XbXOzdlZNK-B4AaABAg,-0.21407500000000002,inflammatory,-0.1806,inflammatory,0.30802399906500794
2562,eAF4_2edowo,UgyDokp20awSrl3Vet94AaABAg,-0.7148,inflammatory,0.08893333333333335,sympathetic,0.4602057612271566
2563,fo6qLarJ52U,UgyE0oW5XCqkbih_Cid4AaABAg,0.3953,sympathetic,-0.1120846153846154,inflammatory,0.22447859900279227
2564,6D_RgBOrjI0,UgyE1GFrgCz7kkMVFZl4AaABAg,-0.019066666666666666,neutral,0.0,neutral,0.0
2565,Bn7WbKVar1I,UgyE2Dy7ANj_qn3Gu9F4AaABAg,-0.1909,inflammatory,0.011433333333333332,neutral,0.36167617929118123
2566,OybJv6v8qKo,UgyE4YUSFOorDSG1YWt4AaABAg,-0.8196,inflammatory,0.27553333333333335,sympathetic,0.24015281246184342
2567,lZqHWBKkcos,UgyECuwo0d0-Jm5JHuh4AaABAg,0.27690000000000003,sympathetic,-0.13672222222222222,inflammatory,0.30949093192603305
2568,fo6qLarJ52U,UgyEF9YzMiULcyDMq9B4AaABAg,-0.2298,inflammatory,-0.16387000000000002,inflammatory,0.22699996598139735
2569,OybJv6v8qKo,UgyEJmQMlXkgAYAAoOV4AaABAg,-0.2732,inflammatory,0.18751250000000003,sympathetic,0.46336567613649216
2570,xHIyM7-R8Yw,UgyEKq_2pufjsS3vMHl4AaABAg,0.23105,sympathetic,0.0,neutral,
2571,kin9OECNFRk,UgyENm7juFwDRzHgtBR4AaABAg,0.0,neutral,0.0,neutral,0.0
2572,46xekr1CEUU,UgyEYJGHExe7qNNrqll4AaABAg,0.0,neutral,-0.07616153846153846,inflammatory,0.26096726020218686
2573,TybnJ6mrvI4,UgyE_ytpcafTF2jh0Kd4AaABAg,0.049475000000000005,neutral,0.12723333333333334,sympathetic,0.47115891445102326
2574,eAF4_2edowo,UgyEbhR4V1R75UMwuOh4AaABAg,0.0,neutral,-0.10351250000000001,inflammatory,0.44724113801808785
2575,Bn7WbKVar1I,UgyEc-J0WYYNKZ1u7R94AaABAg,-0.9011,inflammatory,-0.004990909090909107,neutral,0.39590614154000053
2576,4pM7DLEL7xA,UgyEeh7w6W6WCyd-ecF4AaABAg,-0.0392,neutral,0.07093333333333333,sympathetic,0.2213802490437362
2577,yySFCBFXevg,UgyEo6PtEcken2bINkN4AaABAg,0.0,neutral,0.0,neutral,
2578,GpmP2vtnXcc,UgyEp5tiRbE3Q2Lue-N4AaABAg,0.0,neutral,-0.23835,inflammatory,0.33707780259162723
2579,QnC9ZTG-s5Q,UgyEro64QDwr_e9Ey1l4AaABAg,0.4019,sympathetic,0.0,neutral,0.0
2580,8zjWbdItFTo,UgyExtc7QJgk-Fnt_0J4AaABAg,-0.13199999999999998,inflammatory,-0.38517999999999997,inflammatory,0.3457984702106127
2581,ZSDPc8de7cw,UgyEzRUiizH4dEWstAN4AaABAg,0.2344,sympathetic,0.021437499999999998,neutral,0.48724194616960353
2582,50AKW9lBuNM,UgyEzwZQylMfgSlybhd4AaABAg,-0.0010000000000000009,neutral,-0.1784888888888889,inflammatory,0.40555183837718095
2583,xXAIcenT5KQ,UgyF2cS6Xn_JfFsy6LN4AaABAg,0.4588,sympathetic,0.12326,sympathetic,0.26457570729167273
2584,DgOOpBixH80,UgyFBkDnhWKE6H14uuF4AaABAg,0.4215,sympathetic,0.029259999999999998,neutral,0.6103549565621631
2585,QnC9ZTG-s5Q,UgyFGslEjL_Kr_wVqx54AaABAg,-0.4215,inflammatory,-0.21630000000000002,inflammatory,0.5129749214142929
2586,5bjJBcpy9sU,UgyFLFxGR-TCkKbSXfJ4AaABAg,-0.2023,inflammatory,0.0,neutral,0.0
2587,dR8H-nQkz4k,UgyFQPZsY72Ur5O8PhB4AaABAg,0.23323333333333332,sympathetic,0.1531,sympathetic,
2588,Bngr9lb8MPY,UgyFRY7WaXOgnqG-i8R4AaABAg,-0.1779,inflammatory,0.0,neutral,
2589,Sy8scM6B_nU,UgyFVQHOSB4G01sPfaR4AaABAg,0.0,neutral,0.08047499999999999,sympathetic,0.5877982498272686
2590,t5mmdQiyhxc,UgyFWnjpkHgoGgEDpQB4AaABAg,0.00526666666666666,neutral,-0.13387857142857143,inflammatory,0.39275868319810986
2591,X4jrbP6ZnP4,UgyFXNJueAVVa9JT8mR4AaABAg,-0.08306666666666668,inflammatory,0.13206363636363638,sympathetic,0.4224566587775065
2592,xEXaGltX3UA,UgyFXQNjz2ntXXFeCNB4AaABAg,-0.5859,inflammatory,0.2869,sympathetic,0.2500862051373486
2593,IoqeVMg760U,UgyFZzF0V0jRNS9o6eR4AaABAg,0.0,neutral,-0.1237375,inflammatory,0.23541891499137085
2594,vMKNBsd_XYg,UgyFcULgaD1PgvXmQpl4AaABAg,-0.5859,inflammatory,-0.24789999999999998,inflammatory,0.41231786767007805
2595,6D_RgBOrjI0,UgyFevAAISHz1nnByjZ4AaABAg,-0.07913333333333335,inflammatory,0.180475,sympathetic,0.5983741102632477
2596,6GfCWFftDSA,UgyFgQRBcBFBFq2JTc14AaABAg,-0.36755,inflammatory,0.045542857142857156,neutral,0.3012629187113412
2597,fpVuA8E0KZs,UgyFirveIzl-R6VMtnR4AaABAg,-0.11263333333333336,inflammatory,0.13,sympathetic,0.5142954876055482
2598,9dn7N5-EKRE,UgyFrEC-Tp7yN21Majd4AaABAg,0.2732,sympathetic,-0.1668166666666667,inflammatory,0.2229285214293287
2599,50AKW9lBuNM,UgyG0GDoykuxiuCE0E14AaABAg,-0.257,inflammatory,-0.10174285714285715,inflammatory,0.5227794049027527
2600,xXAIcenT5KQ,UgyG1DhS_JBbrs95HNR4AaABAg,0.5719,sympathetic,0.57298,sympathetic,0.1571599567319869
2601,lqvigepgbqI,UgyG3jIaqAF1E9AYVel4AaABAg,-0.7889,inflammatory,0.0,neutral,
2602,6Krjoo3fHtY,UgyG7dEehw6-8ZVME2Z4AaABAg,-0.17,inflammatory,-0.08725,inflammatory,0.21629881447399832
2603,IJAwKvrhY58,UgyGAqOmLc35Om3IZfd4AaABAg,-0.6597,inflammatory,0.0,neutral,
2604,9dn7N5-EKRE,UgyGBPjpE_SNWgCZ62R4AaABAg,-0.09866666666666667,inflammatory,-0.08195555555555555,inflammatory,0.39399931507272673
2605,qRw6gOjwCbQ,UgyGI-gX-vEga9-fHil4AaABAg,0.032399999999999984,neutral,0.10880000000000001,sympathetic,0.6190052342266582
2606,6GfCWFftDSA,UgyGK2WS49Y3MAjvNmV4AaABAg,0.0,neutral,0.023962499999999998,neutral,0.4812740648899692
2607,iDuNFBjJ774,UgyGNLcguAJUtolhmpt4AaABAg,0.1364,sympathetic,0.1341,sympathetic,0.29985671578272177
2608,wHOGG1-RN5U,UgyGNwHqO_HMZdgjlWx4AaABAg,-0.2776666666666667,inflammatory,0.2263,sympathetic,
2609,OLgwMqMkgsg,UgyGSwN1dqDuF3U6k4J4AaABAg,-0.6486,inflammatory,0.28595,sympathetic,0.4043943681605865
2610,lP_9nYehuss,UgyGV55hSx5AGOEHK-14AaABAg,-0.1458,inflammatory,0.08778333333333332,sympathetic,0.4459526092161214
2611,WcIOWDNlR7s,UgyGWO6gMx9Pjxq-lYp4AaABAg,0.0,neutral,-0.05135,inflammatory,0.07261986642785843
2612,fo6qLarJ52U,UgyGa2j5Y4YnaSVusp94AaABAg,-0.1695,inflammatory,0.0,neutral,
2613,50AKW9lBuNM,UgyGf4tM25Np3de1Iz14AaABAg,-0.296,inflammatory,0.0805,sympathetic,0.35670862993018077
2614,mMPRQSnKe9w,UgyGhm27iBlO185yD0p4AaABAg,0.28750000000000003,sympathetic,-0.005666666666666653,neutral,0.4489268240296333
2615,ZSDPc8de7cw,UgyGmfrw44dXzatugtF4AaABAg,0.0,neutral,0.20776,sympathetic,0.29637144430595874
2616,Taz-d2zn6Vg,UgyGs-3vpyt4b7skiSt4AaABAg,0.11333333333333334,sympathetic,0.1806,sympathetic,0.25540696936458096
2617,54oSf8j9Eh0,UgyGt4g1sXmvC-Ox5IJ4AaABAg,0.05673333333333334,sympathetic,-0.07773333333333332,inflammatory,0.6282173296983563
2618,bd04zIyOCas,UgyGuDaXf96Oe4qfhSx4AaABAg,0.0,neutral,-0.10115,inflammatory,0.14304770183403856
2619,OLgwMqMkgsg,UgyHCk6TCc3DxcjFuNt4AaABAg,0.1591,sympathetic,-0.1358,inflammatory,0.3326407070699556
2620,zx3JMdSDTJs,UgyHLwefHwZL_3781Id4AaABAg,0.5574,sympathetic,0.13169999999999998,sympathetic,0.5495167604359307
2621,Djzvi2sVsdY,UgyHOFgK1MaL-IOnual4AaABAg,-0.34,inflammatory,0.031333333333333324,neutral,0.31280660905208935
2622,2EM-F3VfwUI,UgyHPIqSH8cshkcFip94AaABAg,-0.5106,inflammatory,0.0,neutral,
2623,NrEyGPb2fNI,UgyHU8oMxEpxT0c6adp4AaABAg,0.0,neutral,0.5994,sympathetic,
2624,6GfCWFftDSA,UgyHXNpGc0IEpnB-KHR4AaABAg,0.5445,sympathetic,0.04911250000000001,neutral,0.4271137802155299
2625,iCknHYY2wmw,UgyHXlTEjPVmbJ245YZ4AaABAg,-0.1531,inflammatory,-0.23433333333333337,inflammatory,0.23845151149307764
2626,DgOOpBixH80,UgyHZlKf95hhmejEfEV4AaABAg,-0.8622,inflammatory,-0.1669,inflammatory,0.3511952092497846
2627,6D_RgBOrjI0,UgyHkJPRty0oEa10-V94AaABAg,-0.6887,inflammatory,-0.165275,inflammatory,0.3660672012531761
2628,fpVuA8E0KZs,UgyHvdnj-n1bJdBPdsN4AaABAg,-0.3982,inflammatory,-0.48392,inflammatory,0.24980948140533016
2629,IOueE_uol8M,UgyHwdIStZToRnYaGpV4AaABAg,-0.2732,inflammatory,0.0,neutral,0.0
2630,RuHOwKXtDek,UgyI-jETnTD_5cZX2C14AaABAg,0.31845,sympathetic,0.22342499999999998,sympathetic,0.44911431809093516
2631,Djzvi2sVsdY,UgyI1TxysogSL7ItORt4AaABAg,0.2648,sympathetic,0.36228,sympathetic,0.22801059624499911
2632,rdmy9RjkNtA,UgyI1VDAz_DRuZQd40p4AaABAg,0.4404,sympathetic,0.198025,sympathetic,0.40915962960683205
2633,ykwxUGxIDrQ,UgyI20NjttZCVyL02DJ4AaABAg,-0.5267,inflammatory,0.08243333333333333,sympathetic,0.30171735669883715
2634,50AKW9lBuNM,UgyI5cWl_mwQNv4suUV4AaABAg,0.07797499999999999,sympathetic,0.0903,sympathetic,0.1806
2635,eE61i2y1mJ0,UgyI7IjsvDnHZVkCQ9x4AaABAg,-0.575,inflammatory,-0.2323,inflammatory,0.3883096444849136
2636,3L2BXNMGTew,UgyI7aUvsM09D6MwHnJ4AaABAg,0.0,neutral,-0.11690526315789472,inflammatory,0.32231498822956856
2637,RuHOwKXtDek,UgyI9syVg99BhkO-KgF4AaABAg,-0.09515000000000001,inflammatory,-0.17561666666666664,inflammatory,0.24526489693118877
2638,54oSf8j9Eh0,UgyIBqpRAbmNWVK0sLN4AaABAg,0.0,neutral,-0.08615000000000002,inflammatory,0.5260012576030594
2639,2ytZhL25V4w,UgyIIXPcOokNMYHMbB54AaABAg,-0.9136,inflammatory,-0.33823,inflammatory,0.3814575935365118
2640,vMKNBsd_XYg,UgyIR1V_rvn_ztKfRWN4AaABAg,-0.3445,inflammatory,-0.0779923076923077,inflammatory,0.3673989894323301
2641,Djzvi2sVsdY,UgyISjneVLuu5aGUNgJ4AaABAg,-0.7003,inflammatory,0.0847909090909091,sympathetic,0.17848129008131614
2642,p8hpDXwUFvw,UgyIU54gJhmkPQ-8Xb94AaABAg,0.2193,sympathetic,-0.296,inflammatory,
2643,7bTckdh1-W0,UgyIXh7UYUymzlxYDsp4AaABAg,-0.34,inflammatory,-0.14237499999999997,inflammatory,0.6138882437653724
2644,DgOOpBixH80,UgyIiAJ-hVoAbhmpFzh4AaABAg,-0.11295000000000002,inflammatory,-0.2783,inflammatory,0.30884279403698484
2645,6GfCWFftDSA,UgyIsBarkpRvQ0ltzFx4AaABAg,-0.6309,inflammatory,-0.10428333333333334,inflammatory,0.3789990737175856
2646,xHIyM7-R8Yw,UgyIvxQgXrGy28sdPFZ4AaABAg,0.10285,sympathetic,-0.12975,inflammatory,0.3607903199920973
2647,dR8H-nQkz4k,UgyJ0dQkgXsml8iJ-Ot4AaABAg,-0.86415,inflammatory,-0.19140000000000001,inflammatory,0.42344014453048734
2648,aGLmGnuYb_8,UgyJ57B6LnC_vDHCdAF4AaABAg,-0.824,inflammatory,-0.0683,inflammatory,0.1366
2649,OqB0y-8Ej0c,UgyJ6xbRzFl1WVd5_8x4AaABAg,0.0,neutral,0.8955,sympathetic,
2650,UGdWOPXE4Pc,UgyJ8-w-vFtYxrruERZ4AaABAg,0.1027,sympathetic,0.1287142857142857,sympathetic,0.46254408953299225
2651,WcIOWDNlR7s,UgyJCZ61_59u0UkesbN4AaABAg,0.0,neutral,0.26071249999999996,sympathetic,0.388056223604997
2652,2EM-F3VfwUI,UgyJIAL5k1_PesmUG2p4AaABAg,-0.255,inflammatory,-0.08901428571428571,inflammatory,0.2902031300715013
2653,OybJv6v8qKo,UgyJNvXjr6czt_VI-fF4AaABAg,0.0,neutral,-0.11960000000000001,inflammatory,0.619142697606941
2654,5bjJBcpy9sU,UgyJOF5iL7KmReH_h6d4AaABAg,0.00630000000000001,neutral,-0.0035916666666666783,neutral,0.3953663857931672
2655,9dn7N5-EKRE,UgyJSvAhPvsCmY0caB94AaABAg,-0.128,inflammatory,0.0,neutral,0.0
2656,6GfCWFftDSA,UgyJf3kKHP3r4eoku3d4AaABAg,-0.0344,neutral,0.18094285714285713,sympathetic,0.2648459573014115
2657,50AKW9lBuNM,UgyJgtWwbM8VNhA32194AaABAg,0.0,neutral,-0.16713124999999998,inflammatory,0.4019859528536621
2658,tKdJkhBFqtI,UgyJhE4SOZYjMSN_-cF4AaABAg,-0.119175,inflammatory,0.11656666666666667,sympathetic,0.1807307131249879
2659,lhdAgnXWzFA,UgyJhY1BS_VURcdbqjJ4AaABAg,0.0,neutral,0.11315,sympathetic,0.1600182645825157
2660,Djzvi2sVsdY,UgyJnTif73ZW9hs0pBN4AaABAg,0.2622333333333333,sympathetic,-0.0275375,neutral,0.24280507724451375
2661,mMPRQSnKe9w,UgyJqkDY359zgqSxNoR4AaABAg,-0.8675,inflammatory,-0.12640999999999997,inflammatory,0.4669324158804998
2662,t5mmdQiyhxc,UgyK4QbrugiOdpVivf14AaABAg,-0.03969999999999999,neutral,-0.028945454545454566,neutral,0.47974780533867245
2663,fpVuA8E0KZs,UgyK6cd3-_7qunRu1up4AaABAg,-0.5267,inflammatory,-0.11376666666666667,inflammatory,0.3819912786565905
2664,dR8H-nQkz4k,UgyK8aXsloshVxkYE8x4AaABAg,0.3612,sympathetic,0.0032562499999999996,neutral,0.05514453697632553
2665,qRw6gOjwCbQ,UgyK9jnehNDvgHlf-4d4AaABAg,-0.4767,inflammatory,-0.1919666666666667,inflammatory,0.5326245832353842
2666,6Krjoo3fHtY,UgyKBKTJ3_IqVKGGUhl4AaABAg,0.0,neutral,0.2512,sympathetic,0.31442332610669965
2667,z_1OsbwBfJ0,UgyKE2U_EE3s1LRCINJ4AaABAg,0.009374999999999994,neutral,-0.42712352941176474,inflammatory,0.3014035408082737
2668,xXAIcenT5KQ,UgyKNr5vihg7Jcl7tgh4AaABAg,0.1806,sympathetic,-0.034333333333333334,neutral,0.2508389974997242
2669,RuHOwKXtDek,UgyKVCUKypAGhT7MYyV4AaABAg,-0.20557499999999998,inflammatory,-0.0238111111111111,neutral,0.4070541572421348
2670,p8UbRG5hbiM,UgyKWjdAx2ROJBrJ9X54AaABAg,0.0,neutral,-0.05955714285714285,inflammatory,0.2678487001844067
2671,OqB0y-8Ej0c,UgyK_jOYkovHgFCGVqp4AaABAg,0.1897,sympathetic,0.18791111111111114,sympathetic,0.5388277378820722
2672,mja0Lze2l0c,UgyKazlVhQaZTaK3L1B4AaABAg,-0.09834999999999999,inflammatory,-0.010633333333333328,neutral,0.37063858744064954
2673,Tss1BYWFbtI,UgyKbqzcZ5QqsFknTpZ4AaABAg,-0.63825,inflammatory,-0.01819999999999997,neutral,0.5885279602533766
2674,eAF4_2edowo,UgyKhd7GYj_Yhw83DRV4AaABAg,-0.7003,inflammatory,-0.18076666666666666,inflammatory,0.39976059085407606
2675,8QB4UxnzCrg,UgyKnwPgunK1Pxd2cEV4AaABAg,0.1779,sympathetic,0.28075,sympathetic,0.25180072478052956
2676,t5mmdQiyhxc,UgyKqIU0qUqxEaU3MjV4AaABAg,0.0,neutral,-0.1909,inflammatory,0.26997336905702385
2677,qRw6gOjwCbQ,UgyKtkLlXMQFByCk0uF4AaABAg,-0.04957500000000001,neutral,0.053500000000000006,sympathetic,0.3116935817255288
2678,VCwKVFgL6zU,UgyKuEossvHK1Da8B754AaABAg,-0.48095,inflammatory,-0.12926666666666667,inflammatory,0.5140615981248421
2679,z_1OsbwBfJ0,UgyKvhp0IMejW9Foy3B4AaABAg,0.14762999999999998,sympathetic,0.0226,neutral,0.49479873433548716
2680,qRw6gOjwCbQ,UgyKzNPrsNaeRF8pjpJ4AaABAg,-0.06815000000000002,inflammatory,-0.3514625,inflammatory,0.3021418679906132
2681,50AKW9lBuNM,UgyL-tIgfI-kx50e5JN4AaABAg,-0.8271,inflammatory,-0.5267,inflammatory,
2682,xEXaGltX3UA,UgyL41BI8NrQ30QCzo14AaABAg,-0.2348,inflammatory,0.10396000000000001,sympathetic,0.14601379386893554
2683,a7jLOtY-1VY,UgyL5GoUqv5J6Oaoquh4AaABAg,0.07289999999999999,sympathetic,-0.220475,inflammatory,0.24727340420791605
2684,NrEyGPb2fNI,UgyL6hX4MgzqUo2fJax4AaABAg,-0.3511333333333333,inflammatory,0.0,neutral,
2685,vMKNBsd_XYg,UgyLBOyTXZzQ7cxR6wZ4AaABAg,0.126,sympathetic,-0.041442857142857135,neutral,0.28930485568653963
2686,qYbQZNOX9zc,UgyLCCAiyf1kPssrXWp4AaABAg,-0.4588,inflammatory,-0.030762500000000005,neutral,0.5138312311519638
2687,4pM7DLEL7xA,UgyLIziJ5V87Hr9_Nvd4AaABAg,-0.4767,inflammatory,-0.218625,inflammatory,0.338567919963737
2688,p8UbRG5hbiM,UgyLK5iZp2ZIncaFU1F4AaABAg,-0.4215,inflammatory,0.2023,sympathetic,
2689,zx3JMdSDTJs,UgyLQ-SUbG-Xp3js8dV4AaABAg,-0.020050000000000012,neutral,-0.21617999999999998,inflammatory,0.28568553341042663
2690,IoqeVMg760U,UgyLQ3b6XglmRGOkqoF4AaABAg,0.0,neutral,0.743,sympathetic,
2691,zfbvk0ALtIQ,UgyLWFVfc-5zXI9_0O54AaABAg,-0.8016,inflammatory,-0.05552857142857142,inflammatory,0.4237886018377784
2692,gc-7CsqGK9o,UgyL_0SDznVtsvV185V4AaABAg,-0.35836666666666667,inflammatory,-0.5267,inflammatory,
2693,zfQxhG5oWdU,UgyLbHhw4sLTSLd5NdB4AaABAg,-0.09545,inflammatory,0.08747999999999999,sympathetic,0.4983478172923004
2694,xHIyM7-R8Yw,UgyLpqEDcWJvMA-txs54AaABAg,0.0913,sympathetic,0.09135000000000001,sympathetic,0.37209474973154055
2695,4pM7DLEL7xA,UgyLqxOotFGQ5-4ecod4AaABAg,-0.09156666666666667,inflammatory,-0.10762499999999998,inflammatory,0.39865743335182735
2696,50AKW9lBuNM,UgyLv8IRFCvUDYU53Gt4AaABAg,-0.19272,inflammatory,0.1351,sympathetic,0.34281582883525086
2697,3L2BXNMGTew,UgyLvJ1hCyIycwhGK_N4AaABAg,-0.4588,inflammatory,-0.1533,inflammatory,0.2695871473197489
2698,54oSf8j9Eh0,UgyLxOvfJjXKGMhm9vJ4AaABAg,-0.6486,inflammatory,-0.2517222222222222,inflammatory,0.359498444981956
2699,7bTckdh1-W0,UgyLyT7uK7_Oep-zDNB4AaABAg,-0.3818,inflammatory,-0.010107692307692314,neutral,0.3624562466963851
2700,Umco8iQzKbs,UgyM-AcIdVnRBvfIWZh4AaABAg,-0.18737499999999999,inflammatory,-0.0836,inflammatory,
2701,RuHOwKXtDek,UgyM2B73I67zf98XEaV4AaABAg,-0.9371,inflammatory,-0.85215,inflammatory,0.10443967158125311
2702,TybnJ6mrvI4,UgyM4BE5MrpaInIVvZl4AaABAg,-0.12291428571428571,inflammatory,-0.22205454545454548,inflammatory,0.3109202739083972
2703,p8UbRG5hbiM,UgyM66RsGXpB41Zfs1l4AaABAg,0.7579,sympathetic,0.07551666666666666,sympathetic,0.2812802191172829
2704,GPcb8SYe8tA,UgyMDGmKudmrcOFOHJR4AaABAg,0.0,neutral,0.004319999999999996,neutral,0.13894292713197026
2705,fpVuA8E0KZs,UgyMEcTvMCHqcdlH5lJ4AaABAg,0.1806,sympathetic,0.03806666666666667,neutral,0.24578913110570405
2706,Djzvi2sVsdY,UgyMFfWfnqKwlKuq5e14AaABAg,-0.0772,inflammatory,0.13355,sympathetic,0.25834742941572747
2707,p8UbRG5hbiM,UgyMJ93QdHHIZGQcw5B4AaABAg,0.04400000000000001,neutral,0.05192857142857142,sympathetic,0.38801324167389667
2708,Bn7WbKVar1I,UgyMJCXYehLQJDjYgTx4AaABAg,0.015083333333333337,neutral,-0.11525555555555557,inflammatory,0.31102555405911225
2709,GpmP2vtnXcc,UgyMNdH5k_60dRQJvKd4AaABAg,0.0,neutral,0.0,neutral,0.0
2710,50AKW9lBuNM,UgyMSnbaN-zbZdXZB2B4AaABAg,0.0,neutral,-0.03854666666666665,neutral,0.26531099505153966
2711,VCwKVFgL6zU,UgyMU4mXXwb8bSxphHd4AaABAg,-0.5423,inflammatory,-0.02717500000000002,neutral,0.37384580043114035
2712,6GfCWFftDSA,UgyMUpLvHiKHJ4yke6t4AaABAg,0.7717,sympathetic,0.2685,sympathetic,0.41575060633349253
2713,fo6qLarJ52U,UgyMUvMqvmfB9g5cKr94AaABAg,-0.3267333333333334,inflammatory,-0.05883333333333334,inflammatory,0.5386147718917482
2714,6GfCWFftDSA,UgyMZ-SsPGgsglCJz6h4AaABAg,-0.8922,inflammatory,-0.16905882352941176,inflammatory,0.40126036444374796
2715,7bTckdh1-W0,UgyMhm-N-Om9QnNKJNl4AaABAg,-0.14156666666666665,inflammatory,-0.06176666666666667,inflammatory,0.2668123310493726
2716,eE61i2y1mJ0,UgyMmRqylRG4fuxb3xZ4AaABAg,0.4404,sympathetic,0.01302666666666667,neutral,0.29960475980070495
2717,8zjWbdItFTo,UgyMw61PHlEUSjyC2pJ4AaABAg,-0.3818,inflammatory,-0.3243,inflammatory,0.4586294582775947
2718,VCwKVFgL6zU,UgyMxe3BpFIAXher1tV4AaABAg,0.0,neutral,0.04504615384615385,neutral,0.27908877803602394
2719,Djzvi2sVsdY,UgyN3t67GrTLH-tEqcV4AaABAg,0.3612,sympathetic,-0.13474999999999998,inflammatory,0.3653297095319058
2720,ZSDPc8de7cw,UgyND16wO9UoIEcyRVR4AaABAg,0.0,neutral,0.09878,sympathetic,0.22087879481742922
2721,OqB0y-8Ej0c,UgyNIwNIo20GfSnhbrt4AaABAg,0.6369,sympathetic,0.08495714285714286,sympathetic,0.41037767506344225
2722,zx3JMdSDTJs,UgyNP6xlLFfltHj28Gh4AaABAg,0.10285,sympathetic,-0.056742857142857143,inflammatory,0.5743577974780264
2723,lZqHWBKkcos,UgyNRTZ7cNFhCZkBi0p4AaABAg,0.345,sympathetic,0.0,neutral,0.0
2724,aGLmGnuYb_8,UgyNV12jkBvw9P65O_V4AaABAg,-0.2023,inflammatory,-0.049525000000000007,neutral,0.4315190965812356
2725,Djzvi2sVsdY,UgyNV6Nrsggi1478-Bt4AaABAg,-0.7003,inflammatory,-0.07765,inflammatory,0.4260411705457584
2726,2EM-F3VfwUI,UgyNW3JW_xU-zYC9Lhl4AaABAg,-0.8271,inflammatory,0.0,neutral,
2727,IoqeVMg760U,UgyNnPJ7FkMIHyLAyrJ4AaABAg,0.875,sympathetic,-0.03620000000000001,neutral,0.6472855474981656
2728,13q2vOdV9kE,UgyNoYn5dsDZTo4r5z54AaABAg,-0.3787,inflammatory,0.4404,sympathetic,
2729,DgOOpBixH80,UgyNq_nGUDQQNGeq_rN4AaABAg,0.05823333333333333,sympathetic,0.0517076923076923,sympathetic,0.21871517803427384
2730,Tss1BYWFbtI,UgyNrX58d41qja85lm94AaABAg,-0.34,inflammatory,-0.07780909090909092,inflammatory,0.24622882225501325
2731,ZSDPc8de7cw,UgyNs3g2VsPzFMCgoG94AaABAg,-0.2202,inflammatory,-0.15353333333333335,inflammatory,0.663852034216461
2732,_BS6EnE31XM,UgyNtVIJwqZ7Ggqpco14AaABAg,0.0,neutral,-0.0062687499999999965,neutral,0.3192850006263996
2733,IJAwKvrhY58,UgyNuZoE6Dhi7BYsrMh4AaABAg,-0.8946,inflammatory,0.13674999999999998,sympathetic,0.503820474970996
2734,NrEyGPb2fNI,UgyNwASxEfRsTX1dHIl4AaABAg,-0.36124999999999996,inflammatory,0.06804999999999999,sympathetic,0.3498639402205758
2735,6Krjoo3fHtY,UgyNxsp9ieCrKc8MQ0Z4AaABAg,-0.8777,inflammatory,0.20244,sympathetic,0.16678208237097894
2736,lqvigepgbqI,UgyO4042HRgOmxfVri94AaABAg,-0.7579,inflammatory,-0.04066999999999996,neutral,0.5030167526479058
2737,tKdJkhBFqtI,UgyO5GIyEbl0-Los2314AaABAg,-0.0116,neutral,0.15335555555555558,sympathetic,0.34372736329506526
2738,CJHJd1gOB48,UgyOJA5_OP3MMYALRKt4AaABAg,0.4404,sympathetic,0.3089,sympathetic,
2739,LRt16Fm8HtE,UgyOKj4VBnzsz0J9XpZ4AaABAg,0.0,neutral,0.3612,sympathetic,
2740,Sy8scM6B_nU,UgyOKt8-tmk15_8Q5Q14AaABAg,-0.68885,inflammatory,-0.14016666666666666,inflammatory,0.17378856886074717
2741,qYbQZNOX9zc,UgyON1TquQuqAqFMB7R4AaABAg,-0.1710666666666667,inflammatory,0.01804285714285712,neutral,0.3776885571346797
2742,z_1OsbwBfJ0,UgyOPung5hoUTiRX-ad4AaABAg,-0.401,inflammatory,-0.13813437499999998,inflammatory,0.3965841672122927
2743,p8UbRG5hbiM,UgyOUdUD_ji38mJb60h4AaABAg,0.0,neutral,-0.19934999999999997,inflammatory,0.251473656672026
2744,xEXaGltX3UA,UgyOW2iv6nATjeSdr0N4AaABAg,0.0,neutral,0.0731,sympathetic,0.16219786857856233
2745,dR8H-nQkz4k,UgyOWoVArROWM-Bi9Ux4AaABAg,0.4939,sympathetic,0.15297142857142856,sympathetic,0.27993921789253773
2746,OLgwMqMkgsg,UgyOXMsNV-Jb92x31ct4AaABAg,-0.34,inflammatory,0.11091428571428573,sympathetic,0.28223871355391955
2747,nihE9Yt3b-U,UgyOYi6vrbxzshetOFt4AaABAg,0.3612,sympathetic,0.0,neutral,
2748,IJAwKvrhY58,UgyOYwL2zoUJaHiyc8t4AaABAg,-0.8553,inflammatory,0.17126666666666665,sympathetic,0.2713906778059998
2749,46xekr1CEUU,UgyOZ4wESNIq_fFecE14AaABAg,0.0,neutral,0.13758888888888887,sympathetic,0.29600821966815566
2750,yySFCBFXevg,UgyOcoTDm33U6s2JEyR4AaABAg,0.17789999999999997,sympathetic,-0.4939,inflammatory,
2751,7bTckdh1-W0,UgyOejDyZ8cuYOZY1Hp4AaABAg,-0.296,inflammatory,0.12022857142857142,sympathetic,0.20532977308292558
2752,6Krjoo3fHtY,UgyOf0RR5PGh34-JxDp4AaABAg,0.0,neutral,0.2503714285714286,sympathetic,0.2381460176326401
2753,2EM-F3VfwUI,UgyOnHRhut19LD3ymUx4AaABAg,0.4019,sympathetic,0.13940000000000002,sympathetic,0.793232387135069
2754,kin9OECNFRk,UgyOwbAKV_cZYNhzkxB4AaABAg,0.5562,sympathetic,0.0,neutral,
2755,WcIOWDNlR7s,UgyOwrorvy5lLvNk3ZR4AaABAg,-0.296,inflammatory,0.0,neutral,
2756,mja0Lze2l0c,UgyOxcO6XYR2JyRSW0N4AaABAg,0.0,neutral,-0.17253333333333334,inflammatory,0.23516881879478269
2757,46xekr1CEUU,UgyOyLcCxpQ4nCfiDON4AaABAg,-0.0516,inflammatory,-0.2385,inflammatory,0.32176486238659846
2758,46xekr1CEUU,UgyP3_MeSCArPqaLi2x4AaABAg,-0.0772,inflammatory,0.11219000000000001,sympathetic,0.5547556548207108
2759,d6Pee6Fyvoo,UgyP6-e-epnAfUmHY214AaABAg,-0.29938333333333333,inflammatory,0.1468,sympathetic,0.2542650585511112
2760,pePQ6YdNww4,UgyPB80YEXBW9CvjR1d4AaABAg,-0.4939,inflammatory,-0.1689,inflammatory,0.30108606742923194
2761,OqB0y-8Ej0c,UgyPCXpy7fJtFp8Hqyx4AaABAg,0.14049999999999999,sympathetic,0.037425,neutral,0.3251938250699671
2762,bd04zIyOCas,UgyPH7H8H-U67SJIIAd4AaABAg,-0.42955,inflammatory,0.0,neutral,0.0
2763,xEXaGltX3UA,UgyPHSdl39R7lGJ8Ex14AaABAg,0.1591,sympathetic,0.4215,sympathetic,
2764,46xekr1CEUU,UgyPOGliyX29j4QU2y94AaABAg,0.0,neutral,0.0,neutral,0.36170131877005923
2765,61-61BHIIp0,UgyPQPX7xKil7QQ_cwN4AaABAg,0.0,neutral,-0.19001666666666664,inflammatory,0.3552071700665214
2766,nihE9Yt3b-U,UgyPT3hycZnM4xNcJBN4AaABAg,0.0,neutral,0.01102857142857143,neutral,0.029178857316312343
2767,Sy8scM6B_nU,UgyPTMQRP2jZvkzfY9h4AaABAg,-0.11675000000000002,inflammatory,0.044500000000000005,neutral,0.46066483694764465
2768,iCknHYY2wmw,UgyPcsVwfQ-6NIw9kOl4AaABAg,0.6249,sympathetic,0.012650000000000002,neutral,0.36607727521463473
2769,UGdWOPXE4Pc,UgyPk74S5_srsCiDjat4AaABAg,-0.4404,inflammatory,0.3723,sympathetic,0.24041630560342617
2770,nihE9Yt3b-U,UgyPmH721MC5kIbFZSV4AaABAg,0.1477,sympathetic,-0.025706666666666655,neutral,0.36111711884624015
2771,7H-oD45q0MM,UgyPr3o9kFZuZkXqVOh4AaABAg,-0.41895000000000004,inflammatory,0.011900000000000011,neutral,0.30260988086974294
2772,2EM-F3VfwUI,UgyPsDbQSqwV1UhhZpR4AaABAg,-0.2732,inflammatory,-0.15166249999999998,inflammatory,0.31539247630078754
2773,50AKW9lBuNM,UgyPuOsI4ypXkUDHSAt4AaABAg,-0.09842500000000001,inflammatory,-0.15396363636363633,inflammatory,0.4237182324911858
2774,Bn7WbKVar1I,UgyPw3pqVglk1KMdGUF4AaABAg,-0.16208235294117646,inflammatory,0.06057777777777779,sympathetic,0.4180250155131523
2775,SFr12qevR18,UgyQ1RYiEYe3U6S5SnV4AaABAg,-0.16215,inflammatory,0.026739999999999996,neutral,0.4293898160241614
2776,ZSDPc8de7cw,UgyQ2vp35nP4rSS6Wvp4AaABAg,-0.5106,inflammatory,-0.28609999999999997,inflammatory,0.3407970774522575
2777,iCknHYY2wmw,UgyQGL-mwaFj3Rig1ah4AaABAg,-0.4404,inflammatory,0.0,neutral,
2778,xEXaGltX3UA,UgyQOT07UcBuZGS5D9B4AaABAg,-0.2617,inflammatory,-0.10098888888888889,inflammatory,0.4108957210912656
2779,Djzvi2sVsdY,UgyQPme1KRJZzXu7pwB4AaABAg,0.0,neutral,-0.03259999999999999,neutral,0.5023657382823793
2780,IJAwKvrhY58,UgyQQcJnhGMWuTDT-kZ4AaABAg,-0.3182,inflammatory,0.09452,sympathetic,0.4007716706554993
2781,DgOOpBixH80,UgyQUIS0m6LWIZwWlhx4AaABAg,0.2617,sympathetic,-0.027188235294117638,neutral,0.3961886512167419
2782,rdmy9RjkNtA,UgyQUzY426M0m-VPT3t4AaABAg,-0.4767,inflammatory,0.0,neutral,
2783,a7jLOtY-1VY,UgyQVKt1Y3C2yqwKl494AaABAg,0.0,neutral,-0.05103333333333334,inflammatory,0.08839232621293171
2784,VCwKVFgL6zU,UgyQVY79dd8t285-LPp4AaABAg,0.0,neutral,0.13785384615384616,sympathetic,0.481449416891994
2785,50AKW9lBuNM,UgyQZBN4gz77m1IDGZ14AaABAg,-0.03528571428571429,neutral,0.7264,sympathetic,
2786,lZqHWBKkcos,UgyQf-tHsn9rx8ejSzN4AaABAg,-0.28505,inflammatory,0.3317571428571429,sympathetic,0.29488511241466486
2787,zfQxhG5oWdU,UgyQhXuWwe-_E8wrg4B4AaABAg,0.7003,sympathetic,0.29672,sympathetic,0.5384777033452732
2788,Djzvi2sVsdY,UgyQjHjA9y7tL2SPuwd4AaABAg,-0.34,inflammatory,-0.02965,neutral,0.07262737087352124
2789,aGLmGnuYb_8,UgyQlNTy1y42iVox0Nt4AaABAg,0.0,neutral,-0.30816875,inflammatory,0.4682821225411735
2790,Y1vPwS2h088,UgyQmDVFUBLKBaJ66RB4AaABAg,0.0,neutral,0.20424000000000003,sympathetic,0.27966713786213787
2791,lqvigepgbqI,UgyQmIHRKZg5_C5QZpx4AaABAg,0.11985000000000001,sympathetic,-0.26082727272727274,inflammatory,0.33950807675491046
2792,dR8H-nQkz4k,UgyQpfuWneqWdZstHnh4AaABAg,0.5994,sympathetic,0.11528235294117647,sympathetic,0.44450997772166784
2793,z_1OsbwBfJ0,UgyRFy5O4EDQaGZeu-l4AaABAg,-0.154775,inflammatory,-0.008611111111111106,neutral,0.34636358586189614
2794,WcIOWDNlR7s,UgyRGxrVXIlfIjBKA1V4AaABAg,0.0,neutral,0.1456714285714286,sympathetic,0.33053890701038363
2795,xEXaGltX3UA,UgyRIibFeEVUCqalsjx4AaABAg,0.36855,sympathetic,0.1792,sympathetic,0.2314055386833542
2796,Taz-d2zn6Vg,UgyRJdTpY5YZCDhuVWx4AaABAg,-0.1255,inflammatory,-0.19799999999999998,inflammatory,0.3429460598986377
2797,54oSf8j9Eh0,UgyRJzEFVnorpnRNEq94AaABAg,0.0,neutral,-0.05171666666666668,inflammatory,0.4585748114175774
2798,Taz-d2zn6Vg,UgyRO_slyY84XY2sH_F4AaABAg,-0.62155,inflammatory,-0.29533333333333334,inflammatory,0.5115323385020084
2799,6Krjoo3fHtY,UgyRQJ_gXdzXvoyhQAJ4AaABAg,0.6841,sympathetic,-0.018133333333333352,neutral,0.5650872062493245
2800,Umco8iQzKbs,UgyRSMxMdwGS1ZspekB4AaABAg,0.2202,sympathetic,-0.24364285714285713,inflammatory,0.414246524254752
2801,xEXaGltX3UA,UgyRT_5q-dVZlXpng2V4AaABAg,0.125,sympathetic,-0.09906666666666668,inflammatory,0.3689646252239728
2802,OqB0y-8Ej0c,UgyRZX9DPCBBKZuIui94AaABAg,-0.10324285714285712,inflammatory,-0.23820000000000002,inflammatory,0.34411346965790224
2803,LRt16Fm8HtE,UgyRaozA6KqwG8ycVoB4AaABAg,0.0,neutral,0.0,neutral,
2804,WcIOWDNlR7s,UgyRf-xy_S_XqHZxpUF4AaABAg,0.0,neutral,0.06332727272727272,sympathetic,0.3855566990493333
2805,OqB0y-8Ej0c,UgyRmIH7mDrF_vGn2294AaABAg,0.125,sympathetic,0.1794,sympathetic,0.4490483437225885
2806,lZqHWBKkcos,UgyRn7_nUwJiTHcLbWR4AaABAg,-0.4281,inflammatory,0.07174285714285714,sympathetic,0.3859565427054487
2807,IOueE_uol8M,UgyRpZBhwLJ9iIDX9d54AaABAg,-0.09225,inflammatory,0.133375,sympathetic,0.446044955293586
2808,46xekr1CEUU,UgyRrQMJdKO2SFC2FPl4AaABAg,-0.25277499999999997,inflammatory,0.08137777777777776,sympathetic,0.43280133080253397
2809,lhdAgnXWzFA,UgyRvK66AF6ZPvsOhuB4AaABAg,-0.64515,inflammatory,-0.13616,inflammatory,0.30446301581637136
2810,50AKW9lBuNM,UgyRyrwCBVMsivLT2pR4AaABAg,0.025185714285714294,neutral,-0.01590000000000001,neutral,0.4832173493022231
2811,qYbQZNOX9zc,UgyS17dB8VqPuObHoU94AaABAg,-0.0547,inflammatory,-0.11232500000000001,inflammatory,0.5004140763978796
2812,wu2Lp8LpiVg,UgyS2-RCUIs4nlxz0Vp4AaABAg,0.0,neutral,0.3672714285714286,sympathetic,0.2772096301494936
2813,fo6qLarJ52U,UgyS2M0p7FJJwAzWmRp4AaABAg,0.115875,sympathetic,0.046712500000000004,neutral,0.27998601718912425
2814,lqvigepgbqI,UgyS52rbRWmwAGo8mz54AaABAg,0.71065,sympathetic,-0.02965,neutral,0.07262737087352124
2815,zfQxhG5oWdU,UgyS6v4khfWPsQbvOgJ4AaABAg,0.0,neutral,-0.28075,inflammatory,0.25180072478052956
2816,GPcb8SYe8tA,UgyS9Wiy_tTjMY5tMg94AaABAg,-0.6034,inflammatory,-0.64215,inflammatory,0.1198545994111198
2817,mgeeD8rYAwc,UgySEMBcptbG9O7LmHJ4AaABAg,9.999999999998899e-05,neutral,0.09746666666666666,sympathetic,0.289317062522532
2818,qYbQZNOX9zc,UgySFCug0wP_pPPjsFN4AaABAg,-0.3108,inflammatory,0.11906999999999998,sympathetic,0.2642580979522356
2819,zx3JMdSDTJs,UgySFfx_kNQJN7HniW14AaABAg,0.17055000000000003,sympathetic,-0.18135,inflammatory,0.2422871663955811
2820,OybJv6v8qKo,UgySIxcAAdjcNA2tuzt4AaABAg,0.7964,sympathetic,0.8204,sympathetic,0.009475230867899713
2821,OLgwMqMkgsg,UgySMAKP7LzSqVuI7OR4AaABAg,0.6037,sympathetic,-0.1468,inflammatory,0.2542650585511112
2822,xEXaGltX3UA,UgySMFliwxk-N6At-gx4AaABAg,-0.26820000000000005,inflammatory,-0.026024999999999993,neutral,0.29500985818879244
2823,yySFCBFXevg,UgySRhoQofNP3ruRfMV4AaABAg,0.05195,sympathetic,0.02918571428571429,neutral,0.4631809129219792
2824,aWOy271EIKU,UgySTg4aaeDIHem94b54AaABAg,0.09534000000000001,sympathetic,0.3612,sympathetic,
2825,vMKNBsd_XYg,UgySUymSoHCs87rlYtl4AaABAg,-0.07306666666666665,inflammatory,-0.0242,neutral,0.0342239682094289
2826,xHIyM7-R8Yw,UgySW2ate-8utZQ7BFl4AaABAg,-0.3818,inflammatory,-0.31671,inflammatory,0.34660540628597625
2827,lqvigepgbqI,UgySbVByk61pkgPjxpt4AaABAg,0.3612,sympathetic,-0.20432499999999998,inflammatory,0.2913809031393199
2828,UGdWOPXE4Pc,UgySqRqFKQS_u4ZR0uV4AaABAg,-0.5574,inflammatory,-0.027581818181818176,neutral,0.28962823349315175
2829,fo6qLarJ52U,UgySs6HW0MxGXjpQw_94AaABAg,-0.0903,inflammatory,-0.0469875,neutral,0.09821472740160422
2830,Vm87-9F7OF4,UgySsFPEiJg-Dkz6e-B4AaABAg,-0.5131333333333333,inflammatory,0.038125000000000006,neutral,0.508932224531584
2831,Bn7WbKVar1I,UgyStWDKbYyJSaaLNZp4AaABAg,0.0,neutral,-0.03896153846153846,neutral,0.3940925198868525
2832,LRt16Fm8HtE,UgySwiLDAwSUrH_P7kF4AaABAg,-0.3057,inflammatory,0.0,neutral,
2833,UGdWOPXE4Pc,UgySwklCpYFyUlwv2rd4AaABAg,-0.51865,inflammatory,-0.4741666666666666,inflammatory,0.4241884526166799
2834,RuHOwKXtDek,UgySzd39F2_sebCBcoZ4AaABAg,0.5106,sympathetic,0.22264999999999996,sympathetic,0.6009700533304467
2835,mgeeD8rYAwc,UgyT1N0KHoAmZRgHdkF4AaABAg,0.6369,sympathetic,0.0,neutral,
2836,lhdAgnXWzFA,UgyT7qgML03eR5I8QDd4AaABAg,-0.4767,inflammatory,-0.08813333333333333,inflammatory,0.3400651506206813
2837,lqvigepgbqI,UgyTIHu0NPydkeAQs3V4AaABAg,-0.4266,inflammatory,-0.4573076923076923,inflammatory,0.4249491057007856
2838,dR8H-nQkz4k,UgyTLoT-ccQQWkxuWwx4AaABAg,0.0,neutral,-0.15601666666666666,inflammatory,0.2699237626935922
2839,xEXaGltX3UA,UgyTMi4FteQkMdIQTz54AaABAg,-0.055650000000000005,inflammatory,-0.10788181818181819,inflammatory,0.35010989365678263
2840,aGLmGnuYb_8,UgyTPQrHcszqsndZuHZ4AaABAg,-0.7003,inflammatory,0.08046666666666666,sympathetic,0.5155578289581102
2841,WcIOWDNlR7s,UgyTPVWE4sq9Uk40Nb54AaABAg,-0.148,inflammatory,0.17314999999999997,sympathetic,0.4098675680428171
2842,aGLmGnuYb_8,UgyTWuxuB4xn3GFopxR4AaABAg,-0.4215,inflammatory,0.0,neutral,
2843,lqvigepgbqI,UgyTZGCnd7AA17pU81R4AaABAg,-0.26275,inflammatory,-0.10244999999999999,inflammatory,0.2896689679617062
2844,lP_9nYehuss,UgyT_kcobHIvhb8Wx2t4AaABAg,0.0,neutral,0.0,neutral,
2845,Taz-d2zn6Vg,UgyTcWnOy4jEupMlks14AaABAg,-0.7783,inflammatory,0.2202,sympathetic,0.31140982643455556
2846,13q2vOdV9kE,UgyTgOCYKQ5UV3cp72N4AaABAg,-0.15985000000000005,inflammatory,0.15156666666666666,sympathetic,0.35519338863967237
2847,TybnJ6mrvI4,UgyTjTkzHgyrwlj9jKt4AaABAg,-0.3607125,inflammatory,-0.03762857142857144,neutral,0.29637199709038076
2848,ZggP67JsVfU,UgyTkm5rrc28DQQxvOh4AaABAg,-0.28825,inflammatory,0.0,neutral,
2849,UGdWOPXE4Pc,UgyTpwfPqYBtrQajtlp4AaABAg,0.2732,sympathetic,0.2024285714285714,sympathetic,0.5246974674809783
2850,Taz-d2zn6Vg,UgyTub9M54uyDr9Z1nt4AaABAg,-0.09743333333333333,inflammatory,-0.038949999999999985,neutral,0.517831106636131
2851,kzEZ-0ym5Xg,UgyTxH7PcZLFM5jQYB54AaABAg,0.0,neutral,0.8271,sympathetic,
2852,OLgwMqMkgsg,UgyU7lvSJrzd7yq46tB4AaABAg,-0.4939,inflammatory,0.006137500000000018,neutral,0.5113803726539711
2853,DgOOpBixH80,UgyUA-CZ8WpCa9PwgnF4AaABAg,0.1468,sympathetic,0.08704444444444444,sympathetic,0.3270242120665957
2854,tKdJkhBFqtI,UgyUGNQuFUGdq2QgZ8x4AaABAg,0.0,neutral,0.11988000000000001,sympathetic,0.2680598291426748
2855,bd04zIyOCas,UgyUKb2NX8TwAUveAg94AaABAg,0.12040000000000001,sympathetic,0.155775,sympathetic,0.3103415342121368
2856,a7jLOtY-1VY,UgyUKgfhm3EVdcm7G2F4AaABAg,-0.10849999999999999,inflammatory,-0.18625714285714284,inflammatory,0.2993175507558422
2857,Tss1BYWFbtI,UgyUOOUtK8TqreNWDeV4AaABAg,-0.03423333333333333,neutral,0.11983333333333333,sympathetic,0.20755742177367045
2858,Z6DD4PaM0zg,UgyUUsVbLjDdSSM3GMh4AaABAg,-0.2732,inflammatory,-0.4767,inflammatory,0.0
2859,vMKNBsd_XYg,UgyUXD5DQUD1XnovcQ94AaABAg,0.09753999999999999,sympathetic,-0.2677,inflammatory,0.12982480502585012
2860,lqvigepgbqI,UgyUfNL4qr2oWCY6AIF4AaABAg,-0.7351,inflammatory,-0.03629,neutral,0.3213555574956396
2861,xHIyM7-R8Yw,UgyUksx3nL7LBinHSRV4AaABAg,0.12925,sympathetic,0.04764,neutral,0.10652627844808998
2862,p8UbRG5hbiM,UgyUlP3FvZoAi7CSHDN4AaABAg,-0.1625,inflammatory,0.7269,sympathetic,
2863,zx3JMdSDTJs,UgyUogi19QBui6ukvdR4AaABAg,-0.6448666666666667,inflammatory,-0.27643636363636365,inflammatory,0.3550527658608711
2864,rdmy9RjkNtA,UgyUujABuGjMiuJxYbR4AaABAg,0.4767,sympathetic,0.1374,sympathetic,0.4401727342759885
2865,gc-7CsqGK9o,UgyUvCbV-ZJux0E1jGp4AaABAg,0.1468,sympathetic,-0.05878888888888888,inflammatory,0.35693303449122094
2866,xXAIcenT5KQ,UgyUxAzKdgIdzp3yR394AaABAg,0.37296666666666667,sympathetic,0.17411428571428572,sympathetic,0.38770022968169376
2867,13q2vOdV9kE,UgyV4X9M6CrJ_Pc0P9h4AaABAg,-0.0836,inflammatory,-0.3454,inflammatory,0.488469364443667
2868,fpVuA8E0KZs,UgyVDGhQa1g9BapOJQZ4AaABAg,-0.11315,inflammatory,-0.19193076923076927,inflammatory,0.5075484597300626
2869,6D_RgBOrjI0,UgyVNLyC3QJj3x0yqlZ4AaABAg,-0.48456666666666665,inflammatory,-0.051535714285714296,inflammatory,0.47914685336325863
2870,13q2vOdV9kE,UgyVQJ12TobsKUEfOux4AaABAg,-0.27695000000000003,inflammatory,0.0,neutral,
2871,OybJv6v8qKo,UgyVXpJc4C7YAmXUMX54AaABAg,0.34,sympathetic,0.13053999999999996,sympathetic,0.3049457213997271
2872,3L2BXNMGTew,UgyV_6jX5HtVJYXKA_d4AaABAg,-0.26095,inflammatory,0.013590909090909093,neutral,0.25070522313883076
2873,fpVuA8E0KZs,UgyVeO_bj3m-4JdIOc94AaABAg,-0.3182,inflammatory,-0.22114444444444445,inflammatory,0.30398660378013004
2874,qRw6gOjwCbQ,UgyVf0KgqZO1gCA54Hp4AaABAg,-0.2732,inflammatory,0.21075,sympathetic,0.29804550827012977
2875,zx3JMdSDTJs,UgyVhxlAMsvL_o_SzVd4AaABAg,-0.5267,inflammatory,0.2567,sympathetic,0.3290539773350263
2876,2ytZhL25V4w,UgyVkyWCniIvYRcaB7B4AaABAg,-0.13695,inflammatory,0.31426666666666664,sympathetic,0.3366836695376438
2877,gc-7CsqGK9o,UgyVliIKCF5jDw57sdt4AaABAg,-0.12156666666666667,inflammatory,-0.0386,neutral,0.054588643507601474
2878,psP1uxfO6CQ,UgyVoGE5GSM3d19nykp4AaABAg,0.064,sympathetic,-0.07125000000000001,inflammatory,0.32505868854716063
2879,p8UbRG5hbiM,UgyVwX6ahfQeqVo2PTd4AaABAg,0.1806,sympathetic,-0.19664615384615386,inflammatory,0.47490429319212063
2880,iCknHYY2wmw,UgyVxXLpve_1grTK5cd4AaABAg,0.0,neutral,-0.26335,inflammatory,0.37243314165095454
2881,fo6qLarJ52U,UgyVylofz8maz28r_EJ4AaABAg,-0.7184,inflammatory,-0.04956000000000001,neutral,0.3921727909990697
2882,psP1uxfO6CQ,UgyVzVbmJSFdbOQXTb14AaABAg,0.0,neutral,-0.2394666666666667,inflammatory,0.4147684333858272
2883,fo6qLarJ52U,UgyW-msPRg8d3S_lAN14AaABAg,-0.43205,inflammatory,-0.4144,inflammatory,0.13604734470029178
2884,lZqHWBKkcos,UgyW1V9_Lj_S42f3lCV4AaABAg,-0.939,inflammatory,-0.2562285714285714,inflammatory,0.2548595280691288
2885,fpVuA8E0KZs,UgyW3AstPtrwrfEKUQp4AaABAg,-0.4939,inflammatory,0.15246666666666667,sympathetic,0.2640800131273348
2886,50AKW9lBuNM,UgyWMrTZM7h6Wfn8JVJ4AaABAg,0.05510000000000004,sympathetic,-0.12146000000000003,inflammatory,0.2690679144220443
2887,fpVuA8E0KZs,UgyWT0Vct-8BkFXMaKd4AaABAg,0.01872499999999999,neutral,-0.008122222222222229,neutral,0.5887817714947062
2888,VCwKVFgL6zU,UgyWVnpBQzubh2e1hlN4AaABAg,0.0,neutral,-0.12588,inflammatory,0.2284356079949008
2889,_BS6EnE31XM,UgyW_F0rGtiyeFy1PFl4AaABAg,0.3612,sympathetic,0.270325,sympathetic,0.4746587642717661
2890,qRw6gOjwCbQ,UgyW_NCOIPoHuK-VvFN4AaABAg,-0.45511999999999997,inflammatory,-0.06704285714285714,inflammatory,0.36731028598512755
2891,xHIyM7-R8Yw,UgyWk10pGpm8gRGPiUp4AaABAg,0.0,neutral,0.1826,sympathetic,0.5672748040705963
2892,rdmy9RjkNtA,UgyWsKr47ragUIOjdMJ4AaABAg,0.11333333333333334,sympathetic,0.18992222222222221,sympathetic,0.3891488686151412
2893,50AKW9lBuNM,UgyWxFiliMz9God9Y2d4AaABAg,-0.8074,inflammatory,-0.5022,inflammatory,
2894,z_1OsbwBfJ0,UgyWxzSB3URes9akzCl4AaABAg,0.12331666666666667,sympathetic,-0.051187096774193544,inflammatory,0.33413371848401796
2895,eAF4_2edowo,UgyWz-jKqWzto4_LW1B4AaABAg,0.0,neutral,0.016766666666666635,neutral,0.7001017092775401
2896,tKdJkhBFqtI,UgyX-wKOYhlB5TBVJFV4AaABAg,-0.296,inflammatory,-0.09398571428571427,inflammatory,0.3547372287039682
2897,zx3JMdSDTJs,UgyX9SdJgVMZYo_mQfp4AaABAg,-0.5574,inflammatory,-0.394575,inflammatory,0.29074993121237364
2898,OqB0y-8Ej0c,UgyXACjPkPX7twsR1tt4AaABAg,-0.34,inflammatory,-0.1256,inflammatory,0.4206968108586832
2899,qYbQZNOX9zc,UgyXDKZi6lPAwroasgp4AaABAg,-0.9492,inflammatory,0.13854285714285713,sympathetic,0.5184060244542652
2900,lqvigepgbqI,UgyXEa_2ctRtp89WUjB4AaABAg,0.3612,sympathetic,-0.12863,inflammatory,0.3778836624324123
2901,13q2vOdV9kE,UgyXEcwPt-kzOodf_694AaABAg,-0.7269,inflammatory,0.009914285714285709,neutral,0.44544265410402506
2902,p8hpDXwUFvw,UgyXIrfzIlpLHUPJCa14AaABAg,0.0,neutral,0.013269999999999994,neutral,0.31223996131892606
2903,4pM7DLEL7xA,UgyXJrnqov-46LGghol4AaABAg,0.10115,sympathetic,-0.07955,inflammatory,0.1591
2904,fo6qLarJ52U,UgyXLKASrrID3dXjqMt4AaABAg,-0.0772,inflammatory,-0.15671428571428572,inflammatory,0.3916681053671651
2905,3L2BXNMGTew,UgyXM75CkTRC4JOcg5l4AaABAg,-0.31532499999999997,inflammatory,-0.23345,inflammatory,0.4571445103392726
2906,Bn7WbKVar1I,UgyXWMpMp2OEsQx7jpp4AaABAg,0.09338571428571428,sympathetic,-0.10185483870967742,inflammatory,0.34769914757704895
2907,Bn7WbKVar1I,UgyX_vSu6dgswMHPL8V4AaABAg,0.030379999999999997,neutral,-0.02685,neutral,0.3806905550006024
2908,qYbQZNOX9zc,UgyXjaPmmO1tYcn8buJ4AaABAg,0.15435,sympathetic,-0.3957307692307692,inflammatory,0.26148760450104
2909,eAF4_2edowo,UgyXkhzxHKGMZWt0zQZ4AaABAg,-0.131625,inflammatory,-0.08307500000000001,inflammatory,0.316691448529051
2910,eE61i2y1mJ0,UgyXpoHHbLh3SZ8kUtF4AaABAg,0.2732,sympathetic,0.06724285714285713,sympathetic,0.26478895909222283
2911,Bn7WbKVar1I,UgyXx3W7ghykxSdCt_F4AaABAg,-0.017469999999999996,neutral,0.004928571428571433,neutral,0.3334706040062058
2912,UGdWOPXE4Pc,UgyY8OUo49Jr_V-zzdh4AaABAg,-0.15993333333333334,inflammatory,-0.07456666666666666,inflammatory,0.3091011851589487
2913,2ytZhL25V4w,UgyY8obkUll__BgqEWJ4AaABAg,0.3612,sympathetic,0.0,neutral,
2914,GpmP2vtnXcc,UgyYC387MIaKyELbxoV4AaABAg,0.0,neutral,0.0,neutral,
2915,zx3JMdSDTJs,UgyYJP8pHyK83yuQMPF4AaABAg,-0.631,inflammatory,-0.17101666666666668,inflammatory,0.5874381207128685
2916,eAF4_2edowo,UgyYKXln98UvN27DYlR4AaABAg,-0.5267,inflammatory,-0.0043599999999999976,neutral,0.33021613073864214
2917,dR8H-nQkz4k,UgyYLnf9XD8hkTf0o-B4AaABAg,0.24378000000000002,sympathetic,0.1623,sympathetic,0.25711689170492086
2918,nihE9Yt3b-U,UgyYNb4Is7t1XUr2aYt4AaABAg,0.0,neutral,-0.27106666666666673,inflammatory,0.38066275022881435
2919,aGLmGnuYb_8,UgyYPYK5PNRiihS5Xqh4AaABAg,-0.6152,inflammatory,0.3182,sympathetic,
2920,nihE9Yt3b-U,UgyYWSxbObIPCWP5vH54AaABAg,-0.765,inflammatory,-0.14152499999999998,inflammatory,0.5795620494534357
2921,2EM-F3VfwUI,UgyYWWRHVjsfUF3MmuV4AaABAg,0.5574,sympathetic,0.0586,sympathetic,0.41319499835630474
2922,tKdJkhBFqtI,UgyYX27yGACaXV4MrtB4AaABAg,-0.5106,inflammatory,-0.021109090909090907,neutral,0.3369013400227
2923,mja0Lze2l0c,UgyYgqZsFREUyocNQVB4AaABAg,0.2202,sympathetic,0.24695,sympathetic,0.3492400392280358
2924,aGLmGnuYb_8,UgyYpd7xBNgjK00IozJ4AaABAg,-0.3087,inflammatory,-0.34113333333333334,inflammatory,0.3828877938334763
2925,fpVuA8E0KZs,UgyYrjlJI10GcGWNBHd4AaABAg,-0.363575,inflammatory,-0.023511764705882357,neutral,0.4331449928752971
2926,GPcb8SYe8tA,UgyYs48zcN_Ppx2uoAR4AaABAg,-0.3182,inflammatory,-0.1757769230769231,inflammatory,0.4123005197543942
2927,50AKW9lBuNM,UgyYs_cIROyt4h_SX694AaABAg,-0.7374,inflammatory,-0.12898000000000004,inflammatory,0.5670288193734071
2928,p8UbRG5hbiM,UgyYu-ttuR6GlmBicgR4AaABAg,-0.16235,inflammatory,-0.037380000000000004,neutral,0.5872724427384619
2929,dR8H-nQkz4k,UgyZ2zqw4HdkBRkfT5F4AaABAg,-0.1083,inflammatory,-0.011183333333333332,neutral,0.3930256483922107
2930,zfbvk0ALtIQ,UgyZ85kNfoapRDQI-FR4AaABAg,-0.8399,inflammatory,0.0,neutral,0.0
2931,mja0Lze2l0c,UgyZ8PEMiL6lTnmJrwJ4AaABAg,-0.74325,inflammatory,-0.0954181818181818,inflammatory,0.4974777720022912
2932,xEXaGltX3UA,UgyZ8VnAoeA4VI1l3ad4AaABAg,-0.7169,inflammatory,0.1809,sympathetic,0.3821302694856073
2933,_BS6EnE31XM,UgyZE_s0muzoC-_eGSV4AaABAg,0.4737,sympathetic,-0.00018000000000000237,neutral,0.32246173519763033
2934,aGLmGnuYb_8,UgyZL4g-lkuK1N0HEx54AaABAg,0.7269,sympathetic,0.0772,sympathetic,
2935,6D_RgBOrjI0,UgyZQqojo63AZKi7ivx4AaABAg,-0.41000000000000003,inflammatory,-0.2988375,inflammatory,0.46904326312033456
2936,7H-oD45q0MM,UgyZSs33iyLUqm9pryN4AaABAg,0.20095,sympathetic,-0.34606,inflammatory,0.35894699190827606
2937,xQEZ2SRu6bA,UgyZVS5pUfyXAdlzfZB4AaABAg,0.23835,sympathetic,0.0,neutral,
2938,vMKNBsd_XYg,UgyZWzzbE-_TX2IR79d4AaABAg,0.4404,sympathetic,0.038166666666666654,neutral,0.39978235328738565
2939,lP_9nYehuss,UgyZXxmg3S_WaZr34dx4AaABAg,-0.4939,inflammatory,-0.12613999999999997,inflammatory,0.48011321893903314
2940,aGLmGnuYb_8,UgyZY4tjfW_FEq_aJ8B4AaABAg,-0.5086333333333334,inflammatory,0.23288000000000003,sympathetic,0.3249392204705366
2941,p8UbRG5hbiM,UgyZcmDzCtdjcnGYn5N4AaABAg,-0.2183,inflammatory,-0.009469999999999998,neutral,0.27030304413133543
2942,8zjWbdItFTo,UgyZgsEtdC2fUymT33p4AaABAg,0.0,neutral,0.5842999999999999,sympathetic,0.2657780464974487
2943,UGdWOPXE4Pc,UgyZhDNUzCkKw_gySnF4AaABAg,0.22485,sympathetic,-0.044300000000000006,neutral,0.30888482076657636
2944,WcIOWDNlR7s,UgyZmWwZuF4-TI9L5eR4AaABAg,-0.5859,inflammatory,-0.0591,inflammatory,0.25684379602309954
2945,UGdWOPXE4Pc,UgyZoFXVW1DkwhtMxdx4AaABAg,-0.10786666666666667,inflammatory,0.30579999999999996,sympathetic,0.2784123201296954
2946,eE61i2y1mJ0,UgyZqXKyNX9uFor_tmh4AaABAg,-0.20671666666666666,inflammatory,-0.25284999999999996,inflammatory,0.6014751125358389
2947,VCwKVFgL6zU,UgyZsWR7deVNIoM4mL14AaABAg,-0.0258,neutral,-0.10533999999999999,inflammatory,0.23554740074982783
2948,9dn7N5-EKRE,UgyZwjG_KT0jJkCWpNJ4AaABAg,0.0,neutral,-0.32545,inflammatory,0.2932811912531336
2949,tKdJkhBFqtI,Ugy_10EOoAvqygxSKSl4AaABAg,0.0,neutral,0.0,neutral,
2950,psP1uxfO6CQ,Ugy_1vZqFDE1ONAtbSl4AaABAg,0.0,neutral,-0.15156666666666666,inflammatory,0.3740529989996151
2951,6GfCWFftDSA,Ugy_3Ukqu91S88Iqxjp4AaABAg,-0.6395,inflammatory,-0.09887692307692308,inflammatory,0.2805812334952992
2952,lP_9nYehuss,Ugy_45YPV8KoLizHliB4AaABAg,0.4168,sympathetic,-0.3969666666666667,inflammatory,0.347867537050144
2953,tKdJkhBFqtI,Ugy_9XD43af57AnplXt4AaABAg,-0.17,inflammatory,-0.0954,inflammatory,0.38647150900516236
2954,d6Pee6Fyvoo,Ugy_BOgYJbI6eWKHDox4AaABAg,-0.44789999999999996,inflammatory,-0.015858333333333335,neutral,0.2940202635513203
2955,pgZTLDI3AAA,Ugy_CSQ38v4KL5m7sb94AaABAg,-0.7003,inflammatory,0.048544444444444446,neutral,0.1064155429332472
2956,mMPRQSnKe9w,Ugy_DX5J6JWIPRtSuyd4AaABAg,0.3612,sympathetic,-0.3089,inflammatory,
2957,OybJv6v8qKo,Ugy_F9F0vnvJxwv5JvZ4AaABAg,0.0,neutral,0.0050461538461538495,neutral,0.27927436215838786
2958,SFr12qevR18,Ugy_KYBEvf5j_DgfXgJ4AaABAg,-0.15019999999999997,inflammatory,-0.2823,inflammatory,0.40835817166261823
2959,nihE9Yt3b-U,Ugy_LrYRBC3XGiIKTRV4AaABAg,-0.1806,inflammatory,-0.09954285714285716,inflammatory,0.35057991412868506
2960,54oSf8j9Eh0,Ugy_Rfu9Uan6GPlwnIN4AaABAg,-0.49539999999999995,inflammatory,-0.14126,inflammatory,0.36000771658396435
2961,GPcb8SYe8tA,Ugy_XlMXVJua_VHQXV94AaABAg,-0.8074,inflammatory,0.12036363636363635,sympathetic,0.392488548298488
2962,bd04zIyOCas,Ugy__TZ0BWBQjd6ummx4AaABAg,-0.1902,inflammatory,0.6083000000000001,sympathetic,0.16178603153548207
2963,4pM7DLEL7xA,Ugy_c74hHsZuzmlzf1x4AaABAg,-0.6056,inflammatory,-0.051066666666666656,inflammatory,0.11503871548572707
2964,lhdAgnXWzFA,Ugy_d5ekjudK3UkCMKJ4AaABAg,0.0,neutral,0.936,sympathetic,
2965,6D_RgBOrjI0,Ugy_eS8S5_n1QiSkuZR4AaABAg,0.27365,sympathetic,-0.13255,inflammatory,0.45125359357492734
2966,qYbQZNOX9zc,Ugy_jRihmX6lEOkbVrN4AaABAg,-0.1779,inflammatory,0.09571428571428575,sympathetic,0.4705919054006044
2967,50AKW9lBuNM,Ugy_nh0bVFCwCHwZqCV4AaABAg,-0.20738333333333336,inflammatory,-0.36105,inflammatory,0.23803793115103875
2968,Bngr9lb8MPY,Ugy_ueYwkxvpr26nHpp4AaABAg,-0.28481999999999996,inflammatory,0.0,neutral,0.177020231109956
2969,iDuNFBjJ774,Ugy_uyS0BU_yhd4PBAd4AaABAg,-0.7003,inflammatory,-0.09576666666666667,inflammatory,0.3141093970790007
2970,xHIyM7-R8Yw,Ugy_wJD8DlxxlMGrUvt4AaABAg,-0.106625,inflammatory,-0.10655999999999999,inflammatory,0.3958413609010559
2971,zx3JMdSDTJs,Ugy_y5cGweXqg4Zbb8J4AaABAg,0.2709,sympathetic,0.0,neutral,
2972,8QB4UxnzCrg,Ugya2Lly6MFycqJap0J4AaABAg,-0.20473333333333332,inflammatory,-0.18813846153846156,inflammatory,0.40024022065600706
2973,UGdWOPXE4Pc,Ugya4Fd1zV_pN7OI2ZB4AaABAg,-0.36345,inflammatory,-0.12106153846153846,inflammatory,0.37875198687809225
2974,VCwKVFgL6zU,UgyaJJxd20fS--ZYtTh4AaABAg,-0.5469333333333334,inflammatory,0.08687272727272727,sympathetic,0.3908895063593012
2975,aWOy271EIKU,UgyaKlnysho0RtJSedF4AaABAg,-0.2553,inflammatory,0.0,neutral,
2976,GPcb8SYe8tA,UgyaKzvKQphaYiJWOgR4AaABAg,-0.3973,inflammatory,0.5199,sympathetic,0.11242997820866107
2977,ZggP67JsVfU,UgyaWVA-nGgWASOrcdZ4AaABAg,0.9278,sympathetic,-0.01783333333333333,neutral,0.46740522390462574
2978,kzEZ-0ym5Xg,UgyaZwh9Umn3Je4ips14AaABAg,0.0,neutral,0.34,sympathetic,
2979,Taz-d2zn6Vg,UgyagkLbVV2Uu4fbrcZ4AaABAg,-0.14648,inflammatory,0.0295375,neutral,0.43349392132004405
2980,UGdWOPXE4Pc,UgyajCy89aXcGQM7BI14AaABAg,0.2057,sympathetic,0.03645999999999999,neutral,0.24888804310372165
2981,lqvigepgbqI,UgyammuQyG2hKL-X9ld4AaABAg,0.1806,sympathetic,-0.10806666666666669,inflammatory,0.39359141081414195
2982,eE61i2y1mJ0,UgyaoVXD8tai07r7uYp4AaABAg,-0.6486,inflammatory,0.017499999999999998,neutral,0.42158545515707724
2983,IOueE_uol8M,UgyapTcQSnijRHvsK0R4AaABAg,0.49884999999999996,sympathetic,0.296,sympathetic,
2984,p8hpDXwUFvw,UgyartdYefId67878oJ4AaABAg,0.4466,sympathetic,0.4019,sympathetic,
2985,lZqHWBKkcos,Ugyas_Dpy-uuP5hS01R4AaABAg,0.7783,sympathetic,0.22491,sympathetic,0.5647525838807645
2986,eE61i2y1mJ0,Ugyav_r1eWZVjR16Flx4AaABAg,0.128,sympathetic,-0.047962500000000005,neutral,0.4052689475168663
2987,zfQxhG5oWdU,Ugyaz4F-xvgk5nzAZGx4AaABAg,0.4034,sympathetic,0.18324285714285712,sympathetic,0.4223981252213085
2988,aGLmGnuYb_8,UgybCQDH04eVAPR2T9d4AaABAg,-0.0258,neutral,-0.08832,inflammatory,0.35645700582258166
2989,z_1OsbwBfJ0,UgybCb1S0S2_LYG_STB4AaABAg,-0.4526,inflammatory,-0.24246666666666666,inflammatory,0.3404334553183632
2990,Taz-d2zn6Vg,UgybD7i6KZnVD0POFIR4AaABAg,0.4939,sympathetic,0.3321,sympathetic,0.3515429276774033
2991,TybnJ6mrvI4,UgybFH1h_G4lu7JD8Ch4AaABAg,0.29569999999999996,sympathetic,0.0,neutral,
2992,X4jrbP6ZnP4,UgybO7taAHlnBNwTnwB4AaABAg,0.30363333333333337,sympathetic,0.08151666666666667,sympathetic,0.1322532482272805
2993,GpmP2vtnXcc,UgybTDoiRwZLr-wqked4AaABAg,0.0,neutral,0.2202,sympathetic,0.31140982643455556
2994,GPcb8SYe8tA,UgybTHsfzg5mG5SXWNh4AaABAg,-0.3548,inflammatory,0.10231818181818181,sympathetic,0.1933115920899821
2995,6GfCWFftDSA,UgybTW9eyFuK9dPwdiJ4AaABAg,-0.52235,inflammatory,-0.4069,inflammatory,
2996,a7jLOtY-1VY,UgybUO2yoilcAkwRB8V4AaABAg,0.1102,sympathetic,0.024087499999999998,neutral,0.22647185531540118
2997,Taz-d2zn6Vg,UgybVfAyDhcVS80vwyh4AaABAg,-0.9169,inflammatory,0.14958571428571427,sympathetic,0.47122256747235497
2998,Taz-d2zn6Vg,UgybY3rl5P_mcQXwK4Z4AaABAg,0.025733333333333334,neutral,0.06031538461538461,sympathetic,0.23198815647267373
2999,lqvigepgbqI,Ugyb_qO5gzeYXORgiCZ4AaABAg,-0.9286,inflammatory,-0.22316666666666674,inflammatory,0.46285910455198637
3000,z_1OsbwBfJ0,UgybfCICpqy2RT9yB0F4AaABAg,-0.025900000000000003,neutral,-0.19239090909090908,inflammatory,0.37801171795209065
3001,vMKNBsd_XYg,Ugybl3kTBQZi-qoG8L94AaABAg,-0.7076,inflammatory,-0.06926999999999998,inflammatory,0.24894107312552682
3002,5bjJBcpy9sU,Ugybo4YlQgZ0z8uQvCt4AaABAg,-0.7003,inflammatory,0.04933333333333333,neutral,0.12084149397730344
3003,xEXaGltX3UA,UgybtIKblBGalU5hLQB4AaABAg,0.5574,sympathetic,0.1511,sympathetic,
3004,GpmP2vtnXcc,UgybtznNAHMEZH5t_Ih4AaABAg,0.0,neutral,0.0,neutral,0.0
3005,pePQ6YdNww4,Ugybz5HvGgHB-wEns4h4AaABAg,0.6369,sympathetic,0.0,neutral,
3006,WcIOWDNlR7s,Ugyc-qS0m6XbMAo5m4F4AaABAg,-0.4707666666666667,inflammatory,-0.24558181818181815,inflammatory,0.40441712084970344
3007,zfQxhG5oWdU,Ugyc4ocNtqAYT-G41fJ4AaABAg,0.0,neutral,0.2431,sympathetic,0.34379531701289945
3008,bd04zIyOCas,UgycKO749TcRlH9ZO1R4AaABAg,0.0,neutral,-0.11332500000000001,inflammatory,0.5890027355624081
3009,kin9OECNFRk,UgycMdE3gQpqSPDGucF4AaABAg,-0.03510000000000002,neutral,0.027554545454545453,neutral,0.2761691089301494
3010,fo6qLarJ52U,UgycO7ZjDt6wythhPY94AaABAg,-0.5836,inflammatory,-0.014757142857142866,neutral,0.27465768911588145
3011,IOueE_uol8M,UgycOVlvhwTrvJ_3UCF4AaABAg,0.5423,sympathetic,0.3182,sympathetic,
3012,Bn7WbKVar1I,UgycOYBhfUxIgpIa4xN4AaABAg,-0.18751999999999996,inflammatory,-0.10003636363636365,inflammatory,0.3037996914834749
3013,qYbQZNOX9zc,UgycOyZ7WXo-bgkxjhN4AaABAg,-0.7845,inflammatory,-0.12542,inflammatory,0.47541779474011653
3014,2EM-F3VfwUI,UgycPPOyeL8gaxYhyHR4AaABAg,-0.28595,inflammatory,0.2732,sympathetic,
3015,Sy8scM6B_nU,UgycRoIw1P94tplzxxR4AaABAg,0.007233333333333332,neutral,0.13522222222222224,sympathetic,0.4274924320317781
3016,UGdWOPXE4Pc,UgycWfSrJKYCAbvJxFV4AaABAg,-0.71285,inflammatory,-0.13912500000000003,inflammatory,0.26675280053058315
3017,fFsTLNhzylo,UgycjIYSWPQ3QxkDK1B4AaABAg,-0.73465,inflammatory,0.296,sympathetic,
3018,7H-oD45q0MM,UgycqD-TlpiYkeceTyB4AaABAg,0.0,neutral,0.0377625,neutral,0.37739990891625824
3019,lP_9nYehuss,Ugycyt6IyHK3P-asGfZ4AaABAg,-0.296,inflammatory,-0.001566666666666679,neutral,0.41446836118604086
3020,Taz-d2zn6Vg,UgyczzdEik1qlik77_14AaABAg,-0.3818,inflammatory,-0.1591,inflammatory,0.2250013777735594
3021,ykwxUGxIDrQ,Ugyd2J6qjdqRqH5Go394AaABAg,-0.4215,inflammatory,-0.10472500000000001,inflammatory,0.26838369765443404
3022,GPcb8SYe8tA,Ugyd7WUZBOvB1vu1DLh4AaABAg,0.128,sympathetic,0.1726,sympathetic,0.21392297679305045
3023,lqvigepgbqI,Ugyd7oUGZEO0X5Ola314AaABAg,0.0,neutral,0.0,neutral,
3024,Djzvi2sVsdY,UgydBhiJrXCXSBdwI794AaABAg,0.0,neutral,0.0,neutral,
3025,50AKW9lBuNM,UgydKQHEodbDuznMMBl4AaABAg,-0.10112222222222222,inflammatory,-0.0374875,neutral,0.2867810784627984
3026,7bTckdh1-W0,UgydPJTEE6Lsmgx78X54AaABAg,-0.07555,inflammatory,-0.35403333333333337,inflammatory,0.1258364944415305
3027,UGdWOPXE4Pc,UgydPUMWX_I0pcxiAHB4AaABAg,0.0,neutral,-0.237325,inflammatory,0.3486492168764637
3028,WcIOWDNlR7s,UgydRfWSVyYSQH90vhN4AaABAg,-0.09866666666666667,inflammatory,-0.31326,inflammatory,0.34740573253761947
3029,lqvigepgbqI,UgydToFZVGdSrj8MKhJ4AaABAg,-0.3982,inflammatory,-0.017828571428571423,neutral,0.26978741454637767
3030,2ytZhL25V4w,UgydUSai38ADcD_4SVV4AaABAg,0.2235,sympathetic,-0.09065,inflammatory,0.4210582659601083
3031,Djzvi2sVsdY,UgydbHRmreTWnePLd_p4AaABAg,0.20095,sympathetic,0.0,neutral,0.0
3032,ZggP67JsVfU,UgydfzsdcAzqOudjBWZ4AaABAg,-0.296,inflammatory,-0.023000000000000007,neutral,0.4705584271196653
3033,OqB0y-8Ej0c,UgydgCuAo_HH5PYpY3J4AaABAg,-0.7845,inflammatory,0.0625,sympathetic,0.125
3034,pePQ6YdNww4,Ugydj0-WLIcKAfDcfvV4AaABAg,-0.09933333333333334,inflammatory,-0.25948125,inflammatory,0.537515025797729
3035,p8UbRG5hbiM,Ugydk1vBo5RW4bGjSON4AaABAg,0.00385000000000002,neutral,-0.19185000000000002,inflammatory,0.3245790453289717
3036,eAF4_2edowo,UgydmLnIhky182y84tV4AaABAg,0.1468,sympathetic,-0.206,inflammatory,0.315375707914952
3037,GPcb8SYe8tA,Ugydr-vEVAOiREsC0ch4AaABAg,0.0,neutral,-0.12748888888888887,inflammatory,0.15348849667356546
3038,eAF4_2edowo,UgydtsT6FtfZ0kKKtjx4AaABAg,0.3612,sympathetic,0.02055,neutral,0.27191454539983695
3039,6D_RgBOrjI0,UgydzNBnqYEqvsd8x814AaABAg,0.0,neutral,0.05714999999999999,sympathetic,0.6039923060058677
3040,3L2BXNMGTew,Ugye0DOaWjXHuQPDvEp4AaABAg,-0.1847,inflammatory,0.024114285714285706,neutral,0.38930567008702144
3041,mgeeD8rYAwc,Ugye29AFaULF9W0bE0V4AaABAg,-0.20095,inflammatory,0.3318,sympathetic,0.6260723440625692
3042,eE61i2y1mJ0,Ugye9EFfASA66w-1Wp14AaABAg,-0.19023333333333334,inflammatory,0.09290000000000001,sympathetic,0.5628627541417179
3043,aWOy271EIKU,Ugye9RE7g2SMZGHFX5h4AaABAg,-0.5106,inflammatory,0.5267,sympathetic,
3044,GPcb8SYe8tA,Ugye9SlfIsp5qIL7GF94AaABAg,0.0,neutral,-0.10343333333333334,inflammatory,0.22742283673076163
3045,Umco8iQzKbs,Ugye9lm1Oroc8ng0jFh4AaABAg,0.0,neutral,0.14206153846153846,sympathetic,0.3882615882332888
3046,7bTckdh1-W0,UgyeA95-qsrqKgieydR4AaABAg,-0.32155,inflammatory,-0.08165,inflammatory,0.3164378936782944
3047,fpVuA8E0KZs,UgyeCOGfbU65SDUkHEZ4AaABAg,-0.7964,inflammatory,0.03047142857142857,neutral,0.23822361144021606
3048,WcIOWDNlR7s,UgyeFOfwicFa_4xJOmR4AaABAg,-0.0258,neutral,-0.15159999999999998,inflammatory,0.22955414030971721
3049,gc-7CsqGK9o,UgyeFv_33y86t3ZilJV4AaABAg,-0.05295,inflammatory,-0.4767,inflammatory,
3050,wu2Lp8LpiVg,UgyeMfRsH6ImB217Lgl4AaABAg,0.0,neutral,-0.044625,neutral,0.1763981930179558
3051,Taz-d2zn6Vg,UgyeNfa6cuxi92kWelR4AaABAg,-0.23645714285714287,inflammatory,0.21617777777777775,sympathetic,0.3127893588447918
3052,OqB0y-8Ej0c,UgyePAtGEYTkRJU1iw14AaABAg,0.6808,sympathetic,-0.13749999999999998,inflammatory,0.3565238982172163
3053,9dn7N5-EKRE,UgyeQHK9gtDZpB9AgGJ4AaABAg,-0.4767,inflammatory,0.431,sympathetic,
3054,lqvigepgbqI,UgyeUJkr8n4fp4OtpX14AaABAg,-0.5106,inflammatory,-0.02095555555555556,neutral,0.3201188924099572
3055,QnC9ZTG-s5Q,UgyeUW7wblwTtUP5cdp4AaABAg,0.054720000000000005,sympathetic,-0.1378,inflammatory,0.1436623471895124
3056,6GfCWFftDSA,UgyeZVjezz3WkdXJbn94AaABAg,-0.7269,inflammatory,0.030080000000000003,neutral,0.2358265737547168
3057,Sy8scM6B_nU,UgyeZlmmqFd5vtCc6ch4AaABAg,-0.291,inflammatory,0.0,neutral,0.0
3058,gc-7CsqGK9o,UgyecL-rlgH5nUaxsEJ4AaABAg,-0.5423,inflammatory,0.0,neutral,0.0
3059,WcIOWDNlR7s,UgyeeOD_dKB_f0d-xVF4AaABAg,0.0,neutral,-0.14341111111111113,inflammatory,0.4735012868104068
3060,Z6DD4PaM0zg,Ugyeg_GuqcCoO5Ou0RB4AaABAg,0.4019,sympathetic,0.17203333333333334,sympathetic,0.4838581644793579
3061,ZSDPc8de7cw,UgyehmrtCAVxXD_UBXZ4AaABAg,0.29896666666666666,sympathetic,0.148,sympathetic,0.20930360723121805
3062,Bngr9lb8MPY,UgyeiSyhb1x7n771JCF4AaABAg,0.2529,sympathetic,0.40458571428571427,sympathetic,0.5117832758390718
3063,Taz-d2zn6Vg,Ugyekc6o1ExdoJV5MQ54AaABAg,-0.443025,inflammatory,0.06003000000000001,sympathetic,0.4002155448421929
3064,eAF4_2edowo,UgyekupCLJ7ikR4Fz3J4AaABAg,-0.22463333333333335,inflammatory,-0.03379999999999998,neutral,0.3311952042728477
3065,2EM-F3VfwUI,Ugyeq7FTG9QHOUDSLOd4AaABAg,-0.34,inflammatory,0.058140000000000004,sympathetic,0.2528346987438411
3066,2EM-F3VfwUI,Ugyeyet_ZX1XeyRSUFt4AaABAg,-0.21075,inflammatory,-0.19625714285714288,inflammatory,0.4088140117345248
3067,xXAIcenT5KQ,Ugyf-Tx1maY6Nw8mX8B4AaABAg,-0.006783333333333326,neutral,0.16716666666666669,sympathetic,0.5095133593276366
3068,46xekr1CEUU,Ugyf5qHvO9t3ITBE4W54AaABAg,-0.6124,inflammatory,-0.21066000000000001,inflammatory,0.26366271636315974
3069,kin9OECNFRk,Ugyf7F9RC95nwrq6zg94AaABAg,-0.48165,inflammatory,-0.1654,inflammatory,0.37918743825888185
3070,lZqHWBKkcos,UgyfBhLePAoIwaKookd4AaABAg,0.37855,sympathetic,0.225,sympathetic,0.5412063007763306
3071,d6Pee6Fyvoo,UgyfCLLnkaZeksuuGtV4AaABAg,-0.184925,inflammatory,-0.037,neutral,0.10465180361560902
3072,xXAIcenT5KQ,UgyfFMpaXM8altBxN1d4AaABAg,-0.14007499999999998,inflammatory,0.04074999999999998,neutral,0.538461813873556
3073,xEXaGltX3UA,UgyfK-xUUyEOl0kZYVV4AaABAg,-0.5885,inflammatory,-0.2023,inflammatory,
3074,gc-7CsqGK9o,UgyfKArGSHPiFdEdLFZ4AaABAg,-0.8402,inflammatory,-0.03740000000000002,neutral,0.6212640179505007
3075,aGLmGnuYb_8,UgyfK_KXEpx70vHRo4t4AaABAg,-0.296,inflammatory,-0.32961666666666667,inflammatory,0.3038589700283121
3076,9dn7N5-EKRE,UgyfMtI-IAs2epA_i5N4AaABAg,0.0,neutral,0.0,neutral,
3077,5bjJBcpy9sU,UgyfT29i_WBEh6v8ZVp4AaABAg,0.2155,sympathetic,-0.18076666666666666,inflammatory,0.31309705098153406
3078,OLgwMqMkgsg,UgyfT92iM9wjHMZjd4p4AaABAg,0.14049999999999999,sympathetic,-0.2875,inflammatory,0.4065863991822648
3079,OybJv6v8qKo,UgyfUb3-mlZ6fkrRlVl4AaABAg,0.8016,sympathetic,0.0591,sympathetic,0.19284264742703225
3080,GpmP2vtnXcc,Ugyfc3ySSshcG9RKu7F4AaABAg,0.0,neutral,0.0,neutral,0.0
3081,fpVuA8E0KZs,UgyffqRQJDiZJC_1pFZ4AaABAg,-0.22319999999999998,inflammatory,0.5917,sympathetic,0.21397051198704928
3082,aGLmGnuYb_8,Ugyfh9i91vy_Rd8Aszh4AaABAg,-0.5777,inflammatory,0.426,sympathetic,0.4226620458475069
3083,OqB0y-8Ej0c,UgyfiCL_bqRem3efcel4AaABAg,-0.2630666666666666,inflammatory,-0.3422714285714286,inflammatory,0.26619193397675617
3084,WcIOWDNlR7s,Ugyfs7I3__4DXOj74DB4AaABAg,-0.09585000000000005,inflammatory,0.07964545454545455,sympathetic,0.27336835355847744
3085,xHIyM7-R8Yw,UgyfuUHAkVvincVwtdN4AaABAg,0.0,neutral,-0.028900000000000002,neutral,0.07646221288976666
3086,OqB0y-8Ej0c,Ugyg0E-ZHDZsPjVmWpN4AaABAg,-0.08026666666666665,inflammatory,-0.33493333333333336,inflammatory,0.39950852640045953
3087,Taz-d2zn6Vg,Ugyg0jZt5_-COAtRBmJ4AaABAg,-0.4215,inflammatory,-0.014333333333333345,neutral,0.33992671759267956
3088,ZSDPc8de7cw,Ugyg1RDxXYo3X-p5bx14AaABAg,0.0,neutral,-0.1061375,inflammatory,0.2874590601285686
3089,DgOOpBixH80,Ugyg4KrXWJ94g4uvulZ4AaABAg,-0.5994,inflammatory,-0.18660000000000002,inflammatory,0.27024149200298614
3090,GPcb8SYe8tA,Ugyg71of8rCMKktJsqF4AaABAg,-0.07945,inflammatory,0.013600000000000001,neutral,0.2855567194096472
3091,eE61i2y1mJ0,UgygCkoZuTTy5SXaqiV4AaABAg,-0.6808,inflammatory,0.015628571428571436,neutral,0.6303475621017496
3092,5bjJBcpy9sU,UgygP43OtRFcBu1N1u94AaABAg,-0.48285,inflammatory,-0.3497181818181818,inflammatory,0.3878319837717921
3093,p8UbRG5hbiM,UgygRV2WYiaOXBNkiy14AaABAg,0.31710000000000005,sympathetic,0.09583333333333333,sympathetic,0.27692174105090894
3094,qYbQZNOX9zc,UgygUKlwtZsocR10vOZ4AaABAg,-0.4767,inflammatory,-0.14579999999999999,inflammatory,0.3165869943633187
3095,Tss1BYWFbtI,Ugyg_XTRcLu5Bi5wrjp4AaABAg,-0.2541333333333333,inflammatory,-0.042199999999999994,neutral,0.4423074812842306
3096,kzEZ-0ym5Xg,UgygfcptAs8v5DbxGzZ4AaABAg,0.0,neutral,-0.6813,inflammatory,
3097,ZggP67JsVfU,Ugygq8rGg-qzXeb-TMx4AaABAg,-0.7959,inflammatory,-0.6808,inflammatory,
3098,GpmP2vtnXcc,UgygrnIk5JlWvwqAKkp4AaABAg,0.0,neutral,0.0,neutral,
3099,50AKW9lBuNM,Ugygwagz8E-AX9fJzp94AaABAg,-0.08190000000000003,inflammatory,-0.23162903225806453,inflammatory,0.41136550835280977
3100,d6Pee6Fyvoo,Ugyh7UZOok0JJfUEsSl4AaABAg,-0.0386,neutral,-0.06924999999999999,inflammatory,0.46457435465165314
3101,UGdWOPXE4Pc,Ugyh7khg_JnyfpegHUh4AaABAg,-0.1366,inflammatory,-0.01192857142857143,neutral,0.48739077653113116
3102,tKdJkhBFqtI,UgyhAX8KWMwI93-U1pN4AaABAg,-0.07244999999999999,inflammatory,-0.03375624999999999,neutral,0.43867481193362357
3103,aGLmGnuYb_8,UgyhBcTDWEF1jOMTNRx4AaABAg,-0.148,inflammatory,-0.045374999999999985,neutral,0.5638968071967305
3104,OLgwMqMkgsg,UgyhTqGbQebBLJ9db6B4AaABAg,0.0516,sympathetic,-0.074,inflammatory,0.148
3105,IoqeVMg760U,UgyhUu83MjuD93NjbS54AaABAg,-0.7845,inflammatory,0.082275,sympathetic,0.16455
3106,qRw6gOjwCbQ,UgyhVbKx1WgbO5DptP54AaABAg,-0.38326666666666664,inflammatory,0.906,sympathetic,
3107,Djzvi2sVsdY,UgyhYAQk9vNvAVq_34R4AaABAg,0.0,neutral,-0.04882499999999999,neutral,0.1714846616075813
3108,nihE9Yt3b-U,UgyhfIKfAMklY9WHGkJ4AaABAg,0.04680000000000001,neutral,-0.18107777777777778,inflammatory,0.42819056732306054
3109,Taz-d2zn6Vg,UgyhgH0oS9Y2pLFurDV4AaABAg,-0.019066666666666666,neutral,0.17578,sympathetic,0.24108525877788545
3110,GpmP2vtnXcc,UgyhijCs_hWt83Sf4td4AaABAg,0.0,neutral,0.0,neutral,
3111,tKdJkhBFqtI,Ugyhlgddj53Al1Tv_KV4AaABAg,-0.148,inflammatory,0.17652857142857142,sympathetic,0.3126013420438547
3112,VCwKVFgL6zU,UgyhwJx75Op0TXagBGZ4AaABAg,-0.07903749999999998,inflammatory,-0.17271428571428568,inflammatory,0.5090185406858032
3113,DgOOpBixH80,UgyhxKZYvWJUheH5DMN4AaABAg,-0.7184,inflammatory,-0.1976,inflammatory,0.2794485999249236
3114,4pM7DLEL7xA,UgyhyCXoo-9GDwttKJF4AaABAg,-0.7096,inflammatory,-0.362725,inflammatory,0.26447641401725897
3115,tKdJkhBFqtI,Ugyi0j8XyLbzbQPqg3R4AaABAg,-0.25323333333333337,inflammatory,-0.10826923076923078,inflammatory,0.359710792129398
3116,IJAwKvrhY58,Ugyi4Om_4acFEuW3l-h4AaABAg,0.5106,sympathetic,0.2554666666666667,sympathetic,0.3037047952645244
3117,_BS6EnE31XM,Ugyi5-foyBm6SL4le4p4AaABAg,0.2696,sympathetic,0.3182,sympathetic,
3118,a7jLOtY-1VY,Ugyi5yTr6seLUWtNQmp4AaABAg,0.0678,sympathetic,-0.23015714285714287,inflammatory,0.3699452250317735
3119,d6Pee6Fyvoo,Ugyi9lPmv8iQIERKXHZ4AaABAg,-0.2787,inflammatory,-0.3177,inflammatory,0.03323401871576773
3120,_BS6EnE31XM,UgyiCSdOV9bxG5pcpul4AaABAg,0.0,neutral,0.2866142857142857,sympathetic,0.3667204358843915
3121,aWOy271EIKU,UgyiKxOEfG5V-OPksuh4AaABAg,-0.1147,inflammatory,0.03145714285714286,neutral,0.1177018509382317
3122,vMKNBsd_XYg,UgyiLOQJ27zg6rPuOD14AaABAg,0.38245,sympathetic,-0.142425,inflammatory,0.3246000121028076
3123,VCwKVFgL6zU,UgyiMl4dLTA6JbuqYxV4AaABAg,-0.48945,inflammatory,0.033775,neutral,0.29124768811671853
3124,kzEZ-0ym5Xg,UgyiRYc7zWN0HpPARCx4AaABAg,-0.2732,inflammatory,0.8313,sympathetic,
3125,z_1OsbwBfJ0,UgyiXgRA6G5WdMwIuet4AaABAg,-0.07314999999999999,inflammatory,0.11633333333333333,sympathetic,0.41315083766908506
3126,RuHOwKXtDek,UgyiaOkKaWHsHrNx0854AaABAg,0.1806,sympathetic,0.0,neutral,
3127,Vm87-9F7OF4,UgyijOx-ElmUA028LQt4AaABAg,-0.19946666666666668,inflammatory,0.3679666666666666,sympathetic,0.5104690228929992
3128,mMPRQSnKe9w,UgyiktGFFvRfamH3Cbt4AaABAg,0.0,neutral,0.0,neutral,
3129,6D_RgBOrjI0,UgyimfBgf-67GutioFt4AaABAg,0.0,neutral,-0.27125,inflammatory,0.22022195621690405
3130,WcIOWDNlR7s,UgyiqAGVn1bEfsgdsax4AaABAg,-0.2132,inflammatory,0.0,neutral,0.0
3131,kJZNjjiWALs,UgyiqcOiNVc_T84mTPp4AaABAg,-0.654,inflammatory,0.5388000000000001,sympathetic,0.1557757362364242
3132,mMPRQSnKe9w,Ugyiu96emipZ_E9VfcJ4AaABAg,0.0,neutral,0.0,neutral,
3133,Tss1BYWFbtI,UgyiuydYr_KC_Tzbynh4AaABAg,-0.4119333333333333,inflammatory,-0.06513333333333333,inflammatory,0.43521951549380994
3134,ZSDPc8de7cw,Ugyiwg2ZtEfzuOHeg5R4AaABAg,-0.8658,inflammatory,-0.09747857142857144,inflammatory,0.3747574008682077
3135,eAF4_2edowo,Ugyj2JBV0aCpXoI2JSp4AaABAg,0.07694999999999999,sympathetic,-0.23876000000000003,inflammatory,0.43595666413073675
3136,bd04zIyOCas,Ugyj8CnhqM7JGDCQuTV4AaABAg,0.112325,sympathetic,0.06919285714285714,sympathetic,0.3125042952671844
3137,a7jLOtY-1VY,Ugyj8GRKzbeySdX_DtB4AaABAg,-0.1591,inflammatory,-0.05241666666666667,inflammatory,0.36298595974182934
3138,fo6qLarJ52U,UgyjCjEJopCMOi397Ol4AaABAg,-0.893,inflammatory,-0.69055,inflammatory,0.013788582233137728
3139,6GfCWFftDSA,UgyjJSAhNF1NZVN6yLR4AaABAg,-0.059275,inflammatory,0.08265,sympathetic,0.286124103804237
3140,6GfCWFftDSA,UgyjWJO-y4wrjxMfQCV4AaABAg,-0.13396666666666665,inflammatory,0.10640000000000001,sympathetic,0.3028323397525436
3141,xHIyM7-R8Yw,UgyjYKNeFwiSkfIxOkl4AaABAg,-0.6908,inflammatory,0.431,sympathetic,
3142,iCknHYY2wmw,UgyjZ66CEM35NeWe4x54AaABAg,0.389325,sympathetic,0.5004,sympathetic,0.1280912565322083
3143,50AKW9lBuNM,UgyjacrSQehAL5wQzHZ4AaABAg,0.0,neutral,-0.15385999999999997,inflammatory,0.3007056633986131
3144,wu2Lp8LpiVg,UgyjayZoPhm_Df2xLcJ4AaABAg,-0.09655,inflammatory,-0.021721428571428576,neutral,0.24732446511406034
3145,xHIyM7-R8Yw,UgyjaykHUpUOHytfYSZ4AaABAg,0.31773333333333337,sympathetic,0.17325555555555555,sympathetic,0.4689014958152488
3146,Umco8iQzKbs,UgyjbZNK-nB0ue6s8oN4AaABAg,-0.0294,neutral,0.6908,sympathetic,
3147,eAF4_2edowo,UgyjfV8WJXupzZLGrX94AaABAg,0.0,neutral,-0.14475714285714283,inflammatory,0.4474238477370306
3148,lqvigepgbqI,UgyjmoSGIyUruySKATR4AaABAg,-0.02034999999999998,neutral,0.07401666666666666,sympathetic,0.18775972322803064
3149,ZSDPc8de7cw,Ugyjy62pQH1VuOvTm5h4AaABAg,0.5994,sympathetic,0.0,neutral,
3150,Umco8iQzKbs,UgyjzuThHx0M0zbRm-F4AaABAg,-0.271825,inflammatory,-0.6808,inflammatory,
3151,d6Pee6Fyvoo,Ugyk-nhybdkpDIDlqr54AaABAg,-0.7909,inflammatory,-0.10017000000000001,inflammatory,0.3782086462669926
3152,iCknHYY2wmw,Ugyk0milTGImiPFAbnZ4AaABAg,-0.7096,inflammatory,-0.45859999999999995,inflammatory,0.14813868502184027
3153,OLgwMqMkgsg,UgykFJGGssP9RMTww8J4AaABAg,0.1779,sympathetic,-0.15,inflammatory,0.4412682857400926
3154,OqB0y-8Ej0c,UgykLipNSfdarRkeZMN4AaABAg,0.6626000000000001,sympathetic,0.09935,sympathetic,0.140502117421767
3155,2ytZhL25V4w,UgykVLUViK4bMGGCmfp4AaABAg,-0.49910000000000004,inflammatory,-0.39444999999999997,inflammatory,0.4416480216190264
3156,iDuNFBjJ774,UgykVc1Keh_l803OpYR4AaABAg,0.125,sympathetic,0.11198,sympathetic,0.4421241590322791
3157,qRw6gOjwCbQ,UgykVeW-bTIv3bkKSS54AaABAg,-0.019066666666666666,neutral,-0.03188333333333334,neutral,0.3594066800529265
3158,2EM-F3VfwUI,UgykbHtJLPi9YkWHRTV4AaABAg,0.4019,sympathetic,0.11019999999999999,sympathetic,0.4487465375910994
3159,Djzvi2sVsdY,Ugykg1z3hnuRXFPvM-p4AaABAg,0.0,neutral,-0.10115,inflammatory,0.14304770183403856
3160,mgeeD8rYAwc,UgyklI6MsS_J7jZ9kwl4AaABAg,0.7845,sympathetic,0.17862,sympathetic,0.2994179386743553
3161,2EM-F3VfwUI,Ugykr-coqzY0AjCUoDx4AaABAg,-0.4588,inflammatory,-0.30548,inflammatory,0.2723911470661262
3162,Bngr9lb8MPY,Ugykv-Q9sAa_gORV7RB4AaABAg,0.0,neutral,-0.34,inflammatory,
3163,DgOOpBixH80,Ugykzzs72RSKvO4yTjp4AaABAg,0.128,sympathetic,-0.4767,inflammatory,
3164,4pM7DLEL7xA,Ugyl-MKmlTYRY7chtO54AaABAg,-0.624,inflammatory,-0.3493,inflammatory,0.5044147896325007
3165,OybJv6v8qKo,Ugyl6K8_LL2j3JQqJGx4AaABAg,-0.2004,inflammatory,-0.45175,inflammatory,0.12805703807288374
3166,xQEZ2SRu6bA,Ugyl8TTfZesY6lcsQqF4AaABAg,-0.024600000000000004,neutral,-0.5267,inflammatory,
3167,46xekr1CEUU,UgylAraRYtj1SfWq6Ip4AaABAg,-0.37390000000000007,inflammatory,0.15846666666666667,sympathetic,0.27447231797274807
3168,nihE9Yt3b-U,UgylHXGJGK75JQqOuIZ4AaABAg,0.0475,neutral,-0.49297500000000005,inflammatory,0.40920448331691905
3169,GPcb8SYe8tA,UgyllKPZ0VO7MyxJGtN4AaABAg,-0.09866666666666667,inflammatory,-0.06810000000000001,inflammatory,0.18017566428349863
3170,mMPRQSnKe9w,Ugylouf14lpDZsHVMR54AaABAg,-0.14420000000000002,inflammatory,0.66065,sympathetic,0.4234862512526233
3171,usjbT_SKy68,UgylqP2o246LEqQJBMx4AaABAg,-0.34175,inflammatory,0.22668,sympathetic,0.3260141285281974
3172,lZqHWBKkcos,Ugylwnu8X-UZLRekCSZ4AaABAg,-0.3024,inflammatory,-0.402825,inflammatory,0.3389942298286843
3173,xHIyM7-R8Yw,UgylxPLGIF81fKzXFsB4AaABAg,-0.3182,inflammatory,0.014671428571428571,neutral,0.03881695137804764
3174,Sy8scM6B_nU,Ugym-1ZC7pRcjgzzqKV4AaABAg,-0.008950000000000014,neutral,-0.0022199999999999664,neutral,0.43762215513690195
3175,Vm87-9F7OF4,Ugym1Wm0TLB2qgb5E0R4AaABAg,-0.13396666666666665,inflammatory,0.9349,sympathetic,
3176,ZggP67JsVfU,Ugym3ybwUgsXe-f97Ut4AaABAg,-0.23835,inflammatory,0.0011999999999999997,neutral,0.40709740849089177
3177,usjbT_SKy68,UgymDhzp44JT8FnCBrd4AaABAg,-0.7096,inflammatory,-0.07839999999999998,inflammatory,0.6744333695777516
3178,TybnJ6mrvI4,UgymKYbZj639INqKfAh4AaABAg,-0.028566666666666667,neutral,-0.31105,inflammatory,0.25793064959403333
3179,vMKNBsd_XYg,UgymN-mnufUGoiFuAW94AaABAg,-0.4215,inflammatory,-0.171125,inflammatory,0.2733599550043861
3180,7H-oD45q0MM,UgymO1KYKMz_9qWe1DV4AaABAg,-0.4496,inflammatory,-0.23835,inflammatory,0.33707780259162723
3181,p8UbRG5hbiM,UgymOUtZcapjktpbIMJ4AaABAg,-0.8591,inflammatory,-0.11885,inflammatory,0.4124299589021147
3182,fo6qLarJ52U,UgymPenadSh1QIlu9oF4AaABAg,-0.45185,inflammatory,-0.24693000000000004,inflammatory,0.4096235915786318
3183,fpVuA8E0KZs,UgymdKxwMdBm8dkjjIB4AaABAg,-0.3954,inflammatory,-0.1481857142857143,inflammatory,0.25311795951407995
3184,RuHOwKXtDek,UgymdrtO9GpfXHLabK14AaABAg,0.0,neutral,-0.08530000000000001,inflammatory,0.6014650280772774
3185,bd04zIyOCas,UgymdwZ6ia6j46AVaNt4AaABAg,-0.26632500000000003,inflammatory,-0.22455,inflammatory,0.10104555903155762
3186,SFr12qevR18,Ugymdz0OT2oY4mbWaL14AaABAg,-0.3151,inflammatory,0.04770833333333332,neutral,0.5173820506046559
3187,t5mmdQiyhxc,UgymfOM3BJgxtCQkPFp4AaABAg,0.3932,sympathetic,0.0517,sympathetic,0.28740037578263533
3188,ZSDPc8de7cw,Ugymm5_QMfgHmOXbezl4AaABAg,0.0772,sympathetic,-0.19723333333333334,inflammatory,0.22376425839113212
3189,p8UbRG5hbiM,UgymoyMil1pzWC5yB2p4AaABAg,-0.22815,inflammatory,0.17045,sympathetic,0.5991298548728814
3190,GpmP2vtnXcc,Ugymq0Ojz0xPYvDcTSp4AaABAg,0.0,neutral,-0.05296666666666667,inflammatory,0.1589
3191,z_1OsbwBfJ0,UgymrPjeuJKPYCcjHHh4AaABAg,0.049475000000000005,neutral,0.06335833333333334,sympathetic,0.32541626058252704
3192,NrEyGPb2fNI,UgymsJdmdTeGvkFzgL54AaABAg,0.0,neutral,0.0,neutral,
3193,50AKW9lBuNM,UgymvzaspQ4vVN3cNTh4AaABAg,-0.16748571428571427,inflammatory,-0.12661538461538457,inflammatory,0.372675428145712
3194,IJAwKvrhY58,Ugymxh2jNAufe6AVdG54AaABAg,-0.4956,inflammatory,-0.1298375,inflammatory,0.34481905373895533
3195,xEXaGltX3UA,Ugyn08Dn3KPvBuPLvVR4AaABAg,-0.31555,inflammatory,-0.0756,inflammatory,0.35673725345133217
3196,8QB4UxnzCrg,Ugyn3wWiqtnwYPPal054AaABAg,0.0,neutral,-0.0325828125,neutral,0.3612949248408754
3197,RuHOwKXtDek,Ugyn4N6U_rZL8pGB_2J4AaABAg,0.0745,sympathetic,-0.094625,inflammatory,0.27343914836237854
3198,DgOOpBixH80,Ugyn4cb2mHTuAoWI4Y94AaABAg,0.78525,sympathetic,0.23584,sympathetic,0.32466458538005033
3199,kin9OECNFRk,Ugyn4e_FjgjSb5GlbJl4AaABAg,0.3141,sympathetic,-0.2648,inflammatory,
3200,54oSf8j9Eh0,Ugyn5cJmSZLKTQyn1Bp4AaABAg,-0.5859,inflammatory,0.064725,sympathetic,0.28170820643252226
3201,DgOOpBixH80,UgynEB1dyKUEU6rQoFF4AaABAg,-0.18008571428571432,inflammatory,-0.09496,inflammatory,0.3754920330142077
3202,6Krjoo3fHtY,UgynERl84L6CIejQyvR4AaABAg,0.0,neutral,0.14049999999999999,sympathetic,0.24335313846342727
3203,7bTckdh1-W0,UgynLMpaLNWpsGv7kyp4AaABAg,0.0,neutral,0.07574444444444445,sympathetic,0.19456118003799672
3204,Sy8scM6B_nU,UgynNnvCSZiNmMOhVyR4AaABAg,-0.4767,inflammatory,-0.11566363636363636,inflammatory,0.44283020283789876
3205,VCwKVFgL6zU,UgynRKTEBbgqbpfTmmp4AaABAg,-0.08512,inflammatory,-0.12878333333333333,inflammatory,0.20753217019697612
3206,IJAwKvrhY58,UgynU8fW8-W5oveHCpZ4AaABAg,0.43125,sympathetic,-0.36769999999999997,inflammatory,0.6291836138997899
3207,fFsTLNhzylo,UgyneejLXUu1Pk36IIB4AaABAg,0.10606666666666666,sympathetic,0.3182,sympathetic,
3208,a7jLOtY-1VY,Ugynfc0OJV_86wbAT8d4AaABAg,0.020800000000000003,neutral,-0.1591,inflammatory,0.2250013777735594
3209,Taz-d2zn6Vg,Ugynp3b1tDtQRS0-qNB4AaABAg,-0.18379999999999996,inflammatory,-0.02018260869565217,neutral,0.3427891926430665
3210,OLgwMqMkgsg,Ugyntr_Xi0SIHoQVkhp4AaABAg,0.0,neutral,0.1806,sympathetic,0.25540696936458096
3211,54oSf8j9Eh0,UgynufoHcngODXYWom14AaABAg,-0.46736666666666665,inflammatory,-0.20625,inflammatory,0.6017007234128571
3212,p8UbRG5hbiM,Ugyo40IWCCGPk_cPdyt4AaABAg,0.2681,sympathetic,-0.05922857142857142,inflammatory,0.36840431916707
3213,xHIyM7-R8Yw,Ugyo4vjrBE44i8KhzP14AaABAg,0.21436666666666668,sympathetic,-0.4019,inflammatory,
3214,t5mmdQiyhxc,Ugyo6SvNcYZeKn6HUxh4AaABAg,-0.6129333333333333,inflammatory,-0.4536166666666667,inflammatory,0.202807045406876
3215,t5mmdQiyhxc,UgyoMUWAJaVh3VWFYnZ4AaABAg,0.0,neutral,0.0039000000000000146,neutral,0.7052128685723198
3216,50AKW9lBuNM,UgyoMqfRUiCus_YHE3x4AaABAg,-0.6689,inflammatory,-0.20925000000000002,inflammatory,0.3954929063839199
3217,6GfCWFftDSA,UgyoRS0ivEKpf-owzFx4AaABAg,-0.41695000000000004,inflammatory,0.0009874999999999884,neutral,0.38414179836357304
3218,d6Pee6Fyvoo,UgyoZPti4jEOyvhTRy54AaABAg,-0.01535000000000003,neutral,0.2553,sympathetic,0.3610487224738512
3219,Djzvi2sVsdY,UgyobwbO2fdhn1mS0gZ4AaABAg,0.0352,neutral,0.014274999999999996,neutral,0.5427567126868784
3220,46xekr1CEUU,Ugyogc9R5FPKDvLBwVt4AaABAg,-0.17,inflammatory,0.06324,sympathetic,0.2675623441368385
3221,fpVuA8E0KZs,Ugyoi9dQi__W090qyyt4AaABAg,-0.08895,inflammatory,-0.15555,inflammatory,0.3384204190057095
3222,mgeeD8rYAwc,Ugyou5D9hlwBMnX4Sgt4AaABAg,0.07935,sympathetic,-0.1328076923076923,inflammatory,0.3285218801986114
3223,taaC2Q6ZX0o,UgyovEbSXi-q-S9B77N4AaABAg,0.0,neutral,0.48383333333333334,sympathetic,0.15721553146344458
3224,2ytZhL25V4w,UgyoxByqxTJSYqgjBtx4AaABAg,-0.4404,inflammatory,0.04807777777777779,neutral,0.4511625643207163
3225,iCknHYY2wmw,UgyoyvhoMqkD70Olcbh4AaABAg,0.0,neutral,-0.12193333333333334,inflammatory,0.18929134510941947
3226,psP1uxfO6CQ,UgyoziuzBiX90EED8at4AaABAg,-0.6808,inflammatory,0.07655,sympathetic,0.10825804819966044
3227,p8UbRG5hbiM,Ugyp1UX_VPVVXy1hDLx4AaABAg,0.21075,sympathetic,0.30696666666666667,sympathetic,0.5316818628967264
3228,6GfCWFftDSA,Ugyp88jt0MiHU_JN7tJ4AaABAg,-0.2732,inflammatory,-0.029589999999999988,neutral,0.28342020805393064
3229,aWOy271EIKU,Ugyp8C1w-xu4y7vqAWh4AaABAg,0.0,neutral,0.0,neutral,0.0
3230,Djzvi2sVsdY,UgypFX3_Wf-zPhrg6Il4AaABAg,0.0797,sympathetic,-0.20166666666666666,inflammatory,0.5285944128850902
3231,7bTckdh1-W0,UgypFXcA1w2eZK4g7xV4AaABAg,-0.5106,inflammatory,0.03702222222222222,neutral,0.4465660583211004
3232,qYbQZNOX9zc,UgypLEo1laJeq6-L2_J4AaABAg,-0.26913333333333334,inflammatory,-0.33030000000000004,inflammatory,0.2882300123165525
3233,_BS6EnE31XM,UgypMS6LreBT-ZRkRb94AaABAg,0.0,neutral,-0.15707,inflammatory,0.4289864308913382
3234,kzEZ-0ym5Xg,UgypTdvGaeFGIhVp3dF4AaABAg,0.3128166666666667,sympathetic,0.41136249999999996,sympathetic,0.34615721835811625
3235,Tss1BYWFbtI,UgypVsEVzs2WPDuTF-x4AaABAg,-0.8083,inflammatory,-0.12120666666666668,inflammatory,0.3910791561576152
3236,iDuNFBjJ774,UgypXhnfMRH-gCvtKbh4AaABAg,-0.0024999999999999836,neutral,0.296,sympathetic,
3237,Z6DD4PaM0zg,UgypcKTxgH3m4DTfVlF4AaABAg,0.7906,sympathetic,-0.0862,inflammatory,0.5219191489110167
3238,z_1OsbwBfJ0,Ugypf48OUki7sHTaoyZ4AaABAg,-0.2202,inflammatory,0.04587857142857143,neutral,0.4185134317825625
3239,qRw6gOjwCbQ,Ugypfvn6C_kU4t_c7wl4AaABAg,-0.4312333333333333,inflammatory,0.0,neutral,
3240,eE61i2y1mJ0,UgypntKWlyXbCdBS4094AaABAg,0.0,neutral,0.24852,sympathetic,0.34485447220530574
3241,eAF4_2edowo,Ugyps4oUsPIcZ8jLhHh4AaABAg,-0.0258,neutral,0.039360000000000006,neutral,0.48344159212876997
3242,qYbQZNOX9zc,Ugyptjoyz8lbhXWa5wB4AaABAg,-0.78915,inflammatory,-0.2237428571428571,inflammatory,0.37764214037958765
3243,qRw6gOjwCbQ,Ugypv7SpgCty5m-1nZp4AaABAg,-0.7983,inflammatory,-0.04031666666666667,neutral,0.3737305254681061
3244,lP_9nYehuss,UgypvbXfEx7Djm9OJCZ4AaABAg,0.5134,sympathetic,-0.20185,inflammatory,0.3407891933229607
3245,LRt16Fm8HtE,Ugypx1BEa-aFBLdCiod4AaABAg,0.0,neutral,0.8807,sympathetic,
3246,_BS6EnE31XM,Ugyq2jt1GtfvJgmZnvd4AaABAg,0.0,neutral,0.1305,sympathetic,0.3351784463671417
3247,8zjWbdItFTo,Ugyq4GL1ribpMEAmdKd4AaABAg,0.1027,sympathetic,-0.13394,inflammatory,0.38135654125182583
3248,fpVuA8E0KZs,Ugyq7Qpktj7rsIKXKqZ4AaABAg,-0.5859,inflammatory,-0.01201250000000001,neutral,0.36642265384389106
3249,lP_9nYehuss,Ugyq8AvoIyH1s6CMdVR4AaABAg,-0.1027,inflammatory,0.16907777777777777,sympathetic,0.20507176657074092
3250,3L2BXNMGTew,Ugyq8xiYvzuQvB7geN94AaABAg,-0.00039999999999999297,neutral,0.10102857142857143,sympathetic,0.3983558656707413
3251,7bTckdh1-W0,Ugyq9GfPlLzjr7ei7d54AaABAg,-0.053824999999999984,inflammatory,0.5267,sympathetic,
3252,tKdJkhBFqtI,UgyqApdNagzqmd07klB4AaABAg,0.5719,sympathetic,0.08431818181818183,sympathetic,0.4322735333517004
3253,d6Pee6Fyvoo,UgyqCgkB9EVGM1qDzr94AaABAg,-0.4215,inflammatory,0.12821,sympathetic,0.35659770189949347
3254,xHIyM7-R8Yw,UgyqGGdDsshf_BjyPkZ4AaABAg,-0.04035,neutral,-0.027525,neutral,0.36919187326607594
3255,_eEEC7bs9QQ,UgyqN-bm-eeSTKY9vAF4AaABAg,0.08213809523809523,sympathetic,0.13346538461538462,sympathetic,0.4257863736122214
3256,a7jLOtY-1VY,UgyqQB5j_tYoYUynHyR4AaABAg,0.0,neutral,-0.5574,inflammatory,
3257,yySFCBFXevg,UgyqRwL6KL5GxFuHOux4AaABAg,-0.4922,inflammatory,-0.3243,inflammatory,0.4586294582775947
3258,DgOOpBixH80,Ugyqe1-_ErNXlhuWkcR4AaABAg,-0.61755,inflammatory,0.046034374999999995,neutral,0.3270156664461054
3259,VCwKVFgL6zU,UgyqerQ4eE0PTH2PXsV4AaABAg,-0.13720000000000004,inflammatory,-0.14990000000000003,inflammatory,0.5727143371699367
3260,zx3JMdSDTJs,UgyqkrwPA4fjJe_6S7d4AaABAg,-0.2989,inflammatory,-0.07746666666666667,inflammatory,0.5329939611915567
3261,xHIyM7-R8Yw,UgyqlKpgVZB24cYKdw14AaABAg,-0.1366,inflammatory,-0.1027,inflammatory,
3262,4pM7DLEL7xA,UgyqsOS7qq5EC9kwOSF4AaABAg,-0.7906,inflammatory,-0.2155625,inflammatory,0.3791473740513048
3263,xHIyM7-R8Yw,UgyqvdGtWWm1cPWbO6l4AaABAg,-0.2732,inflammatory,-0.23858636363636368,inflammatory,0.3102046241641376
3264,p8UbRG5hbiM,UgyrCReuRivn65X8kk94AaABAg,-0.03423333333333333,neutral,0.15708750000000002,sympathetic,0.2637413204394466
3265,mgeeD8rYAwc,UgyrEWFDfxsDlrJvQ_54AaABAg,0.2584,sympathetic,0.042666666666666665,neutral,0.0739008344562721
3266,46xekr1CEUU,UgyrGhxR92asOmMy9f54AaABAg,0.0516,sympathetic,-0.003937499999999983,neutral,0.4015821849260746
3267,50AKW9lBuNM,UgyrHGw8dageTFhHX2t4AaABAg,-0.27037500000000003,inflammatory,0.13866666666666666,sympathetic,0.4052335606371549
3268,kin9OECNFRk,UgyrIqEJPVsN8VKktjZ4AaABAg,0.021166666666666667,neutral,0.6369,sympathetic,
3269,xHIyM7-R8Yw,UgyrQCSTnoibTYBOpz14AaABAg,-0.148,inflammatory,-0.06502857142857142,inflammatory,0.31761528990423676
3270,z_1OsbwBfJ0,UgyrUsP6l74TE09yApd4AaABAg,0.041224999999999984,neutral,-0.1056,inflammatory,0.318125164047109
3271,GpmP2vtnXcc,UgyrXtKFteD39Jf7Tv54AaABAg,0.0,neutral,0.0,neutral,0.0
3272,mja0Lze2l0c,UgyrYS5vpb7C9pHeNBt4AaABAg,-0.3155,inflammatory,0.13044999999999998,sympathetic,0.2029898889107534
3273,_BS6EnE31XM,Ugyr_IxyzhN4yblVHyJ4AaABAg,0.2732,sympathetic,0.1596125,sympathetic,0.4318710834017154
3274,DgOOpBixH80,UgyrbqnICNWOw0nOSiR4AaABAg,-0.5423,inflammatory,0.26539999999999997,sympathetic,0.386673091900639
3275,lZqHWBKkcos,UgyrgYLMAgwWN9oKuBl4AaABAg,0.10891999999999999,sympathetic,-0.3804,inflammatory,
3276,fo6qLarJ52U,UgyrnakyquFYG9cCZWd4AaABAg,-0.7906,inflammatory,-0.8429,inflammatory,
3277,fo6qLarJ52U,UgyrpKFxc_-zE1RaMgZ4AaABAg,-0.1027,inflammatory,-0.296,inflammatory,
3278,7H-oD45q0MM,Ugyrqf5Pf82VNEOI8-N4AaABAg,-0.254,inflammatory,-0.0399625,neutral,0.5126689852066898
3279,WcIOWDNlR7s,Ugys-wC-TnJut0W8XIR4AaABAg,-0.12326,inflammatory,-0.16612857142857143,inflammatory,0.42782474883331106
3280,xEXaGltX3UA,Ugys4uDltu5GWm8RRE94AaABAg,-0.7579,inflammatory,0.029280000000000018,neutral,0.44757865305068634
3281,vMKNBsd_XYg,Ugys92CpSP3-KC9Wh5x4AaABAg,0.0,neutral,0.13005000000000003,sympathetic,0.28415480112079755
3282,5bjJBcpy9sU,UgysE8UlFQrBezOgSGd4AaABAg,-0.23835,inflammatory,-0.23835,inflammatory,0.33707780259162723
3283,7H-oD45q0MM,UgysGJV5jqNjbN6r4Vp4AaABAg,-0.169775,inflammatory,-0.08934444444444445,inflammatory,0.4009034987098239
3284,TybnJ6mrvI4,UgysHobW88p1s3DDF2h4AaABAg,-0.0737,inflammatory,0.2035,sympathetic,0.407
3285,4pM7DLEL7xA,UgysM9KhURH2bJbbVqh4AaABAg,-0.07925000000000001,inflammatory,-0.003566666666666667,neutral,0.2843631598267727
3286,50AKW9lBuNM,UgysOsXs8Ht4s1HaxvV4AaABAg,-0.8192,inflammatory,0.4215,sympathetic,
3287,z_1OsbwBfJ0,UgysRUIhEkzZamC_R4l4AaABAg,0.0251,neutral,0.11241666666666668,sympathetic,0.44688951213986444
3288,46xekr1CEUU,UgysRdVNBqPbv0tWkDt4AaABAg,0.0,neutral,0.0,neutral,
3289,NrEyGPb2fNI,UgysVlCP_sG4n2nY9_d4AaABAg,-0.055050000000000016,inflammatory,0.23765,sympathetic,0.336087853097966
3290,6GfCWFftDSA,UgysWUcLNqadLCoM4QV4AaABAg,0.0,neutral,0.08106,sympathetic,0.24277441792742496
3291,nihE9Yt3b-U,UgysX9DHYBEMY4IFvLV4AaABAg,-0.33558571428571426,inflammatory,0.18785,sympathetic,0.33431679437324113
3292,3L2BXNMGTew,UgyseOSwwj6qVtQD5fR4AaABAg,-0.4767,inflammatory,0.0,neutral,
3293,GPcb8SYe8tA,Ugysih3BLZPeUOj-8SB4AaABAg,0.0,neutral,0.09212500000000001,sympathetic,0.3500348685012204
3294,Djzvi2sVsdY,Ugysiy95iQxY_e5OwJR4AaABAg,0.0,neutral,0.08399999999999999,sympathetic,0.29981327522309614
3295,46xekr1CEUU,Ugysohk8Hr71OBr3tkt4AaABAg,0.25462500000000005,sympathetic,0.08761111111111111,sympathetic,0.4093265586716637
3296,Tss1BYWFbtI,Ugyt-j_r8yDpMAG0JD14AaABAg,-0.5423,inflammatory,0.035574999999999996,neutral,0.3237009587787557
3297,Taz-d2zn6Vg,Ugyt39lReI725ZaoRPJ4AaABAg,-0.2406,inflammatory,0.08682500000000001,sympathetic,0.33594605753220047
3298,LRt16Fm8HtE,Ugyt3nTfYLMtXvhEpi54AaABAg,0.0,neutral,0.0,neutral,
3299,lZqHWBKkcos,Ugyt6fXDZigUUGPxDTp4AaABAg,-0.599675,inflammatory,-0.7096,inflammatory,
3300,Umco8iQzKbs,Ugyt76qV3adupEMYlcJ4AaABAg,-0.35853333333333337,inflammatory,0.15428888888888886,sympathetic,0.41144089625499203
3301,lhdAgnXWzFA,Ugyt7IZVZGtI6f8Vrjp4AaABAg,-0.30329999999999996,inflammatory,0.06981875,sympathetic,0.3299799351854594
3302,7bTckdh1-W0,UgytBLD0-nP60umhV554AaABAg,-0.5904,inflammatory,-0.22535,inflammatory,0.3916664460992286
3303,9dn7N5-EKRE,UgytBwIE-nKmHMUYyt14AaABAg,0.0,neutral,0.03351666666666666,neutral,0.30129385268648723
3304,_BS6EnE31XM,UgytC7V5-T2OBzMVWJR4AaABAg,-0.7506,inflammatory,-0.03158333333333333,neutral,0.27333859893302054
3305,gc-7CsqGK9o,UgytCFZH3Exw9IYd7714AaABAg,-0.341,inflammatory,-0.05969230769230768,inflammatory,0.359038829055063
3306,7bTckdh1-W0,UgytFFBi8RORQPhinSB4AaABAg,0.2732,sympathetic,0.01293333333333334,neutral,0.407327936066261
3307,bd04zIyOCas,UgytGwpRIhD9bVPYLxd4AaABAg,0.891,sympathetic,-0.0064999999999999945,neutral,0.2776526787192949
3308,aGLmGnuYb_8,UgytKz3bkRMtVWCycNZ4AaABAg,-0.4767,inflammatory,-0.011924999999999998,neutral,0.280425934963227
3309,Y1vPwS2h088,UgytQ2s4D31KY0g6c9t4AaABAg,-0.4767,inflammatory,0.0,neutral,
3310,6GfCWFftDSA,UgytaQBGpqlDpWm-XbF4AaABAg,0.0,neutral,-0.02913999999999999,neutral,0.4579171518954056
3311,OybJv6v8qKo,Ugytbkh_zYhIlQnbPBp4AaABAg,0.6156,sympathetic,-0.4767,inflammatory,
3312,qRw6gOjwCbQ,Ugytn9yzGmzH9nZLwRF4AaABAg,0.0,neutral,0.0,neutral,
3313,WcIOWDNlR7s,UgytoNwsXDQOYGjS9UV4AaABAg,0.6239,sympathetic,0.2235,sympathetic,0.7346839456528229
3314,OybJv6v8qKo,UgytrNhpIOjsYW5ZgT14AaABAg,-0.32985,inflammatory,-0.15689166666666665,inflammatory,0.3361148706735225
3315,nihE9Yt3b-U,UgytxokdhSZq2vLLyYp4AaABAg,0.0,neutral,-0.2559,inflammatory,0.30130547953862374
3316,nihE9Yt3b-U,UgytyX394prrN6gP5394AaABAg,-0.29295,inflammatory,-0.3853749999999999,inflammatory,0.3208384866829992
3317,qYbQZNOX9zc,Ugyu6pvo5iczEyTfzv54AaABAg,-0.1591,inflammatory,-0.2895111111111111,inflammatory,0.3122267663271538
3318,6GfCWFftDSA,Ugyu7ydGmO9-KeoQJ1V4AaABAg,0.5004666666666667,sympathetic,0.2577625,sympathetic,0.5193419103263558
3319,5bjJBcpy9sU,UgyuEuf4quki84WXRtV4AaABAg,-0.37515,inflammatory,0.0443,neutral,0.1329
3320,dR8H-nQkz4k,UgyuIWeIzVMl1RAWDR54AaABAg,0.178825,sympathetic,0.23508,sympathetic,0.2194382646668534
3321,2EM-F3VfwUI,UgyuLTqRz90ecrgONFd4AaABAg,-0.09840000000000002,inflammatory,-0.1315,inflammatory,0.445818774840181
3322,_BS6EnE31XM,UgyuOFMf7wOKDQXmy1h4AaABAg,-0.5709,inflammatory,-0.4588,inflammatory,
3323,2ytZhL25V4w,UgyuTNAcQftF9Eiwwgd4AaABAg,-0.3294,inflammatory,-0.31053333333333333,inflammatory,0.5378595107770554
3324,DgOOpBixH80,UgyuUwcz2vntU8CFA6p4AaABAg,-0.3548,inflammatory,-0.12867142857142858,inflammatory,0.35339676205162296
3325,nihE9Yt3b-U,UgyueYI7lbK_Ds-DaNp4AaABAg,0.0,neutral,-0.3032,inflammatory,0.3253286785558708
3326,46xekr1CEUU,UgyueZ9DnQqV0K-R3bx4AaABAg,0.6369,sympathetic,0.0,neutral,0.0
3327,xXAIcenT5KQ,UgyuwxDhaAAVx7Qe4yp4AaABAg,-0.1531,inflammatory,0.0797,sympathetic,0.23295291369716756
3328,d6Pee6Fyvoo,Ugyv2aWtfcFEE5TtVUV4AaABAg,-0.08569999999999997,inflammatory,0.0,neutral,
3329,pePQ6YdNww4,Ugyv3m9c0FnzNUmAFoJ4AaABAg,0.4588,sympathetic,0.3612,sympathetic,
3330,TybnJ6mrvI4,Ugyv9fqOMihvXVPK6WV4AaABAg,0.29569999999999996,sympathetic,-0.2326166666666667,inflammatory,0.2711962272353114
3331,a7jLOtY-1VY,UgyvDBYw6lAk9jydvBh4AaABAg,-0.2483125,inflammatory,-0.4728,inflammatory,
3332,Taz-d2zn6Vg,UgyvDhVu0vW_8WHPbtt4AaABAg,0.2202,sympathetic,-0.084,inflammatory,0.35816545059511257
3333,qRw6gOjwCbQ,UgyvE-IEd7C42846_sd4AaABAg,-0.3182,inflammatory,-0.27135,inflammatory,0.2923337869627799
3334,_BS6EnE31XM,UgyvHd-erRQFHCEAhYJ4AaABAg,-0.4853,inflammatory,-0.2823,inflammatory,0.314636933623502
3335,2EM-F3VfwUI,UgyvIAWvNs7XEE1Ih-N4AaABAg,-0.17804999999999999,inflammatory,-0.1738666666666667,inflammatory,0.5768001849283106
3336,NrEyGPb2fNI,UgyvN_X_SLlwWFybhJh4AaABAg,0.0258,neutral,0.4939,sympathetic,
3337,ZSDPc8de7cw,UgyvRuQ50mrcXQtdBVV4AaABAg,-0.29964999999999997,inflammatory,-0.0883375,inflammatory,0.3278941986917644
3338,yySFCBFXevg,UgyvSfT90y3eTJrFPqV4AaABAg,0.1027,sympathetic,0.07220000000000001,sympathetic,0.5207134336657736
3339,qRw6gOjwCbQ,UgyvW76vBhCU9DxIV8p4AaABAg,-0.4019,inflammatory,-0.026439999999999998,neutral,0.5237293318117671
3340,mja0Lze2l0c,UgyvibSqgAZzKkDwMBB4AaABAg,-0.0258,neutral,0.21164,sympathetic,0.4578520372347381
3341,xEXaGltX3UA,Ugyvj2d3Ldl0xeqoi4d4AaABAg,-0.2092,inflammatory,0.0,neutral,
3342,lqvigepgbqI,UgyvnkO4Y-GAWrxM4nJ4AaABAg,-0.26335,inflammatory,-0.00855000000000003,neutral,0.4797589841338491
3343,lqvigepgbqI,UgyvoVGLT3waiLmiHDt4AaABAg,-0.16949999999999998,inflammatory,-0.23319999999999994,inflammatory,0.39392154041128546
3344,OLgwMqMkgsg,Ugyvp9faBAhrg0xP_AF4AaABAg,-0.28305,inflammatory,-0.0817,inflammatory,0.21615788211397705
3345,xXAIcenT5KQ,Ugyvrplbwvk7Dn7mFn14AaABAg,-0.2776,inflammatory,-0.1264625,inflammatory,0.4044817351959701
3346,lZqHWBKkcos,Ugyw7xt8xFqOg7bnClx4AaABAg,0.49905,sympathetic,0.20995,sympathetic,0.2969141374202313
3347,vMKNBsd_XYg,UgywDpVjdD-dpKmFPs14AaABAg,-0.0172,neutral,0.06459,sympathetic,0.2927602714774591
3348,UGdWOPXE4Pc,UgywIHPaZ5I_awIQXsx4AaABAg,0.0,neutral,-0.06783636363636364,inflammatory,0.48274813779594694
3349,pePQ6YdNww4,UgywJ5zCPwi38c9lF394AaABAg,0.6369,sympathetic,-0.06745999999999999,inflammatory,0.5371220745789546
3350,lhdAgnXWzFA,UgywNKUK3zrrWJlRWfl4AaABAg,-0.1272,inflammatory,0.0,neutral,
3351,kin9OECNFRk,UgywS-Mm7TohHcpEUaZ4AaABAg,0.3182,sympathetic,0.0193,neutral,0.0386
3352,6Krjoo3fHtY,UgywSvF1LENujkVBrG94AaABAg,0.8271,sympathetic,0.05188,sympathetic,0.33964050406275165
3353,Bn7WbKVar1I,UgywYx47notQv4pV4rl4AaABAg,-0.40806,inflammatory,-0.12001666666666666,inflammatory,0.18780354008023029
3354,IJAwKvrhY58,UgywsMyFt7zWYvxBbsp4AaABAg,-0.1366,inflammatory,-0.0691,inflammatory,0.4353412875740902
3355,SFr12qevR18,UgywvQ7JlMHgllZb4554AaABAg,-0.6249,inflammatory,0.059819999999999984,sympathetic,0.4556725655555752
3356,6D_RgBOrjI0,Ugyx5-wkFQVUUluTjwZ4AaABAg,-0.44556666666666667,inflammatory,0.11411111111111112,sympathetic,0.30290093861048223
3357,4pM7DLEL7xA,Ugyx6wwDThgifyZkANZ4AaABAg,-0.12345,inflammatory,-0.06364,inflammatory,0.1423033660880866
3358,UGdWOPXE4Pc,Ugyx8AyFYDGQgjO7Kgl4AaABAg,-0.6124,inflammatory,0.10115,sympathetic,0.14304770183403856
3359,_BS6EnE31XM,UgyxBSv00hVDp2_gZtd4AaABAg,0.0,neutral,0.142375,sympathetic,0.20027672819662012
3360,xXAIcenT5KQ,UgyxK2oaw36pWNo_reN4AaABAg,0.23585,sympathetic,-0.22972307692307695,inflammatory,0.39471118587697795
3361,UGdWOPXE4Pc,UgyxNvHEj14ZCS36_Wt4AaABAg,0.08038,sympathetic,0.18892857142857142,sympathetic,0.3267547332699034
3362,zx3JMdSDTJs,UgyxOGVHOKyD1kxjM-l4AaABAg,-0.125,inflammatory,-0.05435000000000004,inflammatory,0.6452349378327247
3363,8zjWbdItFTo,UgyxSuuV-Kf0K3Ehb154AaABAg,0.0,neutral,0.0,neutral,
3364,zx3JMdSDTJs,UgyxTVqoZh6PYs-R1KR4AaABAg,-0.16854999999999998,inflammatory,-0.05135882352941176,inflammatory,0.35275626333706595
3365,46xekr1CEUU,UgyxUV8xq_rsERH_1mV4AaABAg,0.11315,sympathetic,0.07256666666666667,sympathetic,0.42955249097170883
3366,lqvigepgbqI,UgyxVcxmhMvHMfQw1DZ4AaABAg,0.5411,sympathetic,0.13392500000000002,sympathetic,0.24898543130070885
3367,nihE9Yt3b-U,UgyxXSPNwAYPsoytZxN4AaABAg,-0.1322222222222222,inflammatory,0.1824,sympathetic,0.21654818401455136
3368,dR8H-nQkz4k,UgyxXY6GAVewDoYk6xx4AaABAg,0.4047,sympathetic,-0.10353333333333332,inflammatory,0.30286011209797836
3369,OLgwMqMkgsg,Ugyx_vBNaC8dWukynfR4AaABAg,-0.19717500000000002,inflammatory,0.0011615384615384704,neutral,0.475508237815886
3370,nihE9Yt3b-U,UgyxaIsRhriKWot-eld4AaABAg,-0.2732,inflammatory,-0.39770000000000005,inflammatory,0.31147438417950196
3371,TybnJ6mrvI4,Ugyxj2wiVsWz2T5yi5J4AaABAg,-0.37495,inflammatory,-0.05132499999999999,inflammatory,0.447447790250438
3372,pgZTLDI3AAA,Ugyxl482CecoUqTGU0l4AaABAg,-0.2732,inflammatory,-0.06938,inflammatory,0.43128670510462064
3373,z_1OsbwBfJ0,UgyxmNTEMonku0IPLP54AaABAg,-0.46767500000000006,inflammatory,-0.12275135135135136,inflammatory,0.41772961325454266
3374,eE61i2y1mJ0,UgyxrB1U6PFhOyQIvXF4AaABAg,-0.2441333333333333,inflammatory,0.059171428571428576,sympathetic,0.33772734917526653
3375,xHIyM7-R8Yw,UgyxrjKctiRsmKR3Ji54AaABAg,0.87,sympathetic,-0.03605,neutral,0.37073785116401897
3376,OqB0y-8Ej0c,Ugyxv6RM3MdtogyQ9_R4AaABAg,-0.6597,inflammatory,0.07307272727272728,sympathetic,0.3956680934594274
3377,X4jrbP6ZnP4,Ugyy-8Jz4mCSe9x-Ovd4AaABAg,-0.1772,inflammatory,-0.16896,inflammatory,0.4197189408798861
3378,UGdWOPXE4Pc,Ugyy4VuRPh3IdZGC-eh4AaABAg,0.3724,sympathetic,0.03289166666666666,neutral,0.39879196093459635
3379,Tss1BYWFbtI,UgyyCyFWR6ePpHKCJkZ4AaABAg,-0.5423,inflammatory,0.08934,sympathetic,0.5373189025150706
3380,vMKNBsd_XYg,UgyyDfmwbi6lQZrgqg94AaABAg,0.0,neutral,0.12631666666666666,sympathetic,0.3094113793425618
3381,mgeeD8rYAwc,UgyyEcFNSqwmgsul7JF4AaABAg,-0.2732,inflammatory,0.12940000000000002,sympathetic,0.21050301660546342
3382,GPcb8SYe8tA,UgyyG9VCs-w42iBCrM94AaABAg,0.33525,sympathetic,0.6124,sympathetic,
3383,yySFCBFXevg,UgyyHCcq-o0Uij0Q7oJ4AaABAg,0.2202,sympathetic,0.04286000000000001,neutral,0.4735585370363415
3384,WcIOWDNlR7s,UgyyIn02e8BoDkT1Hxx4AaABAg,0.15550000000000003,sympathetic,0.14575,sympathetic,0.3465841352078565
3385,8QB4UxnzCrg,UgyyIn99vNH5N8VJIlN4AaABAg,0.0,neutral,-0.2246285714285714,inflammatory,0.42517793026091133
3386,mja0Lze2l0c,UgyyLaL9dnxttJQQbCt4AaABAg,0.1655,sympathetic,0.0,neutral,0.0
3387,xHIyM7-R8Yw,UgyyLv9KPe-W3UKdetd4AaABAg,0.58775,sympathetic,-0.03275,neutral,0.3236464755776682
3388,eAF4_2edowo,UgyyRalrFQ6Ju-bQLaR4AaABAg,0.5859,sympathetic,-0.024900000000000005,neutral,0.27837303748746933
3389,Bn7WbKVar1I,UgyyV5_Fp1GO5ONjZvl4AaABAg,-0.2106857142857143,inflammatory,0.10744375,sympathetic,0.3448360808050689
3390,46xekr1CEUU,UgyyWUf5m9eS4709PSR4AaABAg,-0.5707,inflammatory,0.007066666666666647,neutral,0.4807944994139042
3391,vMKNBsd_XYg,UgyycYEtRmFU3XYmACR4AaABAg,0.0,neutral,0.0386,neutral,0.054588643507601474
3392,54oSf8j9Eh0,Ugyyd4TIxvpfGlKVwQl4AaABAg,0.1905,sympathetic,-0.19743333333333335,inflammatory,0.33089742620133306
3393,z_1OsbwBfJ0,UgyydQUMyjZ0M9YMpQx4AaABAg,0.2105,sympathetic,-0.04104545454545456,neutral,0.42079906692775915
3394,6D_RgBOrjI0,Ugyye-39CzJA1Q2qBuN4AaABAg,-0.5859,inflammatory,-0.2502625,inflammatory,0.4297206731869968
3395,lqvigepgbqI,UgyygknZc2bkVYWTe0t4AaABAg,0.0,neutral,-0.01763,neutral,0.37240250939004155
3396,lqvigepgbqI,Ugyyqi69EAO38QA5DZJ4AaABAg,0.20310000000000003,sympathetic,-0.12738,inflammatory,0.28483033897392324
3397,xHIyM7-R8Yw,Ugyysw0-CfVf1MZoTot4AaABAg,0.1226,sympathetic,-0.2607,inflammatory,0.4358175443921458
3398,d6Pee6Fyvoo,Ugyyw6I_4L-4d1CRztN4AaABAg,0.11315,sympathetic,-0.32330000000000003,inflammatory,0.2801797994145902
3399,2ytZhL25V4w,Ugyz1JL1_TEgW2Fvswd4AaABAg,-0.1298,inflammatory,0.096875,sympathetic,0.49178404050965296
3400,t5mmdQiyhxc,Ugyz2lMzy6um5NCkh-Z4AaABAg,-0.0258,neutral,-0.23722222222222225,inflammatory,0.37036828217929846
3401,zfQxhG5oWdU,Ugyz3KvvDofKTWpWbI14AaABAg,-0.009240000000000026,neutral,-0.15329090909090912,inflammatory,0.4305576092802111
3402,2ytZhL25V4w,Ugyz9pCMgAFXMGdsn114AaABAg,0.07655,sympathetic,-0.34,inflammatory,
3403,DgOOpBixH80,UgyzDqhA6KRV7qq8UDl4AaABAg,0.2263,sympathetic,0.12040000000000001,sympathetic,0.1865228779533492
3404,lZqHWBKkcos,UgyzEnIBB3gmfUu1Zyl4AaABAg,-0.36146666666666666,inflammatory,-0.13956923076923078,inflammatory,0.2754459123694263
3405,6D_RgBOrjI0,UgyzIfT8Iy4b6cRZ6Oh4AaABAg,-0.4679,inflammatory,0.04946666666666666,neutral,0.20668829994301402
3406,aGLmGnuYb_8,UgyzKZN-83EFcl-Ce1V4AaABAg,-0.28535,inflammatory,-0.44098333333333334,inflammatory,0.4187949592327824
3407,fpVuA8E0KZs,UgyzQ5rCFawSS2uvSMB4AaABAg,-0.34,inflammatory,-0.31203000000000003,inflammatory,0.40932340392408545
3408,mja0Lze2l0c,UgyzbTkY6_T7FK6kW7N4AaABAg,-0.2732,inflammatory,0.0,neutral,0.0
3409,z_1OsbwBfJ0,Ugyzc12SRSElmOW1kyh4AaABAg,-0.6991666666666667,inflammatory,-0.025658064516129005,neutral,0.4652355358842039
3410,X4jrbP6ZnP4,UgyzxlqfNJImyfXfRuZ4AaABAg,-0.35525,inflammatory,0.02310000000000001,neutral,0.706823938474073
3411,GPcb8SYe8tA,UgyzxoB7ot0WwB3ZRaV4AaABAg,0.3624,sympathetic,-0.27115,inflammatory,0.3834640074374647
3412,lP_9nYehuss,Ugz--isE_0wYs1q9iN14AaABAg,-0.058499999999999996,inflammatory,-0.132475,inflammatory,0.36557498644503256
3413,xHIyM7-R8Yw,Ugz-3VGylqeytjVIP814AaABAg,-0.6486,inflammatory,-0.2463,inflammatory,0.40529134705789116
3414,IJAwKvrhY58,Ugz-4YIXzG1WoHQuj3p4AaABAg,-0.4588,inflammatory,0.12020000000000002,sympathetic,0.36882859743478985
3415,bd04zIyOCas,Ugz-BhQXpjbmK3eE8d94AaABAg,0.22319999999999998,sympathetic,0.4237666666666667,sympathetic,0.7812360548088736
3416,p8UbRG5hbiM,Ugz-EKadO6NCMGdY9H94AaABAg,0.2377,sympathetic,0.0956,sympathetic,0.48165746750154304
3417,eE61i2y1mJ0,Ugz-aUYmPgSGG2evzAl4AaABAg,-0.5041,inflammatory,0.0868,sympathetic,0.2613436052403043
3418,fpVuA8E0KZs,Ugz-bj--IE8c0N8so7h4AaABAg,0.0,neutral,-0.209,inflammatory,0.418
3419,d6Pee6Fyvoo,Ugz-fZ5elhOlDlmjND14AaABAg,0.0,neutral,0.0,neutral,0.0
3420,VCwKVFgL6zU,Ugz-h1PUZjfnNtENNnp4AaABAg,-0.0516,inflammatory,-0.1854333333333333,inflammatory,0.39814161634607687
3421,vMKNBsd_XYg,Ugz-hMUSh6BO0S0CYmF4AaABAg,0.37095,sympathetic,-0.14176,inflammatory,0.3169849964903702
3422,TybnJ6mrvI4,Ugz-l9lw9mwqHoBsdp14AaABAg,-0.1531,inflammatory,0.1178875,sympathetic,0.37050802743376177
3423,fo6qLarJ52U,Ugz-lY89m35YryZNxxR4AaABAg,0.41645,sympathetic,-0.23281428571428572,inflammatory,0.44114526869868853
3424,yySFCBFXevg,Ugz-mehiHbufoJO1GnF4AaABAg,0.0,neutral,0.06402727272727272,sympathetic,0.3140720079564847
3425,6D_RgBOrjI0,Ugz-nutt73B7moF-IZZ4AaABAg,-0.1531,inflammatory,-0.2202,inflammatory,0.31140982643455556
3426,t5mmdQiyhxc,Ugz-pyrSz4r0oQQXQex4AaABAg,0.08800000000000002,sympathetic,-0.2665142857142857,inflammatory,0.33688677340500933
3427,mgeeD8rYAwc,Ugz-yHdf5nf-e_zVRyJ4AaABAg,-0.07962857142857141,inflammatory,0.19169999999999998,sympathetic,0.424095189786444
3428,mgeeD8rYAwc,Ugz-zIliyCCGGsgXbpJ4AaABAg,-0.01815,neutral,0.061100000000000015,sympathetic,0.536411204208115
3429,6GfCWFftDSA,Ugz-zZzfAOBOpEQGgq14AaABAg,-0.0258,neutral,0.1806,sympathetic,0.25540696936458096
3430,p8hpDXwUFvw,Ugz0-xh0X7TT21CDyrx4AaABAg,-0.4767,inflammatory,-0.0129,neutral,0.018243354954612927
3431,VCwKVFgL6zU,Ugz0A8bm4ctBcTBFCS94AaABAg,-0.0516,inflammatory,0.058383333333333336,sympathetic,0.16954910104942067
3432,UGdWOPXE4Pc,Ugz0IsM1ONn1JOrrFH94AaABAg,-0.36483333333333334,inflammatory,-0.31683333333333336,inflammatory,0.4425721221827391
3433,_BS6EnE31XM,Ugz0Quni2iJNj7OycrV4AaABAg,-0.220875,inflammatory,0.07267333333333335,sympathetic,0.3449946862254686
3434,UGdWOPXE4Pc,Ugz0V5mF242YDmmj-8d4AaABAg,-0.36705,inflammatory,0.09861666666666669,sympathetic,0.38836537650345027
3435,IoqeVMg760U,Ugz0WdxoE_TNO9RM0tp4AaABAg,-0.29124999999999995,inflammatory,0.22430000000000003,sympathetic,0.21323458912662363
3436,iCknHYY2wmw,Ugz0nECj4m0HP-uP2EF4AaABAg,0.0258,neutral,-0.22515714285714283,inflammatory,0.4391945463274897
3437,a7jLOtY-1VY,Ugz0nhuur65-F3IumDB4AaABAg,-0.022920000000000003,neutral,-0.27631999999999995,inflammatory,0.7057781570720364
3438,wHOGG1-RN5U,Ugz0nxHhFsabz9P3YPt4AaABAg,-0.2942666666666667,inflammatory,-0.3612,inflammatory,
3439,OqB0y-8Ej0c,Ugz0yRzrqm7NEekwb4B4AaABAg,0.4404,sympathetic,0.08134285714285713,sympathetic,0.26676228404794444
3440,wXyMT1ghH-E,Ugz1-gWthn25qjqJ3qB4AaABAg,-0.0772,inflammatory,-0.37895,inflammatory,0.5359162294612844
3441,vMKNBsd_XYg,Ugz1B-oMA-BlF9koXS94AaABAg,-0.1918,inflammatory,0.18889999999999998,sympathetic,0.2908949501108605
3442,nihE9Yt3b-U,Ugz1D1mZVXyRQ6SeCuR4AaABAg,-0.34,inflammatory,-0.3088266666666667,inflammatory,0.4305056071754743
3443,pJGMNIsiiRo,Ugz1DOpPR7w1Em2F6fx4AaABAg,0.0,neutral,0.0,neutral,
3444,mMPRQSnKe9w,Ugz1H65FG8Edrfp0Efp4AaABAg,-0.4229333333333334,inflammatory,0.26995,sympathetic,0.38176695116261705
3445,6GfCWFftDSA,Ugz1IJzaTC86PU1-xqR4AaABAg,-0.0258,neutral,-0.2209428571428571,inflammatory,0.2162526905970795
3446,pePQ6YdNww4,Ugz1KGc75ojLys2dKct4AaABAg,-0.8363,inflammatory,-0.25451666666666667,inflammatory,0.3319938056194678
3447,OybJv6v8qKo,Ugz1KWH1AF2_0ZIQKxl4AaABAg,0.4404,sympathetic,0.44094,sympathetic,0.632180202157581
3448,mgeeD8rYAwc,Ugz1Peq7n0DvP4fdfjl4AaABAg,-0.28513333333333335,inflammatory,-0.21702000000000005,inflammatory,0.33841071299039377
3449,mja0Lze2l0c,Ugz1PkEy8L0XSF1Cgzp4AaABAg,0.06655,sympathetic,-0.24991428571428573,inflammatory,0.5697895471972421
3450,UGdWOPXE4Pc,Ugz1QHFuqtETQifKVC94AaABAg,-0.4376,inflammatory,0.01716000000000001,neutral,0.3153975951081428
3451,SFr12qevR18,Ugz1S9i44TOMIALF2VZ4AaABAg,-0.21993999999999997,inflammatory,-0.10222222222222221,inflammatory,0.28810647240984444
3452,xXAIcenT5KQ,Ugz1UXSdx63s2_vLluB4AaABAg,0.0,neutral,-0.028283333333333337,neutral,0.1390889990857173
3453,2ytZhL25V4w,Ugz1VHAKv2rs-yQIxp94AaABAg,-0.2263,inflammatory,0.09357058823529411,sympathetic,0.2318346333184116
3454,7bTckdh1-W0,Ugz1bFSzREvElQRAJVB4AaABAg,-0.22929999999999998,inflammatory,-0.07035,inflammatory,0.39627892026583855
3455,ZSDPc8de7cw,Ugz1fUd5HmXZeLylod54AaABAg,-0.6238,inflammatory,-0.10382857142857141,inflammatory,0.3083249623059287
3456,Tss1BYWFbtI,Ugz1lKMFUaD2YovpZ5Z4AaABAg,-0.34,inflammatory,-0.27115,inflammatory,0.3834640074374647
3457,46xekr1CEUU,Ugz1mXYBKoacL2fjaoN4AaABAg,-0.45566666666666666,inflammatory,0.01153333333333332,neutral,0.48990808389601687
3458,mja0Lze2l0c,Ugz1uLDTyB2cUn6MwkF4AaABAg,0.9584,sympathetic,-0.1591,inflammatory,0.2250013777735594
3459,GPcb8SYe8tA,Ugz1xR_NYK1DhKTsDbF4AaABAg,-0.5423,inflammatory,0.14430000000000004,sympathetic,1.0128597533716106
3460,p8hpDXwUFvw,Ugz27icYBv2YgIFVDRx4AaABAg,0.0,neutral,-0.03735000000000001,neutral,0.3585143930165148
3461,6GfCWFftDSA,Ugz27re5ubeWkkJYtvZ4AaABAg,-0.0639125,inflammatory,-0.13948235294117647,inflammatory,0.3470666042622333
3462,qYbQZNOX9zc,Ugz2BwHc-kRyTl_W_yx4AaABAg,0.0,neutral,-0.07591250000000002,inflammatory,0.3822783108734861
3463,8zjWbdItFTo,Ugz2FigfdN6rf28EpPd4AaABAg,-0.5978,inflammatory,-0.18884285714285712,inflammatory,0.47043330330360633
3464,dR8H-nQkz4k,Ugz2OjpbG96vUYM0Ba14AaABAg,-0.07694999999999999,inflammatory,-0.017966666666666655,neutral,0.3218470987907146
3465,UGdWOPXE4Pc,Ugz2Oy0iDqZzkzp1GDN4AaABAg,-0.0315,neutral,0.1021,sympathetic,0.25632828560266224
3466,IJAwKvrhY58,Ugz2P5rUv5tB01jeNh54AaABAg,-0.52935,inflammatory,-0.05836666666666667,inflammatory,0.40434720558780507
3467,fo6qLarJ52U,Ugz2Rbih0oqxrlif-UF4AaABAg,0.0,neutral,-0.24328181818181813,inflammatory,0.511167825314117
3468,iCknHYY2wmw,Ugz2SLGLmVQtfjeoZZZ4AaABAg,-0.53215,inflammatory,0.101,sympathetic,
3469,lP_9nYehuss,Ugz2TYFi47A-f-NsNMx4AaABAg,0.0,neutral,0.10634285714285716,sympathetic,0.20352224167678298
3470,6D_RgBOrjI0,Ugz2Zj-cLEIOr9ocXXR4AaABAg,0.42755,sympathetic,0.4067333333333334,sympathetic,0.366024935398305
3471,lZqHWBKkcos,Ugz2bamkrYbW1b5aVLx4AaABAg,-0.5128666666666667,inflammatory,0.0,neutral,
3472,4pM7DLEL7xA,Ugz2dlHWuWoaePuU1LJ4AaABAg,-0.4958,inflammatory,-0.19062857142857143,inflammatory,0.3436367787567066
3473,t5mmdQiyhxc,Ugz2eRfOA8lTioqxJAB4AaABAg,-0.238175,inflammatory,0.18666666666666668,sympathetic,0.20830788431230024
3474,t5mmdQiyhxc,Ugz2f5t7d1GiNtnZF4t4AaABAg,0.9382,sympathetic,-0.10746,inflammatory,0.36627286003743165
3475,BMteNzu1jIA,Ugz2fxgi4K1rituMfzZ4AaABAg,0.18463333333333334,sympathetic,-0.07655,inflammatory,0.10825804819966044
3476,IJAwKvrhY58,Ugz2g_JQRgvT7LG3dEd4AaABAg,0.0772,sympathetic,-0.25876666666666664,inflammatory,0.4607353117571954
3477,4pM7DLEL7xA,Ugz2iCzOCndtTWbElER4AaABAg,0.06846666666666666,sympathetic,-0.1582,inflammatory,0.2642910516835559
3478,RuHOwKXtDek,Ugz2j20YXZulUSN41vB4AaABAg,-0.2732,inflammatory,-0.01865,neutral,0.3800454892363398
3479,lhdAgnXWzFA,Ugz2mbpTxKy1VHAvt014AaABAg,-0.25693333333333335,inflammatory,0.4393,sympathetic,0.05289158723275378
3480,xHIyM7-R8Yw,Ugz2mm636yaAaMIgmpN4AaABAg,0.0,neutral,-0.007800000000000011,neutral,0.2645596993978005
3481,xEXaGltX3UA,Ugz2qrxofu6S4HQj_qJ4AaABAg,-0.3062,inflammatory,0.054333333333333324,sympathetic,0.3462572146059439
3482,GPcb8SYe8tA,Ugz2uEehVjPOKcVTO0Z4AaABAg,-0.09489999999999998,inflammatory,0.06247777777777778,sympathetic,0.45443284921365934
3483,lZqHWBKkcos,Ugz2uLZvCVdefe0KpH54AaABAg,0.1431,sympathetic,-0.16694,inflammatory,0.6495844233046233
3484,Tss1BYWFbtI,Ugz2wy-yhUHNUNfS44J4AaABAg,-0.7345,inflammatory,-0.1165,inflammatory,0.21358908367860627
3485,7bTckdh1-W0,Ugz2zep4KuYhWRF52qp4AaABAg,-0.4939,inflammatory,-0.08324999999999999,inflammatory,0.46562536931040877
3486,dR8H-nQkz4k,Ugz33j4LSlGWqcaKNRp4AaABAg,-0.4019,inflammatory,0.0,neutral,
3487,gc-7CsqGK9o,Ugz36tVZQ_khHmL-Hc54AaABAg,-0.063,inflammatory,-0.017011111111111112,neutral,0.05103333333333334
3488,RuHOwKXtDek,Ugz39Xt-pH68ZdZSwKx4AaABAg,-0.5423,inflammatory,0.08943999999999999,sympathetic,0.3904412029998883
3489,mja0Lze2l0c,Ugz3KKdSD6DalR4iXIF4AaABAg,0.6705,sympathetic,-0.20015,inflammatory,0.28305484450897495
3490,eAF4_2edowo,Ugz3RiKfbMlN6FfoOqZ4AaABAg,0.6486,sympathetic,0.6486,sympathetic,0.0
3491,Z6DD4PaM0zg,Ugz3SrUMqjrELFchvD14AaABAg,0.0,neutral,0.2732,sympathetic,
3492,xHIyM7-R8Yw,Ugz3UlJ0VU0qzThPPTt4AaABAg,0.2263,sympathetic,0.3195,sympathetic,0.45184123317820385
3493,vMKNBsd_XYg,Ugz3W-pzwuY3g9xiwOJ4AaABAg,0.0,neutral,0.2703,sympathetic,0.3269138418605122
3494,iCknHYY2wmw,Ugz3aj0l1rp2SsAVnOR4AaABAg,-0.7841,inflammatory,0.40409999999999996,sympathetic,0.367522339457073
3495,aWOy271EIKU,Ugz3liE13gymhcQI4LN4AaABAg,0.0,neutral,0.7184,sympathetic,
3496,GpmP2vtnXcc,Ugz3qeUnZ5dEZ-3zxhh4AaABAg,0.0,neutral,0.0,neutral,0.0
3497,kJZNjjiWALs,Ugz3tmynukAzxqcUPEN4AaABAg,-0.0516,inflammatory,-0.10092500000000001,inflammatory,0.2026891112845812
3498,a7jLOtY-1VY,Ugz3ulymg6fMVzBhpkZ4AaABAg,0.09011666666666668,sympathetic,-0.18546923076923078,inflammatory,0.34994636109127586
3499,usjbT_SKy68,Ugz3wlyotEHV06h4psl4AaABAg,-0.43945,inflammatory,-0.011412500000000003,neutral,0.30059790626350014
3500,NrEyGPb2fNI,Ugz43obMx66VRhmvMHl4AaABAg,0.0,neutral,0.3593,sympathetic,0.3575417178456243
3501,qYbQZNOX9zc,Ugz46c5XLe_FlblzrRt4AaABAg,0.5551,sympathetic,0.028530769230769217,neutral,0.3857087186479269
3502,VCwKVFgL6zU,Ugz48Vd6BFD2q4KBDm54AaABAg,-0.4229333333333334,inflammatory,0.19688,sympathetic,0.285452092302719
3503,8QB4UxnzCrg,Ugz49fzZXTVDz9KjNoF4AaABAg,-0.3182,inflammatory,0.0,neutral,
3504,tKdJkhBFqtI,Ugz49hU05in6nQzFtxZ4AaABAg,-0.1779,inflammatory,-0.0748,inflammatory,0.22902782582035747
3505,WcIOWDNlR7s,Ugz4AAEIVgVfRgzw4gd4AaABAg,-0.09590000000000001,inflammatory,-0.10130833333333333,inflammatory,0.24033280886127786
3506,UGdWOPXE4Pc,Ugz4B0UAwNBqqKd8Oz54AaABAg,0.0,neutral,0.0,neutral,
3507,RuHOwKXtDek,Ugz4E7fSR2R6xXS9W9t4AaABAg,-0.6908,inflammatory,-0.11948888888888888,inflammatory,0.42484901801060476
3508,lZqHWBKkcos,Ugz4FE3ELkqnJClQn6h4AaABAg,-0.22015,inflammatory,0.08772500000000001,sympathetic,0.5289104484693037
3509,6D_RgBOrjI0,Ugz4Jnf_zymsCwgaPpB4AaABAg,-0.39495,inflammatory,-0.04646666666666666,neutral,0.3304061722587317
3510,4pM7DLEL7xA,Ugz4NXYSfpx8qmawPTJ4AaABAg,-0.25665000000000004,inflammatory,-0.2596,inflammatory,0.3151267258315824
3511,IJAwKvrhY58,Ugz4VUNBGShellsOFcF4AaABAg,-0.3182,inflammatory,0.0074749999999999955,neutral,0.35221960175030415
3512,IoqeVMg760U,Ugz4d7gwExFIX1ZA8yB4AaABAg,0.6369,sympathetic,0.0,neutral,
3513,Bn7WbKVar1I,Ugz4dz3GptklD4tatth4AaABAg,-0.0258,neutral,-0.17071,inflammatory,0.3585510949176793
3514,7bTckdh1-W0,Ugz4fHNoWJ4W3ajG-zl4AaABAg,0.0,neutral,0.0,neutral,
3515,zx3JMdSDTJs,Ugz4hduqH83IM5HROkx4AaABAg,-0.2732,inflammatory,-0.6124,inflammatory,0.0
3516,mja0Lze2l0c,Ugz4jum0HBupFZvj_3x4AaABAg,-0.5418499999999999,inflammatory,0.061273333333333325,sympathetic,0.23602368969075563
3517,9dn7N5-EKRE,Ugz4orHZUio5mX1mX_F4AaABAg,-0.288,inflammatory,-0.17559333333333332,inflammatory,0.4298633794037135
3518,6Krjoo3fHtY,Ugz4qrRclrZt1Kn393N4AaABAg,0.296,sympathetic,-0.1601,inflammatory,0.37531557388416487
3519,_BS6EnE31XM,Ugz4sIqsCl2G4-Cz8-R4AaABAg,0.3612,sympathetic,-0.17030555555555554,inflammatory,0.32383740740981193
3520,tKdJkhBFqtI,Ugz4wqnJsPw_b4gDgox4AaABAg,0.4404,sympathetic,0.040244444444444444,neutral,0.38951205408533607
3521,tKdJkhBFqtI,Ugz4xNWe2wRmt_RfUfx4AaABAg,-0.19215,inflammatory,-0.056635294117647055,inflammatory,0.2667619653857547
3522,6GfCWFftDSA,Ugz4z1fy8G92VYt-Fbp4AaABAg,-0.6269,inflammatory,-0.20328,inflammatory,0.4487126246892944
3523,Tss1BYWFbtI,Ugz4zCGYZymZTfen6yZ4AaABAg,0.3056,sympathetic,0.26080000000000003,sympathetic,0.7874341115293393
3524,d6Pee6Fyvoo,Ugz517GMnCqTKGLVi2h4AaABAg,-0.06729999999999998,inflammatory,0.0,neutral,
3525,13q2vOdV9kE,Ugz51CozPLRB-K6KRIt4AaABAg,0.0,neutral,0.3156714285714286,sympathetic,0.2615081688608453
3526,aGLmGnuYb_8,Ugz54HQbovXq2kIG5jZ4AaABAg,-0.5267,inflammatory,-0.12373571428571428,inflammatory,0.2918462545908056
3527,kin9OECNFRk,Ugz54PfYDVk4gvULZ1l4AaABAg,0.4939,sympathetic,-0.2060666666666667,inflammatory,0.44519773434583726
3528,X4jrbP6ZnP4,Ugz5HU2Mvb9PeqbPmxt4AaABAg,0.0,neutral,0.03962857142857142,neutral,0.32078772687602264
3529,_BS6EnE31XM,Ugz5Ij28hU7MrEIKtLB4AaABAg,-0.2725666666666667,inflammatory,-0.1779,inflammatory,
3530,zx3JMdSDTJs,Ugz5J7q4-umV2PPyww54AaABAg,-0.022433333333333343,neutral,0.0,neutral,0.0
3531,lP_9nYehuss,Ugz5LSSqbkLf7AC8LeZ4AaABAg,0.0,neutral,0.4404,sympathetic,
3532,E-iDenM-qVs,Ugz5Q17Bj47b6lA4P_14AaABAg,0.5106,sympathetic,-0.1027,inflammatory,0.0
3533,7H-oD45q0MM,Ugz5Sw4vKiC2zTZW6Yl4AaABAg,-0.6808,inflammatory,-0.14537777777777777,inflammatory,0.33078935816788935
3534,UGdWOPXE4Pc,Ugz5YK5-U0uZ59_K3s14AaABAg,-0.08745714285714287,inflammatory,-0.2597882352941176,inflammatory,0.5076325404295328
3535,4pM7DLEL7xA,Ugz5YhaCluCKHzdmOIh4AaABAg,-0.21230000000000002,inflammatory,0.061340000000000006,sympathetic,0.34385253816134614
3536,OLgwMqMkgsg,Ugz5avmsX78Y5f6Pb994AaABAg,-0.7391,inflammatory,0.0,neutral,
3537,lhdAgnXWzFA,Ugz5c7Xppb7KkYhkIPZ4AaABAg,-0.7506,inflammatory,0.0386,neutral,0.054588643507601474
3538,IJAwKvrhY58,Ugz5f66mnncWRuGPMBN4AaABAg,-0.9659,inflammatory,-0.17042727272727276,inflammatory,0.4274534900802872
3539,vMKNBsd_XYg,Ugz5fvEIb46Y3zMkwwR4AaABAg,0.7003,sympathetic,-0.0896375,inflammatory,0.2704190871195512
3540,tKdJkhBFqtI,Ugz5gLjH6h6EMtEVSZ54AaABAg,0.0,neutral,0.23373333333333332,sympathetic,0.2605124616341158
3541,46xekr1CEUU,Ugz5pi_Hdm6rNxsXi8l4AaABAg,-0.1531,inflammatory,-0.08566000000000001,inflammatory,0.6222814620410928
3542,8QB4UxnzCrg,Ugz5qnpYKmjhFh-y87B4AaABAg,-0.5106,inflammatory,-0.14218461538461538,inflammatory,0.31350632594934413
3543,xXAIcenT5KQ,Ugz5v6Wfx5tWPiapZEJ4AaABAg,-0.6369,inflammatory,-0.10303333333333335,inflammatory,0.47171051574738787
3544,SFr12qevR18,Ugz5vI0xrjm78XvvF7B4AaABAg,-0.6124,inflammatory,-0.11873333333333334,inflammatory,0.4797893690638285
3545,6Krjoo3fHtY,Ugz5w_2j8P4ZYJgbSrF4AaABAg,0.008350000000000024,neutral,0.08397500000000002,sympathetic,0.30896569793425294
3546,z_1OsbwBfJ0,Ugz5xbSz1utWD-GQ5Ip4AaABAg,-0.08038,inflammatory,0.06776428571428572,sympathetic,0.45660085347664914
3547,zfQxhG5oWdU,Ugz5xi6Db7xJMOdcJdl4AaABAg,-0.0772,inflammatory,-0.15141,inflammatory,0.21783129277289595
3548,VCwKVFgL6zU,Ugz5zedocSXTkwisRYR4AaABAg,-0.26335,inflammatory,0.0,neutral,
3549,SFr12qevR18,Ugz60tNeMbCzDdCdXNN4AaABAg,-0.07440000000000001,inflammatory,-0.2026,inflammatory,0.395696954751992
3550,GPcb8SYe8tA,Ugz68jHCvnFzORlMBuh4AaABAg,-0.8934,inflammatory,0.10515000000000002,sympathetic,0.4315557239304594
3551,iDuNFBjJ774,Ugz6BhtOhnJ7J14BMJV4AaABAg,0.0,neutral,-0.775,inflammatory,
3552,OybJv6v8qKo,Ugz6EYNPjWsKLHaRa6V4AaABAg,0.1531,sympathetic,-0.58565,inflammatory,0.019445436482630113
3553,Y1vPwS2h088,Ugz6JRAQqC8-gdGoMMl4AaABAg,0.9081,sympathetic,0.0,neutral,
3554,GpmP2vtnXcc,Ugz6NmxnL_EV7V0mLzN4AaABAg,0.0,neutral,0.0,neutral,0.0
3555,p8UbRG5hbiM,Ugz6TN4udOCHM5ka_sN4AaABAg,-0.2732,inflammatory,-0.12479999999999997,inflammatory,0.5574508946983582
3556,eAF4_2edowo,Ugz6UOjH0wQubLoRKIF4AaABAg,-0.0772,inflammatory,0.232125,sympathetic,0.3871290325681385
3557,Bn7WbKVar1I,Ugz6WzYHp_qr-uS1uKp4AaABAg,0.0,neutral,-0.11463000000000001,inflammatory,0.2528192065928185
3558,mMPRQSnKe9w,Ugz6_ms34ExBLncwG794AaABAg,0.2084,sympathetic,-0.0832,inflammatory,0.1300673342102906
3559,lP_9nYehuss,Ugz6dGlkf0PZo_pHE2t4AaABAg,-0.34550000000000003,inflammatory,0.1003,sympathetic,0.1301049320100254
3560,IJAwKvrhY58,Ugz6dIg2v0140_pMpTF4AaABAg,-0.1366,inflammatory,0.023841666666666674,neutral,0.302703321477207
3561,mja0Lze2l0c,Ugz6eaSmEFxsNFLIQ4N4AaABAg,0.0258,neutral,0.0387,neutral,
3562,dR8H-nQkz4k,Ugz6gS1H2MxUmJFunCZ4AaABAg,0.6939,sympathetic,0.08283333333333333,sympathetic,0.16087228060379657
3563,d6Pee6Fyvoo,Ugz6jnnpyx0jN-W_PbV4AaABAg,0.1783,sympathetic,0.022722222222222206,neutral,0.38938603845598324
3564,qYbQZNOX9zc,Ugz6riIvDJJStUsQ_ZJ4AaABAg,0.0,neutral,0.0,neutral,0.0
3565,OybJv6v8qKo,Ugz6s3cd-ZUmXD-35Jx4AaABAg,-0.3715,inflammatory,0.2489,sympathetic,0.33128603954890706
3566,xQEZ2SRu6bA,Ugz6udwbFW65fkUDD0l4AaABAg,-0.03350000000000001,neutral,-0.23585,inflammatory,0.2576558622141816
3567,xEXaGltX3UA,Ugz711sGUeOXvUoQeQp4AaABAg,0.024499999999999977,neutral,0.4199,sympathetic,
3568,6Krjoo3fHtY,Ugz7452Xo_1-hMnCPJ14AaABAg,0.0,neutral,0.023433333333333334,neutral,0.2483763085857157
3569,pePQ6YdNww4,Ugz7CMiEi3-A410KgMV4AaABAg,-0.4939,inflammatory,-0.012118181818181795,neutral,0.2995512137120523
3570,ZSDPc8de7cw,Ugz7Cs1X9kSSwFkRnQt4AaABAg,0.6908,sympathetic,0.19210000000000002,sympathetic,0.3844173097039206
3571,p8UbRG5hbiM,Ugz7JLAy6ZQOIIeplnV4AaABAg,-0.32985,inflammatory,0.014420000000000033,neutral,0.5652739088265086
3572,46xekr1CEUU,Ugz7LDiVi8nmshM2b1R4AaABAg,-0.17039999999999997,inflammatory,0.05576000000000001,sympathetic,0.30157766495548044
3573,6D_RgBOrjI0,Ugz7NfIeyl1vd67L6nR4AaABAg,-0.4199,inflammatory,-0.2718333333333333,inflammatory,0.2711525831212628
3574,Sy8scM6B_nU,Ugz7QLbCpP9hY38UWkR4AaABAg,-0.4588,inflammatory,0.030550000000000004,neutral,0.17692599300272419
3575,GPcb8SYe8tA,Ugz7QYSG47cwM_k7tJV4AaABAg,-0.401,inflammatory,-0.07655,inflammatory,0.10825804819966044
3576,7bTckdh1-W0,Ugz7QeG20m1r8mqyX9V4AaABAg,-0.5719,inflammatory,0.20376666666666665,sympathetic,0.6533714130059054
3577,50AKW9lBuNM,Ugz7RDHgOyuF3hJKAQ14AaABAg,-0.0632,inflammatory,-0.23593043478260875,inflammatory,0.3857032095404475
3578,gc-7CsqGK9o,Ugz7Suqlcqo7N9v-1RZ4AaABAg,-0.83655,inflammatory,-0.2397375,inflammatory,0.4815199415467057
3579,eAF4_2edowo,Ugz7cGxCJnPGA0wIIG54AaABAg,-0.0086,neutral,-0.02338,neutral,0.485402295466806
3580,fFsTLNhzylo,Ugz7hBc1yWKUCsMXFvF4AaABAg,0.1531,sympathetic,-0.05442499999999999,inflammatory,0.29430968242085864
3581,46xekr1CEUU,Ugz7lBoEJYOL3zexc854AaABAg,-0.04933333333333332,neutral,0.22054,sympathetic,0.37534144810647635
3582,tKdJkhBFqtI,Ugz7n7RugPNIRmySrk14AaABAg,-0.7734,inflammatory,0.07527142857142859,sympathetic,0.36669259020913647
3583,IOueE_uol8M,Ugz7pQzjTinYDq6C4l54AaABAg,0.4404,sympathetic,-0.29088888888888886,inflammatory,0.49052181767084646
3584,RuHOwKXtDek,Ugz7qBJx1rR9EOp3uk14AaABAg,-0.7184,inflammatory,0.05861666666666667,sympathetic,0.3348922478449847
3585,6D_RgBOrjI0,Ugz7qw1KoQ1Z8YQKJqV4AaABAg,-0.2840875,inflammatory,0.16463333333333333,sympathetic,0.2851532979527562
3586,mMPRQSnKe9w,Ugz7vla98jYScj0oQtJ4AaABAg,0.0,neutral,0.1014166666666667,sympathetic,0.2360832769737549
3587,8QB4UxnzCrg,Ugz7ybW_biRf86nQifl4AaABAg,0.0,neutral,0.009336363636363636,neutral,0.030965215088136325
3588,eE61i2y1mJ0,Ugz85dkVPKcz6rfAqwl4AaABAg,0.41095,sympathetic,0.07928333333333334,sympathetic,0.4051305489180823
3589,xXAIcenT5KQ,Ugz8B7keV_qvQA2wgq54AaABAg,-0.296,inflammatory,0.05948,sympathetic,0.5139819617457406
3590,WcIOWDNlR7s,Ugz8Mobq-88i9282Mk54AaABAg,-0.490375,inflammatory,0.074,sympathetic,0.148
3591,lZqHWBKkcos,Ugz8VIRnGoPCK5QAgb94AaABAg,0.0,neutral,-0.13104,inflammatory,0.39668231585777264
3592,X4jrbP6ZnP4,Ugz8WuUVsijf1nqeYfF4AaABAg,0.5267,sympathetic,-0.5267,inflammatory,
3593,yySFCBFXevg,Ugz8ZJUAdRBrX3uNBkF4AaABAg,0.0,neutral,0.22123999999999996,sympathetic,0.44215721525267454
3594,WcIOWDNlR7s,Ugz8awhJV221DNthrOJ4AaABAg,-0.43796666666666667,inflammatory,-0.05950999999999999,inflammatory,0.3854250826468528
3595,5bjJBcpy9sU,Ugz8hzcIEF42r6B3ywB4AaABAg,-0.0516,inflammatory,0.07213333333333333,sympathetic,0.25903633464567605
3596,xXAIcenT5KQ,Ugz8z353LYKbI9U5Tp14AaABAg,-0.65325,inflammatory,0.0,neutral,0.0
3597,Tss1BYWFbtI,Ugz8zSTErfiYy7YrYIx4AaABAg,-0.24695,inflammatory,0.2467,sympathetic,0.3423781973198644
3598,eE61i2y1mJ0,Ugz90z_RaJ6rIvz-NSl4AaABAg,0.296,sympathetic,-0.19534615384615384,inflammatory,0.27651330472928004
3599,4pM7DLEL7xA,Ugz98ncgo278OsYKknl4AaABAg,-0.5859,inflammatory,-0.12204999999999999,inflammatory,0.16857929884775294
3600,SFr12qevR18,Ugz98opHzhS2Bv1wD3d4AaABAg,-0.21196666666666664,inflammatory,-0.018240000000000013,neutral,0.27335861610712037
3601,xHIyM7-R8Yw,Ugz9JtBdpJR0TuiDuS94AaABAg,-0.30872499999999997,inflammatory,0.12927999999999998,sympathetic,0.24802487240866253
3602,qRw6gOjwCbQ,Ugz9K-v7FcV8Y7pj1EJ4AaABAg,0.34,sympathetic,0.30569999999999997,sympathetic,0.35360545810267124
3603,fpVuA8E0KZs,Ugz9LbAfDaZGacxsIBp4AaABAg,-0.013166666666666696,neutral,0.181075,sympathetic,0.36944646319415037
3604,OLgwMqMkgsg,Ugz9MMgm4U5YwrLQTNZ4AaABAg,-0.0386,neutral,0.4215,sympathetic,
3605,OLgwMqMkgsg,Ugz9RSlh9OaY-Ep0C994AaABAg,-0.34,inflammatory,-0.05516666666666667,inflammatory,0.09555146955088308
3606,Bn7WbKVar1I,Ugz9UkFHiT1cJMmFkuN4AaABAg,-0.3062,inflammatory,-0.0795,inflammatory,0.27788957724761315
3607,gc-7CsqGK9o,Ugz9cFDyccpSnLi9-fl4AaABAg,-0.26644999999999996,inflammatory,-0.054033333333333336,inflammatory,0.4564221236969129
3608,mgeeD8rYAwc,Ugz9pIYhWR5xRvfdHoB4AaABAg,-0.6124,inflammatory,-0.15901999999999997,inflammatory,0.6383267791656559
3609,p8UbRG5hbiM,Ugz9qP-ZSPZmEcAnJbd4AaABAg,-0.7259,inflammatory,-0.5423,inflammatory,
3610,t5mmdQiyhxc,Ugz9z86bV8hcF4l3QX14AaABAg,0.3612,sympathetic,-0.24881428571428574,inflammatory,0.42786686959291215
3611,WcIOWDNlR7s,UgzA-IHlFztTd2MUhTp4AaABAg,-0.20607499999999998,inflammatory,0.20995,sympathetic,0.2969141374202313
3612,d6Pee6Fyvoo,UgzA1W7eenr7KmAumkh4AaABAg,0.0,neutral,-0.06163333333333335,inflammatory,0.39846382939149366
3613,2ytZhL25V4w,UgzA2AnM_Rci6_H2kpN4AaABAg,-0.24799999999999997,inflammatory,0.06144000000000001,sympathetic,0.24346394599611665
3614,SFr12qevR18,UgzA4-PnJh2kk-aEgTl4AaABAg,-0.3818,inflammatory,-0.2184,inflammatory,0.3287372081161486
3615,Umco8iQzKbs,UgzA5bX5EbDXlQUwe1x4AaABAg,-0.6004,inflammatory,-0.15803157894736844,inflammatory,0.36175106550197317
3616,nihE9Yt3b-U,UgzA6D4hA6yxs4fMV-d4AaABAg,0.33525,sympathetic,-0.0969125,inflammatory,0.30582729223954397
3617,Tss1BYWFbtI,UgzABZS7oa3rwc38_St4AaABAg,0.0,neutral,0.42115,sympathetic,0.027223611075682105
3618,kJZNjjiWALs,UgzADPUoziowIvR_MK14AaABAg,-0.27115,inflammatory,0.0,neutral,0.0
3619,NrEyGPb2fNI,UgzALT3qUILQunne9P54AaABAg,-0.6399,inflammatory,0.1953,sympathetic,0.3382695227182017
3620,p8UbRG5hbiM,UgzAOo_1V71VsWODIGp4AaABAg,-0.08408,inflammatory,-0.21066666666666667,inflammatory,0.28422317453222645
3621,9dn7N5-EKRE,UgzAQe09huOgaqujHGh4AaABAg,0.02250000000000002,neutral,0.24313333333333334,sympathetic,0.72492914366394
3622,Bn7WbKVar1I,UgzAYcX_gB601kAS2Il4AaABAg,-0.45393333333333336,inflammatory,0.11018333333333334,sympathetic,0.3889578918940541
3623,2ytZhL25V4w,UgzAYoVQ0VoEYBqSh954AaABAg,-0.7054,inflammatory,-0.31053333333333333,inflammatory,0.5378595107770554
3624,tKdJkhBFqtI,UgzAZ9RXhFaER9MEBBV4AaABAg,-0.10414999999999999,inflammatory,-0.09239166666666665,inflammatory,0.25034306809341506
3625,SFr12qevR18,UgzAblFC102DgFrN9IB4AaABAg,-0.3881,inflammatory,-0.09846666666666666,inflammatory,0.38611866397089206
3626,lZqHWBKkcos,UgzAbn3A3x883IGDv3F4AaABAg,0.892,sympathetic,0.39805,sympathetic,0.17656456326228093
3627,2EM-F3VfwUI,UgzAhScb67ZxLni-NWV4AaABAg,-0.29295,inflammatory,-0.07889999999999998,inflammatory,0.4763252970097521
3628,IoqeVMg760U,UgzAlskf_tZOO95HQrt4AaABAg,0.7358,sympathetic,0.0,neutral,
3629,d6Pee6Fyvoo,UgzAqLdv8RzxlK8E4i94AaABAg,0.0,neutral,0.04324166666666667,neutral,0.3740217676172273
3630,dR8H-nQkz4k,UgzAuAqzgHMjk1Gl4NB4AaABAg,-0.1729,inflammatory,-0.04264,neutral,0.21681815652753805
3631,ZSDPc8de7cw,UgzAw0jb5oL2JUNIrCF4AaABAg,-0.42255,inflammatory,-0.06576666666666667,inflammatory,0.34670400439952614
3632,BMteNzu1jIA,UgzB--4fK-klj5OlRO94AaABAg,-0.25935,inflammatory,-0.20095,inflammatory,0.28418621535887345
3633,zx3JMdSDTJs,UgzB0HG4M1ZDs4XDDNd4AaABAg,0.2263,sympathetic,0.053950000000000005,sympathetic,0.42934448523301194
3634,mja0Lze2l0c,UgzB8r9vrJ9e418MY554AaABAg,0.0,neutral,-0.167625,inflammatory,0.33525
3635,DgOOpBixH80,UgzBDCqWPoKUcf5VTHN4AaABAg,-0.34135,inflammatory,-0.27055,inflammatory,0.38261547930004086
3636,UGdWOPXE4Pc,UgzBHnD1ZVb6LPET6gV4AaABAg,-0.08798000000000003,inflammatory,0.04061666666666667,neutral,0.45717683635216
3637,6D_RgBOrjI0,UgzBVSLTEK46r7qtglZ4AaABAg,-0.296,inflammatory,-0.059199999999999996,inflammatory,0.13237522426798753
3638,yySFCBFXevg,UgzBVfW-oP5SGFfMlMZ4AaABAg,-0.6597,inflammatory,0.3182,sympathetic,
3639,IJAwKvrhY58,UgzBZWwxaOj1Df4rp594AaABAg,-0.6124,inflammatory,0.0,neutral,0.0
3640,aWOy271EIKU,UgzBbsp0szsWOiZmqih4AaABAg,0.0,neutral,0.0,neutral,
3641,d6Pee6Fyvoo,UgzBe___yAFlxd0ThbZ4AaABAg,0.26454999999999995,sympathetic,-0.01023,neutral,0.33278878536793677
3642,9dn7N5-EKRE,UgzBg5YKD09G7_wu-PJ4AaABAg,-0.057150000000000006,inflammatory,0.0,neutral,
3643,Sy8scM6B_nU,UgzBk2dqOCcsTXT5Uep4AaABAg,-0.3369,inflammatory,-0.4215,inflammatory,
3644,Bn7WbKVar1I,UgzBkqU9TaHzeA_wHWF4AaABAg,-0.6124,inflammatory,0.08464444444444442,sympathetic,0.35602606685154076
3645,6D_RgBOrjI0,UgzBl2bjqkE64QS7cE94AaABAg,-0.28075,inflammatory,-0.608,inflammatory,
3646,mja0Lze2l0c,UgzBwBb4VzD9rdfTCLp4AaABAg,-0.6908,inflammatory,0.14023333333333332,sympathetic,0.43899596809082425
3647,OqB0y-8Ej0c,UgzBxtDolExQJSReop94AaABAg,-0.18725,inflammatory,0.06364,sympathetic,0.1423033660880866
3648,zfQxhG5oWdU,UgzC6DR0XUH-jmbtdup4AaABAg,0.7269,sympathetic,0.5106,sympathetic,
3649,xEXaGltX3UA,UgzC8fnOU9c_Mqf9MYR4AaABAg,-0.09106666666666667,inflammatory,-0.2294,inflammatory,0.324420591208388
3650,xHIyM7-R8Yw,UgzCAHTksNGoGzrxBMZ4AaABAg,-0.9291,inflammatory,0.060283333333333335,sympathetic,0.357977794935198
3651,SFr12qevR18,UgzCH55s5d6Pn0Z33fV4AaABAg,0.1011,sympathetic,-0.22300833333333334,inflammatory,0.4234067901253385
3652,bd04zIyOCas,UgzCOwcsEDQ-5y18rjt4AaABAg,0.050199999999999995,sympathetic,-0.18760000000000002,inflammatory,0.25886325862637727
3653,ivQAfsLKylc,UgzCV0nLxhJRwSRtR-N4AaABAg,0.0,neutral,0.31829999999999997,sympathetic,0.5513117720491736
3654,nihE9Yt3b-U,UgzCWpZOY2OhYSh-gf14AaABAg,-0.04853333333333334,neutral,-0.20545714285714287,inflammatory,0.5231540909303327
3655,ZSDPc8de7cw,UgzCYdyjEjeNHVQd0Nx4AaABAg,0.08925999999999998,sympathetic,0.26332999999999995,sympathetic,0.5039478435314512
3656,2ytZhL25V4w,UgzCYro3Y56AazbvTqN4AaABAg,0.0,neutral,0.00012307692307691646,neutral,0.23393136156376496
3657,qYbQZNOX9zc,UgzCZAsxd2sF-WoqOld4AaABAg,0.0,neutral,0.5143857142857142,sympathetic,0.31029109681378997
3658,GpmP2vtnXcc,UgzCaHU3HcMYdy1xpad4AaABAg,0.0,neutral,0.0,neutral,0.0
3659,2EM-F3VfwUI,UgzCaidMEhdW2nlz5_x4AaABAg,-0.1027,inflammatory,0.050575,sympathetic,0.10115
3660,mMPRQSnKe9w,UgzCcZmhXtMymgFGEe94AaABAg,-0.1895,inflammatory,-0.40989999999999993,inflammatory,0.35542232625427456
3661,iDuNFBjJ774,UgzChDa2pMyVHSDv3Bd4AaABAg,-0.5574,inflammatory,0.176825,sympathetic,0.3616950521009179
3662,d6Pee6Fyvoo,UgzChPK5v2mRArdnAQB4AaABAg,-0.1973,inflammatory,-0.1494,inflammatory,0.25876839065079027
3663,RuHOwKXtDek,UgzCm8un5TVemwhYlDV4AaABAg,-0.29806666666666665,inflammatory,-0.25424,inflammatory,0.39011785545249933
3664,tKdJkhBFqtI,UgzCqdpVvWCy6yifC2N4AaABAg,-0.296,inflammatory,-0.11315,inflammatory,0.1600182645825157
3665,3L2BXNMGTew,UgzCtN6RTOR8IOFfKyN4AaABAg,0.0,neutral,0.329,sympathetic,0.4652762620207483
3666,13q2vOdV9kE,UgzCusR9lEl6cB7uuWF4AaABAg,-0.4824,inflammatory,0.021259999999999994,neutral,0.21510898633018566
3667,lhdAgnXWzFA,UgzD4bzey6tpfDrmN494AaABAg,-0.3291,inflammatory,0.0,neutral,
3668,zx3JMdSDTJs,UgzDACdAFAwGPdPmT3N4AaABAg,-0.3612,inflammatory,-0.026149999999999996,neutral,0.1966620070069458
3669,OLgwMqMkgsg,UgzDBVeuQzuAyzA58jd4AaABAg,0.2463,sympathetic,0.0,neutral,
3670,UGdWOPXE4Pc,UgzDCPUARLImkqzNEP14AaABAg,-0.4927,inflammatory,-0.03635,neutral,0.10281332598452401
3671,kin9OECNFRk,UgzDGGW6R9K2uyg-iZl4AaABAg,0.4588,sympathetic,0.04012500000000001,neutral,0.42640884430321097
3672,zfQxhG5oWdU,UgzDIvMAUcUxghQL1lt4AaABAg,-0.4215,inflammatory,0.02791999999999999,neutral,0.54089483913234
3673,OLgwMqMkgsg,UgzDKuxT1AS48oRBMXN4AaABAg,-0.05324000000000001,inflammatory,0.015894117647058822,neutral,0.39940777012751677
3674,kin9OECNFRk,UgzDN6qKtO7tQNaJotN4AaABAg,0.291825,sympathetic,0.4404,sympathetic,
3675,gc-7CsqGK9o,UgzDP7Jgw1hQ_l7vwqR4AaABAg,0.0,neutral,0.045484,neutral,0.3024909030037102
3676,p8UbRG5hbiM,UgzDPkiN5dE7rTP3ys94AaABAg,0.6597,sympathetic,0.08833333333333336,sympathetic,0.4411367739526295
3677,eE61i2y1mJ0,UgzDSQLOOnayaEqcT0R4AaABAg,-0.08220000000000001,inflammatory,0.40880000000000005,sympathetic,0.33190043687829035
3678,lhdAgnXWzFA,UgzDU7_VNnsA_X3-SVR4AaABAg,-0.32769999999999994,inflammatory,-0.3380125,inflammatory,0.4037316061710163
3679,z_1OsbwBfJ0,UgzDbmmNPPk00-pmRu54AaABAg,-0.005950000000000011,neutral,-0.10648666666666666,inflammatory,0.4136907279368881
3680,xEXaGltX3UA,UgzDkn_B-Z7wtt6Qw1N4AaABAg,-0.4019,inflammatory,0.05435000000000004,sympathetic,0.6452349378327247
3681,mMPRQSnKe9w,UgzDlzsCV8DVubC90r54AaABAg,-0.18076666666666666,inflammatory,-0.025825,neutral,0.3034500329543564
3682,iCknHYY2wmw,UgzDoR3chHAu2DNbqcl4AaABAg,-0.18662,inflammatory,0.005329411764705889,neutral,0.4199115037193937
3683,fpVuA8E0KZs,UgzDsOVN5-aqZpRPaCp4AaABAg,-0.09731428571428571,inflammatory,-0.020946153846153844,neutral,0.37785814713854504
3684,eAF4_2edowo,UgzE2ygoTYwqoB1JHiZ4AaABAg,0.4522,sympathetic,0.019118181818181826,neutral,0.4244913493068659
3685,OqB0y-8Ej0c,UgzE6wbB_S1nQEZwgbh4AaABAg,0.0,neutral,0.23811666666666664,sympathetic,0.2732581008253308
3686,WcIOWDNlR7s,UgzEC68CRF-rpS8se_94AaABAg,-0.11714,inflammatory,-0.047794444444444445,neutral,0.40412046176156324
3687,7H-oD45q0MM,UgzEFIntgCDJbiWGbvV4AaABAg,-0.4767,inflammatory,0.022340000000000002,neutral,0.1697241696924094
3688,2ytZhL25V4w,UgzENYd_JO8zz7ZZU6t4AaABAg,0.10606666666666666,sympathetic,0.0,neutral,
3689,lqvigepgbqI,UgzEP9NqDW2BiBBqKv14AaABAg,-0.38835,inflammatory,0.00671428571428572,neutral,0.6248697235652976
3690,zx3JMdSDTJs,UgzETBG3auuCAcYPjSV4AaABAg,-0.09545,inflammatory,0.24975000000000003,sympathetic,0.3341906028002583
3691,z_1OsbwBfJ0,UgzEV5wEe4WXQdmDZfR4AaABAg,0.0,neutral,0.03166,neutral,0.4032088825906493
3692,UGdWOPXE4Pc,UgzEZ-mewLkCgdZKHaN4AaABAg,-0.4404,inflammatory,-0.24117142857142856,inflammatory,0.404100002945994
3693,iDuNFBjJ774,UgzE_7RjWbpgG1nFVzF4AaABAg,-0.6369,inflammatory,-0.06566666666666666,inflammatory,0.11373800303035628
3694,50AKW9lBuNM,UgzEbRLLcgcm_13F9kJ4AaABAg,-0.1748,inflammatory,-0.3090416666666666,inflammatory,0.3215768011146817
3695,LRt16Fm8HtE,UgzEcDWnXzf9og1dklF4AaABAg,0.0,neutral,0.0,neutral,
3696,kzEZ-0ym5Xg,UgzEhRqDmQyBFcUfOaJ4AaABAg,-0.05135,inflammatory,-0.4019,inflammatory,
3697,ZSDPc8de7cw,UgzEkje4MhLowUxASp54AaABAg,0.5859,sympathetic,0.11234999999999996,sympathetic,0.536362410129569
3698,d6Pee6Fyvoo,UgzEmm9v26hBHgixea54AaABAg,-0.2791,inflammatory,-0.005650000000000002,neutral,0.35047604292828155
3699,pePQ6YdNww4,UgzEyzoOj1WU6eqFMJJ4AaABAg,-0.1779,inflammatory,-0.058499999999999996,inflammatory,0.7055511462679371
3700,7H-oD45q0MM,UgzF-hpntvrCCN8qWUR4AaABAg,-0.07434999999999997,inflammatory,-0.006514999999999998,neutral,0.42589344636645293
3701,NrEyGPb2fNI,UgzF8X6KQCo2Ou54ZdZ4AaABAg,-0.5106,inflammatory,0.40724285714285713,sympathetic,0.32395520192943783
3702,Tss1BYWFbtI,UgzFEYyqRyTJ_iNM0Hl4AaABAg,0.2263,sympathetic,0.12155714285714285,sympathetic,0.39891361578309514
3703,zx3JMdSDTJs,UgzFGys4Uz6wuuEYYj94AaABAg,-0.5931500000000001,inflammatory,-0.054877777777777775,inflammatory,0.16463333333333333
3704,bd04zIyOCas,UgzFHa0VI72FCZUmtRV4AaABAg,0.4404,sympathetic,0.4282800000000001,sympathetic,0.5479687554961505
3705,d6Pee6Fyvoo,UgzFNjAQoU_ot1FVgEt4AaABAg,-0.11486666666666667,inflammatory,-0.12086000000000001,inflammatory,0.5518522836774349
3706,_BS6EnE31XM,UgzFOFi-YAjCX0tfcFh4AaABAg,0.0,neutral,0.027133333333333332,neutral,0.3468216698343209
3707,lqvigepgbqI,UgzFTgZXogH29BEmO_54AaABAg,-0.148,inflammatory,-0.15084285714285714,inflammatory,0.24255685146059303
3708,eAF4_2edowo,UgzFVDX7B0HaloOJsOt4AaABAg,-0.5423,inflammatory,0.0568,sympathetic,0.1734171848462545
3709,zx3JMdSDTJs,UgzFm2KNzgmGKC2DYTp4AaABAg,-0.5859,inflammatory,-0.1774181818181818,inflammatory,0.5217726225439235
3710,lP_9nYehuss,UgzFo2xxmjYKt7IGOkp4AaABAg,-0.7103,inflammatory,-0.13873999999999995,inflammatory,0.5605440063010219
3711,6Krjoo3fHtY,UgzFsXp-V5BOBpJRQOh4AaABAg,-0.2944,inflammatory,-0.11237142857142858,inflammatory,0.47471958991347624
3712,Bn7WbKVar1I,UgzFsYD4ai0DCngf-w54AaABAg,-0.4019,inflammatory,-0.1591,inflammatory,0.2250013777735594
3713,RuHOwKXtDek,UgzFtQn-L4TFdAsoD0R4AaABAg,0.53805,sympathetic,0.13866,sympathetic,0.4166847945389896
3714,gc-7CsqGK9o,UgzFuMlHFx6lF2-pq5h4AaABAg,0.3576,sympathetic,0.10051428571428571,sympathetic,0.3075888946227384
3715,zx3JMdSDTJs,UgzFxHYuScwaJ0ONy_54AaABAg,-0.796,inflammatory,-0.7579,inflammatory,
3716,fo6qLarJ52U,UgzG0OeVnHxJmZp8EI14AaABAg,0.6597,sympathetic,0.64255,sympathetic,0.34033049378508534
3717,GPcb8SYe8tA,UgzG1fhIj5uUlAPKeWR4AaABAg,0.0,neutral,-0.12358,inflammatory,0.15257307101844678
3718,gc-7CsqGK9o,UgzGLakUM40gmwbGaN94AaABAg,-0.002375000000000016,neutral,0.20995,sympathetic,0.2969141374202313
3719,Umco8iQzKbs,UgzGNBZDIP9f0aL7cz94AaABAg,0.09235,sympathetic,0.296,sympathetic,
3720,eAF4_2edowo,UgzGOXQuPkkipA5SdEx4AaABAg,0.0,neutral,-0.007900000000000006,neutral,0.19579800816147236
3721,6GfCWFftDSA,UgzGQZS7bbmko2-g5SR4AaABAg,-0.07622500000000001,inflammatory,0.062220000000000004,sympathetic,0.2205867441944001
3722,DgOOpBixH80,UgzGdsnzzIwA4gb2P9x4AaABAg,0.0,neutral,0.25624545454545455,sympathetic,0.27533602511707894
3723,mgeeD8rYAwc,UgzGjxaB0Uza3U9zBEZ4AaABAg,0.0,neutral,0.30065714285714285,sympathetic,0.4605235566075596
3724,46xekr1CEUU,UgzGlQUwRcioPAZOS414AaABAg,-0.4854,inflammatory,-0.08420000000000001,inflammatory,0.33221629099127575
3725,usjbT_SKy68,UgzGq1tC8spy0kJmwaR4AaABAg,0.0,neutral,0.0,neutral,
3726,p8hpDXwUFvw,UgzGyEGFii1FH2LG7X14AaABAg,-0.3382,inflammatory,0.0,neutral,
3727,6D_RgBOrjI0,UgzGz2vXhoBu0fbbqzp4AaABAg,0.0,neutral,0.13820000000000002,sympathetic,0.23493464623167015
3728,kJZNjjiWALs,UgzH5eZsD1_LtqdbRoR4AaABAg,-0.3308,inflammatory,-0.1391666666666667,inflammatory,0.3523381259528977
3729,IJAwKvrhY58,UgzH7TKzBzM2lvdIHE94AaABAg,0.2411,sympathetic,0.12304999999999999,sympathetic,0.7666525568991471
3730,WcIOWDNlR7s,UgzHB1uQPYayz4XcpFl4AaABAg,0.9167,sympathetic,0.9344,sympathetic,0.03265011485431559
3731,2EM-F3VfwUI,UgzHG1nNlVpI8YPgual4AaABAg,0.09664999999999999,sympathetic,-0.1586272727272727,inflammatory,0.4563840621470235
3732,Djzvi2sVsdY,UgzHKi4O3-WkhoJaEbJ4AaABAg,-0.11512499999999998,inflammatory,-0.005199999999999998,neutral,0.2992033255162783
3733,mgeeD8rYAwc,UgzHUZ4Stkf0yoOoK414AaABAg,-0.34,inflammatory,0.25973999999999997,sympathetic,0.41135355595886125
3734,lP_9nYehuss,UgzHUfNjmzDHoEbCl3l4AaABAg,0.0,neutral,-0.5423,inflammatory,
3735,6GfCWFftDSA,UgzHakvIdx2oDaf2BOB4AaABAg,0.0,neutral,0.165775,sympathetic,0.28243774977860164
3736,z_1OsbwBfJ0,UgzHf3iRHde20yXYqC14AaABAg,-0.43335,inflammatory,-0.007550000000000018,neutral,0.44532224268229204
3737,lhdAgnXWzFA,UgzHgYCnW_d6LvsxaGZ4AaABAg,0.07205,sympathetic,0.5322,sympathetic,0.1616474249717576
3738,WcIOWDNlR7s,UgzHmAozij8OyFrv7qh4AaABAg,0.1573,sympathetic,-0.21744375000000002,inflammatory,0.3002613927202985
3739,LRt16Fm8HtE,UgzHmb_P1-rHag8typR4AaABAg,0.0,neutral,-0.1589,inflammatory,0.27522287332269463
3740,dR8H-nQkz4k,UgzHoNxisqUCVVeJ2fN4AaABAg,0.4588,sympathetic,0.3612,sympathetic,
3741,zx3JMdSDTJs,UgzHoaF8NvhpLbZsrEh4AaABAg,-0.0903125,inflammatory,0.08586999999999999,sympathetic,0.4053885627120945
3742,xHIyM7-R8Yw,UgzHpMh18KCHyTNOyKB4AaABAg,-0.6286,inflammatory,0.0,neutral,0.0
3743,mMPRQSnKe9w,UgzHtz-08CoAsUP10jF4AaABAg,-0.014300000000000007,neutral,-0.07823333333333335,inflammatory,0.4687232694600657
3744,kJZNjjiWALs,UgzHw9OFynJfRY_8p1V4AaABAg,0.152375,sympathetic,-0.5859,inflammatory,
3745,fo6qLarJ52U,UgzI1drm0ckIJh7qlnJ4AaABAg,-0.30050000000000004,inflammatory,-0.05561666666666663,inflammatory,0.6176880326399943
3746,psP1uxfO6CQ,UgzI6D0hdUoVKtY9FVx4AaABAg,0.3182,sympathetic,-0.20015,inflammatory,0.28305484450897495
3747,mgeeD8rYAwc,UgzI7qX4XOuMd4BKfap4AaABAg,-0.100475,inflammatory,-0.0827,inflammatory,0.14324060178594614
3748,a7jLOtY-1VY,UgzI8Paq14MoEVyjxp94AaABAg,-0.9018,inflammatory,-0.14240666666666668,inflammatory,0.30395608345066344
3749,OLgwMqMkgsg,UgzIF2X8PsKXiKWVJCV4AaABAg,-0.3612,inflammatory,0.0,neutral,0.0
3750,OqB0y-8Ej0c,UgzIL0mV7VozoMzNiwt4AaABAg,-0.5508,inflammatory,0.23882857142857142,sympathetic,0.295651066236929
3751,xHIyM7-R8Yw,UgzINw3_cKj4_y_0RmZ4AaABAg,-0.7579,inflammatory,-0.28404444444444443,inflammatory,0.40058430171160947
3752,DgOOpBixH80,UgzIT4isJsgjWL3GzV54AaABAg,-0.1943,inflammatory,-0.24653750000000002,inflammatory,0.45734610506861056
3753,IJAwKvrhY58,UgzIU6ix47MDAV1ZS194AaABAg,0.06758333333333333,sympathetic,-0.010989999999999982,neutral,0.4566021108872217
3754,xEXaGltX3UA,UgzIVjPzuGpR5JG5e8R4AaABAg,-0.47545000000000004,inflammatory,-0.06002999999999999,inflammatory,0.3326804808421037
3755,a7jLOtY-1VY,UgzIYNJ5LS1nPQ9K4Jh4AaABAg,-0.15225,inflammatory,0.17685000000000003,sympathetic,0.396011059189008
3756,IJAwKvrhY58,UgzIh9LvxdmwIGiS3I94AaABAg,-0.2732,inflammatory,0.16877142857142857,sympathetic,0.3879919144960185
3757,kzEZ-0ym5Xg,UgzIiddwR0GKdS8zENt4AaABAg,-0.2489583333333333,inflammatory,0.20095,sympathetic,0.2320370731873106
3758,6D_RgBOrjI0,UgzItKs7PxZGh1LZ5qt4AaABAg,-0.23835,inflammatory,0.0,neutral,0.0
3759,-UScZA0z50A,UgzIw4qPMPFqlRhC-El4AaABAg,0.0,neutral,0.0,neutral,
3760,lP_9nYehuss,UgzJ40D6jqclNefh2nV4AaABAg,0.1027,sympathetic,-0.137625,inflammatory,0.4410970406675999
3761,eAF4_2edowo,UgzJ4EZPKD511TBToVN4AaABAg,0.010369999999999999,neutral,-0.026709999999999994,neutral,0.20738178667482937
3762,54oSf8j9Eh0,UgzJC_fMzrbdSJj36MJ4AaABAg,0.0,neutral,-0.6377,inflammatory,
3763,OLgwMqMkgsg,UgzJJih5yXQxek7MNPZ4AaABAg,0.08059999999999999,sympathetic,0.027384615384615393,neutral,0.248860894363879
3764,6D_RgBOrjI0,UgzJOpAeWTSaQ39MtKZ4AaABAg,0.0,neutral,-0.25748333333333334,inflammatory,0.3827260991488521
3765,lZqHWBKkcos,UgzJTwqDoCg8MiyQBeV4AaABAg,-0.2422,inflammatory,0.25115,sympathetic,0.3551797361900028
3766,qYbQZNOX9zc,UgzJl50rv6By2CUM_Yt4AaABAg,-0.359,inflammatory,0.4404,sympathetic,
3767,qYbQZNOX9zc,UgzJouFVqZ3DmnNChwt4AaABAg,0.0,neutral,-0.06600555555555557,inflammatory,0.45976688910823216
3768,p8UbRG5hbiM,UgzJpvGc-RWUD8VzdyZ4AaABAg,-0.6697,inflammatory,-0.06723571428571427,inflammatory,0.3790629856473883
3769,2ytZhL25V4w,UgzJqiQFtc0Z2FsWwWl4AaABAg,-0.0827,inflammatory,0.6956,sympathetic,
3770,SFr12qevR18,UgzJsAXTZK8EZZ8nO-J4AaABAg,-0.31205,inflammatory,-0.2885,inflammatory,0.2558993630316418
3771,OLgwMqMkgsg,UgzJtEi9cN9jznEWf0p4AaABAg,0.7429,sympathetic,0.09505,sympathetic,0.13442099910356267
3772,9dn7N5-EKRE,UgzK9P0gBUuKQ36v8m54AaABAg,-0.1531,inflammatory,-0.045337499999999996,neutral,0.31723576152895683
3773,TybnJ6mrvI4,UgzK9RuEyeFqI2W_w1d4AaABAg,0.29295,sympathetic,-0.13396666666666665,inflammatory,0.2320370731873106
3774,lqvigepgbqI,UgzKCbpU3sQYOUdR9mt4AaABAg,0.0,neutral,-0.19981666666666667,inflammatory,0.4399007179656185
3775,xEXaGltX3UA,UgzKD_0octH1EfmcYdV4AaABAg,0.7125,sympathetic,-0.07176363636363635,inflammatory,0.43725732303239306
3776,IOueE_uol8M,UgzKIsnC5X_A4MkFoyp4AaABAg,-0.5106,inflammatory,0.0,neutral,
3777,SFr12qevR18,UgzKN2-36M2cWl1lfOZ4AaABAg,-0.0951,inflammatory,-0.2031125,inflammatory,0.4987445794549694
3778,mMPRQSnKe9w,UgzKNv9HcPZBikflH8B4AaABAg,-0.0386,neutral,0.0,neutral,
3779,z_1OsbwBfJ0,UgzKOwB1rdAMGRgxWkB4AaABAg,-0.762,inflammatory,-0.2478375,inflammatory,0.5529999197558713
3780,t5mmdQiyhxc,UgzKPeOucA2395bRXbV4AaABAg,-0.06815,inflammatory,-0.1282111111111111,inflammatory,0.4633071833148188
3781,6D_RgBOrjI0,UgzKVgO_T-plRxbHeNR4AaABAg,0.3182,sympathetic,-0.30077500000000007,inflammatory,0.4809306420888567
3782,8QB4UxnzCrg,UgzKXuOyaNlduwb4TO54AaABAg,-0.1084,inflammatory,0.1467,sympathetic,0.46678241183660724
3783,qYbQZNOX9zc,UgzKZnoeip-EQdw2MhF4AaABAg,0.3380666666666667,sympathetic,-0.006520000000000009,neutral,0.3025186708654893
3784,d6Pee6Fyvoo,UgzKg7dDnAWKQsHGTVJ4AaABAg,-0.16546666666666668,inflammatory,-0.37895,inflammatory,0.5359162294612844
3785,lqvigepgbqI,UgzKllxYmPon0GbWfuV4AaABAg,0.0,neutral,-0.003657142857142859,neutral,0.23573852645917437
3786,Tss1BYWFbtI,UgzKmPks_9ZulKRaNSx4AaABAg,0.0,neutral,-0.05562500000000001,inflammatory,0.3289141040714777
3787,ZSDPc8de7cw,UgzKmiQGlsXE0f1Hz2N4AaABAg,0.1808,sympathetic,0.03307,neutral,0.33502140578376977
3788,GpmP2vtnXcc,UgzL1f_gYFPGeCVyzq14AaABAg,0.0,neutral,0.0,neutral,0.0
3789,yySFCBFXevg,UgzLDNbWad1nPx4rkoV4AaABAg,0.0,neutral,0.0,neutral,
3790,IOueE_uol8M,UgzLNYRqrReSkRoCV4x4AaABAg,-0.11206666666666665,inflammatory,-0.021333333333333333,neutral,0.0730740948170645
3791,ZggP67JsVfU,UgzLSqghe67voh_oPLJ4AaABAg,-0.743,inflammatory,-0.14954,inflammatory,0.5311999839984938
3792,mMPRQSnKe9w,UgzLYI-xYJQAqeTjkBR4AaABAg,0.0,neutral,0.4201,sympathetic,
3793,xEXaGltX3UA,UgzLZJP9Q7Lc52BnhS54AaABAg,0.01465000000000001,neutral,-0.06386666666666667,inflammatory,0.3142363420527083
3794,54oSf8j9Eh0,UgzLZcCvKWIbElSsZdl4AaABAg,0.0,neutral,-0.156225,inflammatory,0.31245
3795,Y1vPwS2h088,UgzLiAfKc9K8NS26aM54AaABAg,0.5423,sympathetic,0.0258,neutral,
3796,IJAwKvrhY58,UgzLm0ddr7A2dxmWfk14AaABAg,-0.20863333333333334,inflammatory,-0.0409,neutral,0.43802766220541695
3797,Tss1BYWFbtI,UgzLnQAy7r4y7h3pJsx4AaABAg,0.0,neutral,-0.5859,inflammatory,
3798,z_1OsbwBfJ0,UgzLvMWME65BQxxeiad4AaABAg,-0.3186333333333333,inflammatory,-0.27024,inflammatory,0.4752312447640622
3799,6D_RgBOrjI0,UgzM1hcnb43M3e09nB94AaABAg,-0.5406500000000001,inflammatory,-0.1149,inflammatory,0.3937822297215105
3800,lqvigepgbqI,UgzM442PBUMpevoubZh4AaABAg,-0.6428,inflammatory,0.517975,sympathetic,0.34807663308530207
3801,54oSf8j9Eh0,UgzM5cPMEDl3Ot-WIhh4AaABAg,-0.3182,inflammatory,-0.041600000000000005,neutral,0.3584702609701396
3802,7N4tatSKaRI,UgzM7D5jjpHi7nbYMY54AaABAg,-0.1806,inflammatory,0.3612,sympathetic,
3803,9dn7N5-EKRE,UgzMCHi1Jcwxq2bJGEp4AaABAg,-0.4767,inflammatory,-0.37194,inflammatory,0.33807449327034417
3804,50AKW9lBuNM,UgzMHbcjf1s2Yc2l98B4AaABAg,-0.7184,inflammatory,-0.05295555555555554,inflammatory,0.46379950170065704
3805,Y1vPwS2h088,UgzMRKO78WX0k0sei6B4AaABAg,0.8519,sympathetic,0.0,neutral,
3806,Sy8scM6B_nU,UgzMSKaAd9PTo-fDrgh4AaABAg,-0.3382666666666667,inflammatory,0.01811428571428571,neutral,0.44238117210000183
3807,DgOOpBixH80,UgzMTGH3YRKkucM7Dgp4AaABAg,0.02309333333333332,neutral,0.02608461538461539,neutral,0.4723050794528078
3808,RuHOwKXtDek,UgzMVzuXFFcgk_M1gjd4AaABAg,0.4424666666666666,sympathetic,-0.030879999999999998,neutral,0.36595477452821956
3809,IJAwKvrhY58,UgzMYvehpFl8rGvTgkd4AaABAg,-0.913,inflammatory,-0.4265777777777778,inflammatory,0.3688492570745459
3810,z_1OsbwBfJ0,UgzM_AUiWBr6pwPa-fl4AaABAg,-0.1695,inflammatory,-0.1894,inflammatory,0.16753232523904155
3811,ZSDPc8de7cw,UgzMa8z8_t4JYBTF9ER4AaABAg,0.7579,sympathetic,0.0,neutral,0.0
3812,Bn7WbKVar1I,UgzMaroP9J9sqrHd7kd4AaABAg,-0.07775000000000001,inflammatory,-0.021400000000000002,neutral,0.3461064077051239
3813,DgOOpBixH80,UgzMcz97tp41Qgpueut4AaABAg,0.35015,sympathetic,0.6124,sympathetic,
3814,Umco8iQzKbs,UgzMe-RXtMVMM8PGZwR4AaABAg,0.07794285714285716,sympathetic,-0.0991,inflammatory,0.28738324585820935
3815,d6Pee6Fyvoo,UgzMfGfX-M31518sCsR4AaABAg,-0.765,inflammatory,-0.2929833333333333,inflammatory,0.3282540078455504
3816,3L2BXNMGTew,UgzMmGaBIdtDUX8T-dN4AaABAg,0.011433333333333342,neutral,0.1591,sympathetic,0.2250013777735594
3817,54oSf8j9Eh0,UgzMmHgbAuUBtzmGV8Z4AaABAg,-0.0010166666666666657,neutral,-0.1068,inflammatory,0.44338631011793767
3818,OqB0y-8Ej0c,UgzMtJ_3OAXN8bmD2vJ4AaABAg,0.4404,sympathetic,0.036588888888888865,neutral,0.39249424659619037
3819,RuHOwKXtDek,UgzMua3KwmmLaeZOFaR4AaABAg,-0.128,inflammatory,-0.039172727272727276,neutral,0.3439502204997377
3820,2ytZhL25V4w,UgzMyvk4lLfCljexzzt4AaABAg,-0.0138,neutral,0.17621176470588235,sympathetic,0.36500020014096046
3821,X4jrbP6ZnP4,UgzMzzVoD_Al28U-ip14AaABAg,0.5574,sympathetic,0.08654285714285714,sympathetic,0.3252947169216599
3822,lqvigepgbqI,UgzN0kz9RmzcFbKS4tl4AaABAg,-0.4522,inflammatory,0.0,neutral,
3823,z_1OsbwBfJ0,UgzN1r0y9pwfSnI9p3t4AaABAg,0.13805,sympathetic,-0.2977315789473684,inflammatory,0.4269862827000829
3824,lP_9nYehuss,UgzN7AZChQHfb8Rd7eV4AaABAg,-0.18123333333333336,inflammatory,0.21136,sympathetic,0.3126337921594529
3825,usjbT_SKy68,UgzNJvVzooGvPA3BpiR4AaABAg,0.10606666666666666,sympathetic,0.1468,sympathetic,0.2542650585511112
3826,zx3JMdSDTJs,UgzNOfg-QcddUvg55wt4AaABAg,-0.2134,inflammatory,-0.16399444444444447,inflammatory,0.5319872405283489
3827,E-iDenM-qVs,UgzNQ2SKOuITCh_qmw14AaABAg,0.5106,sympathetic,-0.14346666666666666,inflammatory,0.6487094136308902
3828,54oSf8j9Eh0,UgzNTLWHwFxGXFDlK2B4AaABAg,-0.5859,inflammatory,0.010762500000000008,neutral,0.4340625726370401
3829,bd04zIyOCas,UgzNXAkhBCOGEALiyV94AaABAg,0.0,neutral,-0.031412499999999996,neutral,0.1259500630919141
3830,7H-oD45q0MM,UgzNYjp_Q7q_RBZfaJ14AaABAg,-0.013280000000000014,neutral,-0.21974,inflammatory,0.3728755529664019
3831,yySFCBFXevg,UgzN_-RSUt87XfBw0L54AaABAg,0.41169999999999995,sympathetic,0.1909,sympathetic,0.26997336905702385
3832,xEXaGltX3UA,UgzNcZJGy-OgTLBvpKF4AaABAg,-0.28535,inflammatory,0.1605416666666667,sympathetic,0.31969939988664164
3833,iCknHYY2wmw,UgzNgA0mR21tJPfeA8F4AaABAg,0.1953,sympathetic,0.0,neutral,
3834,DgOOpBixH80,UgzNkKsDt5QjOdt168J4AaABAg,0.0,neutral,-0.15428333333333333,inflammatory,0.5854436041726536
3835,xEXaGltX3UA,UgzNmg7nPfcsGoj9yjF4AaABAg,0.01985,neutral,0.0,neutral,0.0
3836,bd04zIyOCas,UgzNmoDwmbmni6pXZBx4AaABAg,0.4717,sympathetic,0.14696153846153848,sympathetic,0.4407725670881026
3837,qRw6gOjwCbQ,UgzNo9owFbOLxiIuAoR4AaABAg,-0.7477,inflammatory,0.19301,sympathetic,0.5070169588441352
3838,IJAwKvrhY58,UgzNwgXmkHmL11Zbe_14AaABAg,-0.1909,inflammatory,-0.10081428571428572,inflammatory,0.17333149770090286
3839,6D_RgBOrjI0,UgzNzPqs_yepyjBt7gZ4AaABAg,0.08059999999999999,sympathetic,0.2979625,sympathetic,0.4667825095802112
3840,aGLmGnuYb_8,UgzO21lAH8j-wBIG1GV4AaABAg,-0.3709,inflammatory,-0.05691249999999998,inflammatory,0.40309123191902846
3841,8QB4UxnzCrg,UgzO4VIigu7Z36PYKD54AaABAg,0.6124,sympathetic,0.05225,sympathetic,0.07389265863399422
3842,X4jrbP6ZnP4,UgzO7uLsNUK5htQ3lPh4AaABAg,-0.6908,inflammatory,0.20242222222222223,sympathetic,0.2447490795579106
3843,psP1uxfO6CQ,UgzOCAgY_TIaOPJCv494AaABAg,-0.0129,neutral,-0.1761,inflammatory,0.2616025802625043
3844,Sy8scM6B_nU,UgzOCwllgPuzrtRHuYF4AaABAg,0.4767,sympathetic,-0.296,inflammatory,
3845,ZSDPc8de7cw,UgzOFlms1aHGjdtXlUt4AaABAg,-0.29390000000000005,inflammatory,0.0,neutral,
3846,tKdJkhBFqtI,UgzOHzb-MWhkQFi3lRV4AaABAg,0.0,neutral,-0.1462857142857143,inflammatory,0.3034248420316055
3847,9dn7N5-EKRE,UgzOMqEtRcRo0xrKxgB4AaABAg,-0.4215,inflammatory,-0.34,inflammatory,
3848,IoqeVMg760U,UgzOOg0m8glUCM-DROp4AaABAg,0.0,neutral,-0.12562500000000001,inflammatory,0.2343657878189562
3849,z_1OsbwBfJ0,UgzOPTtTe_bfU9I4vFJ4AaABAg,0.1909,sympathetic,-0.15555,inflammatory,0.47176641465878005
3850,p8UbRG5hbiM,UgzOPa18dAqQqvfuoLd4AaABAg,-0.11046666666666667,inflammatory,-0.04647777777777777,neutral,0.3569395459240184
3851,iCknHYY2wmw,UgzOXxqNxYItJiKB4xl4AaABAg,-0.40695,inflammatory,0.01335714285714286,neutral,0.5450858490707156
3852,lhdAgnXWzFA,UgzOYQpsbdiIIzYKAAh4AaABAg,0.101,sympathetic,0.10469230769230771,sympathetic,0.29262154016618597
3853,IOueE_uol8M,UgzOZLKzLvvfx-zbbGh4AaABAg,-0.3182,inflammatory,0.0,neutral,
3854,TybnJ6mrvI4,UgzO_eFM-s_w4lBjyRd4AaABAg,-0.51535,inflammatory,-0.32499999999999996,inflammatory,0.4353559660127068
3855,VCwKVFgL6zU,UgzOclvfMOE3egOHVoV4AaABAg,-0.13646666666666665,inflammatory,-0.0108625,neutral,0.030723789642555493
3856,gc-7CsqGK9o,UgzOmHXlucgzZnanlUV4AaABAg,0.1027,sympathetic,0.252475,sympathetic,0.28792694882060427
3857,mMPRQSnKe9w,UgzOnegCezcytRdsGcV4AaABAg,0.12,sympathetic,-0.0352,neutral,0.45402450374401604
3858,7bTckdh1-W0,UgzOpTblkpsPggaabN14AaABAg,0.03423333333333333,neutral,-0.07612307692307693,inflammatory,0.26157988631214923
3859,fpVuA8E0KZs,UgzOpi2xzoTUMHGrMtV4AaABAg,0.0,neutral,-0.034728571428571414,neutral,0.45110840318993334
3860,7bTckdh1-W0,UgzOsIexK3q-Rv6MokJ4AaABAg,0.0,neutral,0.8126,sympathetic,
3861,DgOOpBixH80,UgzOwp2jpxnJalyx4zN4AaABAg,-0.4588,inflammatory,-0.1659142857142857,inflammatory,0.2725671197373314
3862,Bn7WbKVar1I,UgzOydJGPTa1x3M-2vh4AaABAg,-0.27495,inflammatory,-0.2029388888888889,inflammatory,0.2639549875594631
3863,2EM-F3VfwUI,UgzOznHY1M1kiMfa8494AaABAg,0.2709,sympathetic,-0.127225,inflammatory,0.3056761907172827
3864,_BS6EnE31XM,UgzPAUQlDInL4epGicB4AaABAg,-0.4019,inflammatory,0.050933333333333344,sympathetic,0.2521021469563478
3865,54oSf8j9Eh0,UgzPCGdwAnFVhIolbrd4AaABAg,0.1531,sympathetic,0.0,neutral,
3866,Tss1BYWFbtI,UgzPDsM3aZCfzJy9MB14AaABAg,-0.45277500000000004,inflammatory,-0.033725000000000005,neutral,0.24298671259968108
3867,mja0Lze2l0c,UgzPEbk3a-WxvV5fcxB4AaABAg,-0.1779,inflammatory,0.12728571428571428,sympathetic,0.33676634545122147
3868,mgeeD8rYAwc,UgzPGdp_-KZBdWBcpp14AaABAg,-0.1691,inflammatory,-0.04217692307692308,neutral,0.29659472672837073
3869,xHIyM7-R8Yw,UgzPGmkiG1WNbyXKpbp4AaABAg,0.0,neutral,0.0,neutral,0.0
3870,Taz-d2zn6Vg,UgzPIqus4L_0ZQQk_tt4AaABAg,-0.36405,inflammatory,0.0,neutral,0.0
3871,xHIyM7-R8Yw,UgzPKrYSMC5A0iDLIwd4AaABAg,-0.3355666666666666,inflammatory,-0.13022727272727275,inflammatory,0.28367542752557573
3872,iDuNFBjJ774,UgzPQ0L3-auchzpzYL94AaABAg,-0.6369,inflammatory,-0.60215,inflammatory,0.3116219584689115
3873,kin9OECNFRk,UgzPRGhTwye0K1Co1pB4AaABAg,0.0,neutral,-0.21785000000000002,inflammatory,0.3202320580454118
3874,lqvigepgbqI,UgzPXpGwMKi1WYfqV6J4AaABAg,-0.6486,inflammatory,-0.20725454545454547,inflammatory,0.430293307788156
3875,eE61i2y1mJ0,UgzPZeSvD3z2bb90OPN4AaABAg,-0.7783,inflammatory,0.0,neutral,
3876,aGLmGnuYb_8,UgzPaHmVRWrtzQ-pQ5d4AaABAg,-0.0258,neutral,-0.211725,inflammatory,0.34556521298963444
3877,Taz-d2zn6Vg,UgzPi903sTwXygDPcvF4AaABAg,-0.17,inflammatory,0.0,neutral,0.0
3878,eE61i2y1mJ0,UgzPiryQB_SRvtk2YH14AaABAg,-0.1531,inflammatory,0.0,neutral,
3879,Sy8scM6B_nU,UgzPkF0_ho10iM-J6j54AaABAg,-0.043149999999999966,neutral,-0.0086,neutral,0.021065611787935333
3880,xHIyM7-R8Yw,UgzPoV4cMQQz35c3TQh4AaABAg,0.42574999999999996,sympathetic,-0.03775714285714286,neutral,0.47298185609014237
3881,fFsTLNhzylo,UgzPqWR-rmV-l_eqUqN4AaABAg,-0.32976,inflammatory,0.0,neutral,
3882,ZggP67JsVfU,UgzPwustnsTFrf0Kg4h4AaABAg,0.6124,sympathetic,-0.15115,inflammatory,0.36204815386117595
3883,Bn7WbKVar1I,UgzQ-55K5bMHuEV8uQ14AaABAg,0.1027,sympathetic,0.06707,sympathetic,0.516707346893126
3884,rdmy9RjkNtA,UgzQ3WdeK453lyaOvO94AaABAg,-0.34,inflammatory,0.0,neutral,0.0
3885,WcIOWDNlR7s,UgzQ6aUWSdnLB0SJ7TR4AaABAg,0.0,neutral,0.0,neutral,
3886,GPcb8SYe8tA,UgzQ7xdDjQHb_gCQySd4AaABAg,-0.07486666666666668,inflammatory,-0.03366666666666666,neutral,0.3652756812783098
3887,eAF4_2edowo,UgzQAxO2gumF8UP8Sql4AaABAg,-0.1779,inflammatory,-0.00516,neutral,0.011538110763898915
3888,mgeeD8rYAwc,UgzQDdjiXvkLlbV4F194AaABAg,0.5106,sympathetic,-0.04164000000000001,neutral,0.8500191927244938
3889,Bn7WbKVar1I,UgzQG2U4B_lbM7Zl93p4AaABAg,-0.42795,inflammatory,0.5883444444444446,sympathetic,0.13376761670067153
3890,lZqHWBKkcos,UgzQNeBwURnvHfNE5DZ4AaABAg,-0.27985,inflammatory,0.7003,sympathetic,
3891,kin9OECNFRk,UgzQNx8Nfo_mwZjvBJ14AaABAg,-0.289375,inflammatory,-0.1814,inflammatory,0.5894209701054077
3892,xQEZ2SRu6bA,UgzQOwANBuP7wcMKGfB4AaABAg,-0.296,inflammatory,0.0,neutral,
3893,eAF4_2edowo,UgzQQ418Y6OafzkIth94AaABAg,-0.0516,inflammatory,-0.002942857142857136,neutral,0.3131346561100238
3894,BMteNzu1jIA,UgzQQuv-WBWEA-5VhwZ4AaABAg,-0.24695,inflammatory,0.021449999999999997,neutral,0.44465871931928497
3895,Tss1BYWFbtI,UgzQSqoFd5OKYq7Fdb54AaABAg,0.0,neutral,0.227575,sympathetic,0.4746695895943981
3896,p8UbRG5hbiM,UgzQSxidANOHaEFHQS54AaABAg,0.10115,sympathetic,0.09321,sympathetic,0.19762297690299072
3897,UGdWOPXE4Pc,UgzQVGF9dWtHCMWyK6B4AaABAg,0.6597,sympathetic,0.15576,sympathetic,0.5099140447173425
3898,tKdJkhBFqtI,UgzQYLbm96w_V0A-Q6d4AaABAg,-0.17379999999999998,inflammatory,-0.0018187499999999905,neutral,0.28731617942318066
3899,7H-oD45q0MM,UgzQZl8TZmPKwLd2ikt4AaABAg,0.05933333333333334,sympathetic,0.038275,neutral,0.1135404296568701
3900,Bn7WbKVar1I,UgzQ_tR_9NTr_Clpzvd4AaABAg,-0.05135,inflammatory,-0.038011111111111114,neutral,0.46452223693932143
3901,Bn7WbKVar1I,UgzQaEYe6tqkaYLcgYZ4AaABAg,-0.06896666666666669,inflammatory,-0.24584999999999999,inflammatory,0.303313176436501
3902,OqB0y-8Ej0c,UgzQf032_1AfXXXveb94AaABAg,-0.4019,inflammatory,0.07085,sympathetic,0.5091202677167743
3903,bd04zIyOCas,UgzQgHlNkr0GdnJwp214AaABAg,0.1591,sympathetic,-0.5555666666666667,inflammatory,0.1684304381636526
3904,zfQxhG5oWdU,UgzQp0xqHTFTIl6pj_t4AaABAg,0.3612,sympathetic,0.0129,neutral,0.018243354954612927
3905,t5mmdQiyhxc,UgzQqTZApNvyMMRE7YZ4AaABAg,-0.1591,inflammatory,-0.4200166666666667,inflammatory,0.27296841148137757
3906,4pM7DLEL7xA,UgzQtJZ6bqHW-rOhMmN4AaABAg,-0.34,inflammatory,-0.15544999999999998,inflammatory,0.35007724045660876
3907,eE61i2y1mJ0,UgzQuKjSyCnIC6UB3iB4AaABAg,0.0,neutral,-0.021500000000000005,neutral,0.3420981555051123
3908,Djzvi2sVsdY,UgzQxKNm4B4hltlO_-R4AaABAg,0.0,neutral,0.0,neutral,
3909,GPcb8SYe8tA,UgzQy5VwyVcD5ATAQDZ4AaABAg,-0.1909,inflammatory,-0.03125,neutral,0.08838834764831845
3910,z_1OsbwBfJ0,UgzQzpYlur_PfcoyVjN4AaABAg,0.0,neutral,0.2478576923076923,sympathetic,0.4796664092246418
3911,50AKW9lBuNM,UgzR2MxJK-j6RLp2C1x4AaABAg,-0.2694666666666667,inflammatory,-0.0722090909090909,inflammatory,0.46375638745907416
3912,6Krjoo3fHtY,UgzR4vQEZRWIbVZUdol4AaABAg,-0.125,inflammatory,0.052900000000000016,sympathetic,0.48426403438620136
3913,z_1OsbwBfJ0,UgzR6gh7YG2RI9H23md4AaABAg,-0.061200000000000004,inflammatory,-0.06290740740740741,inflammatory,0.3773393167204021
3914,SFr12qevR18,UgzR7uGfZK627pn_cg14AaABAg,0.3457666666666667,sympathetic,0.08036666666666667,sympathetic,0.13919914990161877
3915,OybJv6v8qKo,UgzRAmgn_vLq2uZiHPx4AaABAg,-0.39225,inflammatory,-0.1727,inflammatory,0.3454
3916,UGdWOPXE4Pc,UgzRC53eZWsf4w0rD1l4AaABAg,-0.2023,inflammatory,-0.3330111111111111,inflammatory,0.3665776501794826
3917,Umco8iQzKbs,UgzRJ0VUGdMTnoryTVp4AaABAg,-0.24216666666666667,inflammatory,-0.7809,inflammatory,
3918,mgeeD8rYAwc,UgzRKRjQoxrQafjsJ-x4AaABAg,0.2023,sympathetic,-0.148675,inflammatory,0.4885121859619608
3919,Sy8scM6B_nU,UgzRNrjKXCOjuUaAe8R4AaABAg,-0.3102,inflammatory,-0.0384357142857143,neutral,0.439671957446498
3920,zx3JMdSDTJs,UgzRQ9glJ7M6v2lv1J54AaABAg,-0.1366,inflammatory,0.064,sympathetic,0.09050966799187808
3921,2ytZhL25V4w,UgzRXhwj6ckCq7aqLAl4AaABAg,0.36245,sympathetic,0.0,neutral,
3922,iDuNFBjJ774,UgzRe7R5bI0x7SSYJ154AaABAg,-0.17556666666666665,inflammatory,-0.13695454545454544,inflammatory,0.4296888580441349
3923,kzEZ-0ym5Xg,UgzRfPNkH-0h5S8kyTF4AaABAg,0.0,neutral,0.641475,sympathetic,0.14966703878944088
3924,t5mmdQiyhxc,UgzRh1uJvBqN4J7oQTN4AaABAg,-0.2911,inflammatory,-0.04159999999999999,neutral,0.4656956194769283
3925,SFr12qevR18,UgzRhbJq45-bIIXmril4AaABAg,0.0,neutral,0.0740333333333333,sympathetic,0.4415854783240349
3926,dR8H-nQkz4k,UgzRqKj-jptdGgWQUUR4AaABAg,-0.42595,inflammatory,0.05852857142857142,sympathetic,0.27073118102825244
3927,2ytZhL25V4w,UgzRr_wlsTW4ZQ57vgJ4AaABAg,0.10736666666666667,sympathetic,-0.03997499999999998,neutral,0.6968996693690324
3928,dR8H-nQkz4k,UgzS29FTsqkGRKs_ZWN4AaABAg,0.3612,sympathetic,0.07884444444444444,sympathetic,0.464463736773688
3929,OLgwMqMkgsg,UgzSCNtDHyYtQFmePBV4AaABAg,0.0,neutral,0.17492222222222223,sympathetic,0.39684964022214314
3930,2EM-F3VfwUI,UgzSF_vrSk4iS0fWjtp4AaABAg,0.4523,sympathetic,-0.18595555555555554,inflammatory,0.41099000934058944
3931,z_1OsbwBfJ0,UgzSFc9IFwhyW0DJbTJ4AaABAg,-0.1366,inflammatory,-0.2802428571428571,inflammatory,0.3109239020357599
3932,lhdAgnXWzFA,UgzSOUevOCgS7nEMlOF4AaABAg,0.04915,neutral,-0.022771428571428585,neutral,0.4958722742611774
3933,aWOy271EIKU,UgzSSre3FnF4hoGtaiZ4AaABAg,0.0,neutral,0.0,neutral,
3934,7H-oD45q0MM,UgzST9bsKYCIeLmBANN4AaABAg,-0.03423333333333333,neutral,-0.04830000000000001,neutral,0.5328942015072035
3935,ykwxUGxIDrQ,UgzSTumnsZduyjwP3014AaABAg,0.0,neutral,0.0,neutral,
3936,nihE9Yt3b-U,UgzSV3kTwvGPKbULphF4AaABAg,0.1027,sympathetic,-0.35875,inflammatory,0.08874190103891172
3937,X4jrbP6ZnP4,UgzSZLhwNLEAiRnFQ0d4AaABAg,0.08410000000000001,sympathetic,-0.09478,inflammatory,0.13633430236004437
3938,DgOOpBixH80,UgzS_m-RS0eR_LMVqcZ4AaABAg,-0.4696,inflammatory,-0.013037500000000014,neutral,0.5049826162142331
3939,GPcb8SYe8tA,UgzSbcNZg9Q5HLmrkcN4AaABAg,0.12040000000000001,sympathetic,0.1591,sympathetic,0.2250013777735594
3940,OLgwMqMkgsg,UgzSc7LiIGppkH_XMnR4AaABAg,0.0774,sympathetic,0.0,neutral,
3941,d6Pee6Fyvoo,UgzScy2cXlOKsW9IBvZ4AaABAg,0.16933333333333334,sympathetic,0.09396666666666666,sympathetic,0.49797444044180955
3942,bd04zIyOCas,UgzSmGgaSraRdMsRc3p4AaABAg,0.0,neutral,-0.19145333333333334,inflammatory,0.34867108091533294
3943,GPcb8SYe8tA,UgzSrRItq3nLxp55bVp4AaABAg,0.0,neutral,0.08874444444444445,sympathetic,0.4286770495113749
3944,CJHJd1gOB48,UgzSusmt2SfrRKJeFCl4AaABAg,-0.3825,inflammatory,0.0,neutral,0.0
3945,OqB0y-8Ej0c,UgzT2aXhTNanC-12RGV4AaABAg,-0.4215,inflammatory,-0.12425454545454545,inflammatory,0.36480959242771116
3946,ZSDPc8de7cw,UgzTD_DPUC4qtEGJIdF4AaABAg,0.0,neutral,0.20058333333333334,sympathetic,0.22115115569823882
3947,DgOOpBixH80,UgzTF6Cv6nMrb8VGeQl4AaABAg,-0.34,inflammatory,0.10056666666666667,sympathetic,0.3806801314752321
3948,6GfCWFftDSA,UgzTJ_QJtWHASYlUsvh4AaABAg,0.35125,sympathetic,-0.042850000000000006,neutral,0.3259932131195372
3949,OqB0y-8Ej0c,UgzTQcDhmGThoy6Fh_V4AaABAg,-0.15195,inflammatory,0.11780000000000002,sympathetic,0.6436364501797579
3950,LRt16Fm8HtE,UgzTQhZtFzAZtAhNvyR4AaABAg,0.0,neutral,0.0,neutral,
3951,6GfCWFftDSA,UgzTRL2bM9eMYN_alr54AaABAg,-0.4767,inflammatory,0.08038,sympathetic,0.1797351440314331
3952,nihE9Yt3b-U,UgzTTRIYGDg2blqIqSB4AaABAg,-0.03479473684210527,neutral,-0.0732375,inflammatory,0.2071469315485991
3953,p8UbRG5hbiM,UgzTW23KEAlxwBCxw4V4AaABAg,0.025733333333333334,neutral,0.08813,sympathetic,0.3233158072569639
3954,fo6qLarJ52U,UgzTX4R4EG839TLVQut4AaABAg,-0.31307142857142856,inflammatory,-0.3601,inflammatory,0.2576697110643779
3955,IJAwKvrhY58,UgzTbmjDZG45tpSd8ER4AaABAg,-0.20473333333333332,inflammatory,-0.19640000000000002,inflammatory,0.3414408330882526
3956,Bn7WbKVar1I,UgzTdoewfxj7ATs8kbB4AaABAg,-0.36325,inflammatory,0.13703333333333334,sympathetic,0.431928979501646
3957,lZqHWBKkcos,UgzTejtPYEQTD9AuVwR4AaABAg,0.3001666666666667,sympathetic,0.2918,sympathetic,0.41266751750046915
3958,7N4tatSKaRI,UgzTfQvUm2kBZ3TesDB4AaABAg,0.0,neutral,0.0,neutral,
3959,ZggP67JsVfU,UgzTkBKskcPeRoZsLW14AaABAg,0.0386,neutral,-0.41135,inflammatory,0.1631295344197365
3960,DgOOpBixH80,UgzTm8BN4RDQu5CR8DF4AaABAg,-0.4557,inflammatory,0.0724,sympathetic,0.22433037244207482
3961,13q2vOdV9kE,UgzTrWKU0SjTSyeN9HN4AaABAg,0.0,neutral,-0.5106,inflammatory,
3962,Sy8scM6B_nU,UgzTuwQwWbt-JetDjM54AaABAg,0.0,neutral,-0.1979142857142857,inflammatory,0.3876722732264605
3963,Djzvi2sVsdY,UgzTzXudqH7IFNI0dPZ4AaABAg,-0.8176,inflammatory,-0.23121999999999998,inflammatory,0.21546514103214004
3964,fo6qLarJ52U,UgzU33Xjt4BimdQOZll4AaABAg,0.08530000000000001,sympathetic,0.05612500000000001,sympathetic,0.3918793468658434
3965,d6Pee6Fyvoo,UgzU4vfJSkDfOoYeD5N4AaABAg,-0.3612,inflammatory,-0.31443333333333334,inflammatory,0.4532459891346714
3966,13q2vOdV9kE,UgzU6ypIZVARt3ZkGfl4AaABAg,0.10516,sympathetic,-0.17154999999999998,inflammatory,0.4342384943783773
3967,xXAIcenT5KQ,UgzU89Nd6tuCxMh6dcl4AaABAg,0.2057,sympathetic,0.2803125,sympathetic,0.3785705461243084
3968,zfQxhG5oWdU,UgzUAmbzMcXcdC_0rM54AaABAg,-0.7184,inflammatory,-0.1026888888888889,inflammatory,0.24152684863408275
3969,IJAwKvrhY58,UgzUOjhf4LGhwXiOyPN4AaABAg,-0.7003,inflammatory,-0.01595263157894736,neutral,0.3693346320200107
3970,fpVuA8E0KZs,UgzUVHdWAFJsnLuYX2h4AaABAg,-0.7906,inflammatory,-0.16115000000000002,inflammatory,0.3629902519352276
3971,tKdJkhBFqtI,UgzUbvqdqRvcyu3L7xV4AaABAg,-0.26335,inflammatory,0.065275,sympathetic,0.2936794109715072
3972,Tss1BYWFbtI,UgzUebkL5NgAvMDVmGp4AaABAg,-0.6506,inflammatory,0.21744545454545453,sympathetic,0.44635038336185257
3973,xHIyM7-R8Yw,UgzUrHtR1x2fdfPXZPF4AaABAg,0.0,neutral,0.16318571428571427,sympathetic,0.36743070742917605
3974,Bn7WbKVar1I,UgzUytoNAqWJZ-4DEe94AaABAg,-0.775,inflammatory,0.0,neutral,
3975,6D_RgBOrjI0,UgzV2COXyomEywy7II94AaABAg,0.0294,neutral,0.016042857142857154,neutral,0.30073353574852524
3976,qRw6gOjwCbQ,UgzV9aMmQWVlc4QH-mV4AaABAg,-0.1027,inflammatory,-0.021871428571428573,neutral,0.057866360817712695
3977,tKdJkhBFqtI,UgzVKR3fzI-N8cN5JkN4AaABAg,0.0,neutral,-0.2482,inflammatory,0.2740482256829991
3978,X4jrbP6ZnP4,UgzVMCmGYh2eBDgEfrh4AaABAg,0.05939999999999998,sympathetic,0.0,neutral,
3979,7N4tatSKaRI,UgzVPCEsz2L7PzVRpeN4AaABAg,0.6841,sympathetic,0.4404,sympathetic,
3980,qRw6gOjwCbQ,UgzVTq6bhH6zMJz42TR4AaABAg,0.3612,sympathetic,0.3612,sympathetic,
3981,RuHOwKXtDek,UgzVUnty_-3VgoSWO9d4AaABAg,0.5806,sympathetic,-0.07600000000000001,inflammatory,0.2779996474817909
3982,psP1uxfO6CQ,UgzVVYZva7Qt_tf9WRB4AaABAg,-0.9413,inflammatory,-0.071575,inflammatory,0.2676340611997765
3983,lP_9nYehuss,UgzV_82EYnjHadgWwrd4AaABAg,0.6948,sympathetic,0.15028333333333335,sympathetic,0.5186596318074761
3984,qRw6gOjwCbQ,UgzVcCZqFxIVPR3mbId4AaABAg,0.36755,sympathetic,0.16785,sympathetic,0.29761647419839804
3985,8QB4UxnzCrg,UgzVsBVlQNYzFPnADlR4AaABAg,0.0258,neutral,0.0,neutral,
3986,TybnJ6mrvI4,UgzW018SjprAVaevfMd4AaABAg,-0.39225,inflammatory,-0.26993333333333336,inflammatory,0.47175290495484323
3987,OLgwMqMkgsg,UgzW2trVVoyuzo3oiDt4AaABAg,0.0,neutral,0.019033333333333347,neutral,0.5710879295987031
3988,OLgwMqMkgsg,UgzW65na17StqdtQTkV4AaABAg,0.0,neutral,-0.21075,inflammatory,0.29804550827012977
3989,6GfCWFftDSA,UgzWAkY6uhDpfqF8Dy14AaABAg,-0.24035,inflammatory,-0.3274625,inflammatory,0.339538274457282
3990,vMKNBsd_XYg,UgzWHd6KEdnVsYTlTqp4AaABAg,0.0,neutral,-0.040499999999999994,neutral,0.3431475921524148
3991,lP_9nYehuss,UgzWKH0wOFaZTLxJv0Z4AaABAg,-0.7003,inflammatory,0.040237499999999995,neutral,0.23195355407925958
3992,Bn7WbKVar1I,UgzWMJN7pgPkzJsURel4AaABAg,-0.07655,inflammatory,-0.10513333333333334,inflammatory,0.4809088201866684
3993,eAF4_2edowo,UgzWQ9TmId9DEJsf-CV4AaABAg,-0.7964,inflammatory,0.12445999999999999,sympathetic,0.4738189039894649
3994,bd04zIyOCas,UgzWR-gHD98Ac_X9Pfp4AaABAg,-0.028766666666666645,neutral,0.3182,sympathetic,
3995,kzEZ-0ym5Xg,UgzWXOE6qJYkY2tLX2x4AaABAg,0.5423,sympathetic,0.4019,sympathetic,
3996,3L2BXNMGTew,UgzWY5vFWwNNIU3-b6N4AaABAg,0.0,neutral,-0.4215,inflammatory,
3997,xHIyM7-R8Yw,UgzWc37ZINqKctdkaZ14AaABAg,0.0,neutral,-0.17,inflammatory,0.24041630560342617
3998,Z6DD4PaM0zg,UgzWujPP45F0OE9l05N4AaABAg,0.057150000000000006,sympathetic,-0.603225,inflammatory,0.25652527328380986
3999,nihE9Yt3b-U,UgzWwGs2YP819mafpe94AaABAg,0.1806,sympathetic,0.013491666666666674,neutral,0.4604669200601678
4000,z_1OsbwBfJ0,UgzWwQ8jjaJ3MZ-4U5V4AaABAg,0.0,neutral,0.7778,sympathetic,
4001,WcIOWDNlR7s,UgzWxDKMLJxVvR5i_r14AaABAg,0.1421,sympathetic,0.04664210526315789,neutral,0.2079346433532247
4002,fpVuA8E0KZs,UgzWyfyNm9aR5rMdWCp4AaABAg,-0.12595,inflammatory,0.07114999999999998,sympathetic,0.4763739948821724
4003,UGdWOPXE4Pc,UgzX2Dm-VGuPhRhwj8V4AaABAg,0.0249,neutral,-0.3117142857142858,inflammatory,0.43010158656055286
4004,54oSf8j9Eh0,UgzX2ePXhjrKXBknvlh4AaABAg,0.374,sympathetic,-0.007259999999999997,neutral,0.3237521727082821
4005,Djzvi2sVsdY,UgzX4ElPEtDIR_pkrHV4AaABAg,0.2263,sympathetic,0.1779,sympathetic,0.2515885927461736
4006,aGLmGnuYb_8,UgzX6dPckUpsT8uhJE94AaABAg,0.6841,sympathetic,0.21275000000000002,sympathetic,0.6894998223350025
4007,TybnJ6mrvI4,UgzXCU90HZ-yYr_3f1V4AaABAg,-0.025675,neutral,0.0,neutral,
4008,usjbT_SKy68,UgzXJ-ynn97_iZ6a5E94AaABAg,-0.09866666666666667,inflammatory,-0.25,inflammatory,
4009,p8UbRG5hbiM,UgzXPVjufKcudpHHx5p4AaABAg,-0.0612,inflammatory,-0.2552866666666667,inflammatory,0.454026844496897
4010,fo6qLarJ52U,UgzXPoK94TQ6ggNJkEp4AaABAg,-0.4229333333333334,inflammatory,-0.3314076923076923,inflammatory,0.3696329901887782
4011,xXAIcenT5KQ,UgzXZ0cI1sjc0A_uWm94AaABAg,-0.37495,inflammatory,0.045930000000000006,neutral,0.24596090949579774
4012,xHIyM7-R8Yw,UgzXaJ8mrKnFnLSBS1d4AaABAg,-0.6079,inflammatory,-0.2584,inflammatory,0.28508387159948884
4013,fo6qLarJ52U,UgzXejCK-cVqNX7P_QF4AaABAg,0.0,neutral,0.5916,sympathetic,0.21382909063081199
4014,X4jrbP6ZnP4,UgzXodRTIOta0_J0Kvt4AaABAg,0.220575,sympathetic,0.13473000000000002,sympathetic,0.28809100819012035
4015,6Krjoo3fHtY,UgzXuaw2K3-bJj1kjxJ4AaABAg,-0.45089999999999997,inflammatory,-0.2378,inflammatory,0.46482191571970155
4016,lqvigepgbqI,UgzY2e9wpOMApsxlka14AaABAg,-0.33695,inflammatory,0.0,neutral,
4017,nihE9Yt3b-U,UgzY7QbnW_UJBY197Ft4AaABAg,0.19935,sympathetic,-0.0039000000000000146,neutral,0.4883217893971147
4018,qYbQZNOX9zc,UgzY921k3W4EtfPGFNh4AaABAg,-0.26916666666666667,inflammatory,-0.13259285714285712,inflammatory,0.539307782060679
4019,Sy8scM6B_nU,UgzYAT9zDDb1qWVAr6J4AaABAg,-0.063,inflammatory,0.059179999999999996,sympathetic,0.23979131112050095
4020,CJHJd1gOB48,UgzYAXoOXmSj1an6g9V4AaABAg,-0.3612,inflammatory,0.6369,sympathetic,
4021,vMKNBsd_XYg,UgzYGnmJrmedmOhnJeh4AaABAg,-0.007599999999999977,neutral,0.0,neutral,0.0
4022,aWOy271EIKU,UgzYIXZzvKE643w5_Ml4AaABAg,0.0,neutral,0.0,neutral,
4023,TybnJ6mrvI4,UgzYLAnhpjXjWmDiKLF4AaABAg,0.07655,sympathetic,-0.382625,inflammatory,0.26261956596676383
4024,kin9OECNFRk,UgzYNSGFR1uefMCUdfJ4AaABAg,-0.4019,inflammatory,-0.17556666666666665,inflammatory,0.30409038678217587
4025,7H-oD45q0MM,UgzYfTugTiknZ4TqTYx4AaABAg,-0.5255,inflammatory,-0.13135,inflammatory,0.19991169800689504
4026,OLgwMqMkgsg,UgzYftyKktllqRp4DXd4AaABAg,-0.807,inflammatory,-0.33966666666666673,inflammatory,0.2959829781141702
4027,t5mmdQiyhxc,UgzYo4K93LxKS6KZokZ4AaABAg,-0.0991,inflammatory,-0.32273,inflammatory,0.46439689933408373
4028,WcIOWDNlR7s,UgzYqI4XSZboLXOFlm54AaABAg,0.8126,sympathetic,0.08603,sympathetic,0.40895901737079826
4029,6GfCWFftDSA,UgzYvkoJTPnZsn__ZLB4AaABAg,-0.7506,inflammatory,-0.14259999999999998,inflammatory,0.3883470406736737
4030,OLgwMqMkgsg,UgzZ13uhQ7ScC0Z4c9l4AaABAg,-0.16479999999999997,inflammatory,0.22293333333333332,sympathetic,0.38613186003402167
4031,eE61i2y1mJ0,UgzZ2e6BZTVUc1290p94AaABAg,-0.5469333333333334,inflammatory,-0.16615999999999997,inflammatory,0.46853495387217375
4032,qRw6gOjwCbQ,UgzZ5DipwbcmBbqCoip4AaABAg,-0.29226,inflammatory,0.03464285714285715,neutral,0.3209937279863789
4033,nihE9Yt3b-U,UgzZ7-GihvNlYCTuUU54AaABAg,0.0,neutral,0.0612,sympathetic,0.3738745979603321
4034,Bn7WbKVar1I,UgzZDI8OxG40-qVhzqB4AaABAg,-0.09573333333333332,inflammatory,-0.08886190476190475,inflammatory,0.41480678571618196
4035,NrEyGPb2fNI,UgzZDbL7XucV95BlwSJ4AaABAg,-0.5423,inflammatory,0.17544545454545454,sympathetic,0.2857150621288152
4036,54oSf8j9Eh0,UgzZFMB2CSGSVLpb80B4AaABAg,0.257,sympathetic,0.14049999999999999,sympathetic,0.24335313846342727
4037,7bTckdh1-W0,UgzZOLuZazvqA68z2mB4AaABAg,0.15293333333333334,sympathetic,-0.01815,neutral,0.6484876290261827
4038,xHIyM7-R8Yw,UgzZUNUS7fVcRIYjX214AaABAg,0.1897,sympathetic,-0.08895,inflammatory,0.1257942963730868
4039,GpmP2vtnXcc,UgzZVu_xRPg0PdhUh-Z4AaABAg,-0.6059,inflammatory,0.0,neutral,0.0
4040,wu2Lp8LpiVg,UgzZdqf-armtJXZKhhl4AaABAg,0.3106333333333333,sympathetic,0.2847,sympathetic,0.45269142912142707
4041,IJAwKvrhY58,UgzZhsjUPWz1a-uzxYx4AaABAg,-0.023733333333333346,neutral,0.01475,neutral,0.39088946190524426
4042,46xekr1CEUU,UgzZlqw8agENk0rka4R4AaABAg,-0.2732,inflammatory,0.131525,sympathetic,0.33222610147307813
4043,TybnJ6mrvI4,UgzZrCyP_a1u9HY29NF4AaABAg,-0.09866666666666667,inflammatory,-0.08309000000000002,inflammatory,0.3788928768281493
4044,mgeeD8rYAwc,UgzZrTliEOiOeC6dE6B4AaABAg,-0.6329,inflammatory,-0.03771666666666667,neutral,0.24641724303844217
4045,6GfCWFftDSA,UgzZt4noUSwXbnpDtdt4AaABAg,-0.6808,inflammatory,-0.09339090909090908,inflammatory,0.4667129748668778
4046,lZqHWBKkcos,UgzZw7hPt5LCZW4wwV14AaABAg,-0.062049999999999966,inflammatory,0.4971,sympathetic,0.08018590898655445
4047,lqvigepgbqI,Ugz_2AUFjDliPXN_-KB4AaABAg,0.0,neutral,-0.10141111111111112,inflammatory,0.39266131539930327
4048,bd04zIyOCas,Ugz_2vX0LKb50_z9dn94AaABAg,0.0,neutral,-0.07661666666666665,inflammatory,0.38393069383245026
4049,ZSDPc8de7cw,Ugz_3v9A9tn2MNbCViV4AaABAg,-0.24355,inflammatory,0.4404,sympathetic,
4050,lP_9nYehuss,Ugz_4Cc62eR56xdWxvV4AaABAg,0.0,neutral,-0.11999999999999998,inflammatory,0.33703943982863493
4051,2EM-F3VfwUI,Ugz_6vQ-732RwVxKKDd4AaABAg,-0.119175,inflammatory,0.22927,sympathetic,0.3046904587719587
4052,mja0Lze2l0c,Ugz_71Df-ivx9_0k7YR4AaABAg,0.3597,sympathetic,-0.0764962962962963,inflammatory,0.4479810645736315
4053,Tss1BYWFbtI,Ugz_71JuPk4Sb0atH4l4AaABAg,-0.4767,inflammatory,0.33954999999999996,sympathetic,0.575797420973731
4054,46xekr1CEUU,Ugz_7E1NX3L4BdJ5DX94AaABAg,0.4168,sympathetic,0.22000000000000003,sympathetic,0.38335458781655396
4055,GPcb8SYe8tA,Ugz_GxDis7HybEe940h4AaABAg,-0.0486,neutral,0.19932499999999997,sympathetic,0.19132247428534543
4056,6D_RgBOrjI0,Ugz_IzhzmZWZ-P3sYBt4AaABAg,-0.3822,inflammatory,-0.13443999999999998,inflammatory,0.421831557615122
4057,54oSf8j9Eh0,Ugz_KMnyRJN5Knnynv14AaABAg,-0.3048,inflammatory,-0.03937333333333335,neutral,0.3215905770356079
4058,Bn7WbKVar1I,Ugz_O_ukm8or3r5YhWx4AaABAg,-0.125,inflammatory,-0.08032500000000001,inflammatory,0.4080044283723261
4059,WcIOWDNlR7s,Ugz_RVwt_eN71tyCN0p4AaABAg,0.3612,sympathetic,0.3612,sympathetic,
4060,qRw6gOjwCbQ,Ugz_bDsxYadrAFN_5bp4AaABAg,-0.4491,inflammatory,-0.028742857142857143,neutral,0.39869714846042753
4061,mMPRQSnKe9w,Ugz_gvoLGF76X_SO1Xt4AaABAg,0.0129,neutral,0.0,neutral,0.0
4062,RuHOwKXtDek,Ugz_hou8rM4gaavaaEZ4AaABAg,0.0,neutral,-0.04291999999999998,neutral,0.7381730806524984
4063,IOueE_uol8M,Ugz_nw-XydsfDDhfKvx4AaABAg,-0.06326666666666667,inflammatory,-0.02933333333333334,neutral,0.3182156082490822
4064,SFr12qevR18,Ugz_rPVMh6haUzR_jol4AaABAg,0.35126,sympathetic,-0.21121111111111113,inflammatory,0.37906206432602974
4065,54oSf8j9Eh0,Ugz_rzyEjdEXxjVuByZ4AaABAg,0.5719,sympathetic,-0.005499999999999999,neutral,0.3533173880049872
4066,p8UbRG5hbiM,Ugz_ugh5oNihdjYNbAB4AaABAg,-0.0992,inflammatory,-0.16656666666666667,inflammatory,0.31111294305016196
4067,WcIOWDNlR7s,Ugz_wcD0VkcWutexbll4AaABAg,0.6657,sympathetic,0.0,neutral,
4068,iCknHYY2wmw,Ugz_ym2r_SsGL9cSqpl4AaABAg,0.0,neutral,0.18855714285714287,sympathetic,0.24199070820414334
4069,SFr12qevR18,Ugza-c5QhYlz7iGwBZt4AaABAg,-0.0893,inflammatory,-0.013563333333333335,neutral,0.4064078667132771
4070,WcIOWDNlR7s,Ugza0bA6-2_0bBNIEHd4AaABAg,-0.78005,inflammatory,-0.06459230769230768,inflammatory,0.3389358382288563
4071,qYbQZNOX9zc,Ugza7IefNrxhvirimzl4AaABAg,0.0,neutral,-0.12292222222222222,inflammatory,0.21578495532461117
4072,qYbQZNOX9zc,Ugza8smF8Ypjxl0WXth4AaABAg,0.05047142857142856,sympathetic,-0.35072499999999995,inflammatory,0.30239124491294384
4073,_BS6EnE31XM,UgzaI9AtozmcDHBysEN4AaABAg,-0.03740000000000002,neutral,-0.00844545454545455,neutral,0.36586281408100596
4074,6GfCWFftDSA,UgzaKO-XJOMXiXRdt4N4AaABAg,-0.17020000000000002,inflammatory,-0.09739999999999999,inflammatory,0.38916335901520843
4075,2ytZhL25V4w,UgzaLVNlA4vuR8icR414AaABAg,0.2057,sympathetic,-0.127525,inflammatory,0.5716905653410768
4076,rdmy9RjkNtA,UgzaQBR6S1uZcq5xhnV4AaABAg,-0.34,inflammatory,-0.06494,inflammatory,0.19130958679585297
4077,aGLmGnuYb_8,UgzaRBDhnXkD_7JUnpt4AaABAg,-0.875,inflammatory,0.04836,neutral,0.5340828053775931
4078,mMPRQSnKe9w,UgzaUdys82nZoVQ3_GJ4AaABAg,-0.30575,inflammatory,0.08484545454545453,sympathetic,0.3920793602413582
4079,qYbQZNOX9zc,UgzaXA4ZDrUa3EjsXeZ4AaABAg,0.2057,sympathetic,0.12835555555555558,sympathetic,0.5308704529146238
4080,GPcb8SYe8tA,UgzaZAx8zH-A15L2TDd4AaABAg,0.5017,sympathetic,0.005589999999999998,neutral,0.2945375337334408
4081,z_1OsbwBfJ0,Ugzaa9HAa6x58fUsHUh4AaABAg,0.0,neutral,-0.2929,inflammatory,0.08909045964636168
4082,Bn7WbKVar1I,UgzaiEuP8dWJzLIhWi54AaABAg,-0.4739,inflammatory,0.0,neutral,
4083,X4jrbP6ZnP4,Ugzameyqap3hz8P6WRV4AaABAg,-0.17,inflammatory,0.010699999999999998,neutral,0.38036026343454965
4084,mMPRQSnKe9w,UgzapnTOHkVwkXZvcEZ4AaABAg,0.060922222222222225,sympathetic,0.021590909090909084,neutral,0.21925424262506507
4085,p8UbRG5hbiM,Ugzar6CtMqxO3OPV1Nt4AaABAg,-0.7506,inflammatory,-0.4193333333333334,inflammatory,0.46606688218180303
4086,fpVuA8E0KZs,UgzaxgnQgUZrzSB-kyR4AaABAg,0.2202,sympathetic,-0.026049999999999993,neutral,0.2162560582440934
4087,Sy8scM6B_nU,UgzbEc6XWqIcvnH02q14AaABAg,0.0,neutral,0.19035,sympathetic,0.40298015459821346
4088,WcIOWDNlR7s,UgzbNf0FJ9OrKiMDUvh4AaABAg,0.5859,sympathetic,0.6686000000000001,sympathetic,0.04483056992722712
4089,Bn7WbKVar1I,UgzbS_IFocSzAmhZuTh4AaABAg,0.5574,sympathetic,-0.24028571428571427,inflammatory,0.40905648928793614
4090,VCwKVFgL6zU,UgzbW-313faONY55BaV4AaABAg,0.0,neutral,-0.27423333333333333,inflammatory,0.26402379311973634
4091,xHIyM7-R8Yw,UgzbXDPUpC1t3UCfud14AaABAg,0.5697,sympathetic,-0.06841666666666664,inflammatory,0.4388503909838371
4092,tKdJkhBFqtI,Ugzb_DWLlde7-D9gL4N4AaABAg,-0.33525,inflammatory,-0.055445454545454576,inflammatory,0.5138065421219087
4093,gc-7CsqGK9o,Ugzbh_i2xPQxgJNaTFh4AaABAg,0.0,neutral,-0.251075,inflammatory,0.3794621928905874
4094,zfQxhG5oWdU,UgzbnwqND-NFLSGY5nl4AaABAg,-0.37675000000000003,inflammatory,-0.018207692307692296,neutral,0.4860945149206041
4095,46xekr1CEUU,UgzbplyRiV5Z4eSTAE54AaABAg,0.0,neutral,0.0657,sympathetic,0.37298078464484696
4096,lZqHWBKkcos,Ugzbqsv0pE8_b05PtWR4AaABAg,-0.3182,inflammatory,0.19733636363636364,sympathetic,0.3324930684171544
4097,OLgwMqMkgsg,UgzbqvhS6gPDFvkqPnp4AaABAg,-0.67525,inflammatory,0.04338571428571429,neutral,0.2905942395986405
4098,mgeeD8rYAwc,UgzbreiArcwld7uf1594AaABAg,-0.42955,inflammatory,0.14984444444444447,sympathetic,0.3030427449680619
4099,7bTckdh1-W0,UgzbyBpwb9qfDlCrgRF4AaABAg,0.3419,sympathetic,0.06271428571428571,sympathetic,0.31255207261388956
4100,Djzvi2sVsdY,Ugzc5cuL40_ZaYL51ex4AaABAg,-0.0772,inflammatory,0.030612499999999987,neutral,0.28076506924320704
4101,xQEZ2SRu6bA,Ugzc9TzE9BQ_sFUjF9B4AaABAg,-0.00955,neutral,0.0,neutral,0.0
4102,OqB0y-8Ej0c,UgzcA8_jIw5IfbsJHIB4AaABAg,-0.5574,inflammatory,-0.4672714285714286,inflammatory,0.3345961083370303
4103,7bTckdh1-W0,UgzcAkRAvyGEmMPcFqR4AaABAg,0.12990000000000002,sympathetic,0.2218,sympathetic,0.6051009915708286
4104,OqB0y-8Ej0c,UgzcGk261eNQczMYiJV4AaABAg,-0.39744999999999997,inflammatory,0.05136666666666669,sympathetic,0.5362981477996482
4105,xEXaGltX3UA,UgzcLFenO6sYYwzOSNV4AaABAg,0.1366,sympathetic,-0.72435,inflammatory,0.04744686501761737
4106,50AKW9lBuNM,UgzcN6O4GD-WE_a2G2d4AaABAg,0.16623333333333332,sympathetic,0.12040000000000001,sympathetic,0.20853891723129284
4107,Sy8scM6B_nU,UgzcNIPViy5XYSwsRh14AaABAg,-0.2553,inflammatory,0.131325,sympathetic,0.24639239755201167
4108,mgeeD8rYAwc,UgzcTB6U2VxZxvOXdxJ4AaABAg,-0.5859,inflammatory,0.20108,sympathetic,0.5084259552776589
4109,lqvigepgbqI,UgzcTKLr1G6hWcNMwYF4AaABAg,-0.5267,inflammatory,-0.10716,inflammatory,0.4315228881531083
4110,WcIOWDNlR7s,UgzcdreL_7JmTRLTvH94AaABAg,-0.41125,inflammatory,-0.284875,inflammatory,0.7947109217612821
4111,7bTckdh1-W0,Ugzci1JceYHM_mL8S4J4AaABAg,-0.2732,inflammatory,-0.13111428571428574,inflammatory,0.40518210896900597
4112,6D_RgBOrjI0,Ugzcl7Gt3ffEGG5paI14AaABAg,-0.34786,inflammatory,-0.04711304347826088,neutral,0.48525014477478784
4113,lZqHWBKkcos,UgzcoGrxgVXL9VuNM_54AaABAg,-0.3023166666666666,inflammatory,-0.22106000000000003,inflammatory,0.5218111965921093
4114,_BS6EnE31XM,UgzcsumnChXFdIhz75F4AaABAg,-0.23275,inflammatory,-0.09305454545454545,inflammatory,0.19627635804465277
4115,46xekr1CEUU,Ugzct01Ko2tzHLu9tHV4AaABAg,0.34,sympathetic,-0.1766090909090909,inflammatory,0.3709007831066024
4116,TybnJ6mrvI4,Ugzcw5ieqD6K6h7fVjl4AaABAg,-0.21892857142857144,inflammatory,-0.11522999999999999,inflammatory,0.42398992925671136
4117,gc-7CsqGK9o,UgzcwaKFHc0Ottlh7NF4AaABAg,0.0,neutral,0.1667,sympathetic,0.5894831889036362
4118,DgOOpBixH80,Ugzd0uTjz7CbgcVQpf94AaABAg,0.47065,sympathetic,0.0,neutral,0.0
4119,p8UbRG5hbiM,Ugzd4qxALM1j9QF3a8V4AaABAg,0.3818,sympathetic,0.033220000000000006,neutral,0.5065433485892397
4120,bd04zIyOCas,Ugzd9W9294Jq0A1oBr94AaABAg,0.49905,sympathetic,0.0,neutral,
4121,p8UbRG5hbiM,Ugzd9qWBKcUfSDGV09V4AaABAg,-0.26647499999999996,inflammatory,0.15581666666666663,sympathetic,0.5550661128790575
4122,SFr12qevR18,UgzdBBpVE5Pw0-yf_-l4AaABAg,-0.2263,inflammatory,-0.2800125,inflammatory,0.2678658856192244
4123,lhdAgnXWzFA,UgzdDGxxySpSu_P5DsN4AaABAg,-0.0258,neutral,0.02463333333333333,neutral,0.3647741812866329
4124,eAF4_2edowo,UgzdDpvj_jrR1F5d1kt4AaABAg,-0.6213,inflammatory,-0.17750000000000002,inflammatory,0.4548308740619968
4125,3L2BXNMGTew,UgzdE0Qu5UrOAVgh7Sp4AaABAg,-0.25453333333333333,inflammatory,-0.26685555555555557,inflammatory,0.4669474625456035
4126,Y1vPwS2h088,UgzdK4Rqk8pTey412T94AaABAg,0.7351,sympathetic,0.0,neutral,0.0
4127,lqvigepgbqI,UgzdRdhm7bsoSNKlQDB4AaABAg,0.0,neutral,0.18176666666666666,sympathetic,0.3873455430193688
4128,50AKW9lBuNM,UgzdWtQYbM6zm-WSI894AaABAg,-0.20331000000000002,inflammatory,-0.09787272727272729,inflammatory,0.3320769642444627
4129,z_1OsbwBfJ0,UgzdbEyXKYs_Dhm8_594AaABAg,0.2553,sympathetic,0.1366,sympathetic,0.19318157262016478
4130,qRw6gOjwCbQ,UgzdfTkbY0W_4PeKOVJ4AaABAg,-0.7269,inflammatory,-0.17733636363636363,inflammatory,0.501578742118777
4131,d6Pee6Fyvoo,Ugzdgy0Kcg1-rds_gcV4AaABAg,-0.19256,inflammatory,0.017359999999999997,neutral,0.40066527551061876
4132,Djzvi2sVsdY,UgzdhC4DYoZWxIi5gWN4AaABAg,0.0258,neutral,0.07754285714285714,sympathetic,0.3886934690178661
4133,dR8H-nQkz4k,UgzdllT4E-JX1ubb3Dl4AaABAg,-0.2562,inflammatory,-0.2166,inflammatory,0.7723014113673495
4134,zfQxhG5oWdU,Ugzdm8E8RdAUCF5x2iV4AaABAg,-0.1363,inflammatory,0.03805416666666667,neutral,0.2850346218164698
4135,SFr12qevR18,Ugzdp0qaJ_vaYbKQ19N4AaABAg,-0.4767,inflammatory,0.014999999999999994,neutral,0.29598520233281933
4136,GpmP2vtnXcc,Ugzdzvcw79S7Ijoaxv54AaABAg,-0.13235,inflammatory,0.0,neutral,
4137,a7jLOtY-1VY,Ugze1q8CFflq_6CdMep4AaABAg,-0.48639999999999994,inflammatory,-0.37299,inflammatory,0.3522828170976016
4138,xEXaGltX3UA,Ugze4r1-v7s6RpStfv94AaABAg,-0.16365,inflammatory,0.0,neutral,
4139,z_1OsbwBfJ0,Ugze633wE2WglZoPvY14AaABAg,-0.09866666666666667,inflammatory,-0.2321571428571428,inflammatory,0.49615094093478873
4140,p8hpDXwUFvw,Ugze7ckkDbnwElVPQfZ4AaABAg,-0.27466666666666667,inflammatory,0.1672,sympathetic,0.24367750545888855
4141,2ytZhL25V4w,UgzeClLKlrVftEK0lAx4AaABAg,0.0,neutral,-0.2329,inflammatory,0.4658
4142,Djzvi2sVsdY,UgzeDL5ZOMC75ecmqf94AaABAg,-0.10013333333333331,inflammatory,0.35135,sympathetic,0.49688393513978696
4143,7bTckdh1-W0,UgzeFFPyXN8eOorzdAB4AaABAg,-0.839,inflammatory,0.56645,sympathetic,0.2902673336770778
4144,psP1uxfO6CQ,UgzeIJ5So6EvofhXOXZ4AaABAg,0.0129,neutral,-0.027729999999999998,neutral,0.3448438553252117
4145,kin9OECNFRk,UgzePfUYmG43f9diOMJ4AaABAg,-0.3382,inflammatory,-0.23316666666666666,inflammatory,0.06933976732967405
4146,6D_RgBOrjI0,UgzeTR2GeJv7bVsplDB4AaABAg,-0.01032,neutral,-0.07999166666666667,inflammatory,0.2737542808576311
4147,aGLmGnuYb_8,UgzeYfxz43-VI2ll7Ql4AaABAg,0.0,neutral,0.044866666666666666,neutral,0.3236813721341818
4148,qYbQZNOX9zc,Ugzeb2plCTPidChgRVp4AaABAg,-0.5994,inflammatory,0.25345,sympathetic,0.24083294417500276
4149,gc-7CsqGK9o,Ugzeh2Ti_oQKOerPSrB4AaABAg,-0.7717,inflammatory,-0.12045714285714285,inflammatory,0.4319531990742472
4150,usjbT_SKy68,UgzeiHqkrUw3f7yfLW14AaABAg,0.21315,sympathetic,0.05645,sympathetic,0.29028426776370625
4151,lP_9nYehuss,UgzelQdSSKlUa52mOTx4AaABAg,0.0,neutral,-0.13018000000000002,inflammatory,0.47376388821624826
4152,psP1uxfO6CQ,UgzemfoipA_0lSYPJN54AaABAg,0.5859,sympathetic,0.0,neutral,
4153,fo6qLarJ52U,UgzeqauGeJacRVJ6ckp4AaABAg,-0.5423,inflammatory,0.002805555555555556,neutral,0.2283308112784715
4154,WcIOWDNlR7s,UgzetvmgcCX8luVjOBt4AaABAg,0.0658,sympathetic,0.0023000000000000034,neutral,0.36221588590231657
4155,2ytZhL25V4w,Ugzf2mPFL0Lp_wmnUc94AaABAg,-0.3134,inflammatory,-0.31053333333333333,inflammatory,0.5378595107770554
4156,fFsTLNhzylo,Ugzf32HJvEeAkAFpjlt4AaABAg,0.0,neutral,0.0046333333333333365,neutral,0.2602095635630961
4157,IoqeVMg760U,Ugzf69UWyGyXZeP8OEB4AaABAg,0.2083,sympathetic,-0.0862,inflammatory,0.4057215350458982
4158,nihE9Yt3b-U,UgzfDSVd3QdFUdyVPWB4AaABAg,-0.09866666666666667,inflammatory,-0.17883749999999998,inflammatory,0.2697901191534952
4159,a7jLOtY-1VY,UgzfRauyAGwGqCYC2p94AaABAg,0.25644999999999996,sympathetic,0.09997777777777778,sympathetic,0.37663703939528365
4160,tKdJkhBFqtI,UgzfWX4b90cwr_ObFzJ4AaABAg,-0.0516,inflammatory,-0.10792500000000002,inflammatory,0.6102225911208841
4161,OLgwMqMkgsg,UgzfYd6op8cql8x6HNR4AaABAg,-0.31005,inflammatory,-0.09354499999999999,inflammatory,0.3906684305203879
4162,6Krjoo3fHtY,UgzfbSMYZ432JoZ8wDx4AaABAg,0.2997,sympathetic,0.46563333333333334,sympathetic,0.40421776721630304
4163,xEXaGltX3UA,UgzfcT3lDaM-ziLX2pd4AaABAg,-0.4648,inflammatory,-0.19276666666666667,inflammatory,0.3146681850245853
4164,lqvigepgbqI,Ugzfd22Tk9IzC9QHUXZ4AaABAg,0.126,sympathetic,-0.0991,inflammatory,0.2927236096844029
4165,qYbQZNOX9zc,Ugzfdm33-ugtc79jZZV4AaABAg,-0.0439,neutral,-0.03187777777777777,neutral,0.35384043189244224
4166,_BS6EnE31XM,Ugzfed9nxkIjd5-sk-d4AaABAg,-0.7906,inflammatory,0.05704285714285714,sympathetic,0.5284296858212479
4167,qYbQZNOX9zc,Ugzfjx7agPR8QhedQz14AaABAg,-0.6369,inflammatory,-0.04615,neutral,0.34668838210374786
4168,7H-oD45q0MM,UgzfuJypc9k7n9RuRxl4AaABAg,-0.28591,inflammatory,0.01531,neutral,0.2447849552838845
4169,WcIOWDNlR7s,UgzfwNocdevAw17h4zV4AaABAg,0.0,neutral,-0.15367999999999998,inflammatory,0.2738493089273734
4170,iCknHYY2wmw,UgzfyrnyoyIh_IdUJUh4AaABAg,0.0,neutral,-0.3562666666666667,inflammatory,0.37674513047063174
4171,t5mmdQiyhxc,Ugzg0bEdO00jS1roRKB4AaABAg,-0.49510000000000004,inflammatory,-0.34703,inflammatory,0.4845994521251546
4172,yySFCBFXevg,Ugzg3yyp2swEZnbcAwp4AaABAg,0.1749,sympathetic,-0.5267,inflammatory,
4173,X4jrbP6ZnP4,Ugzg6T1T-ieqW1WuGGh4AaABAg,0.18145,sympathetic,0.0,neutral,
4174,lZqHWBKkcos,UgzgC7h1maZoKbI5MUl4AaABAg,0.9205,sympathetic,0.66435,sympathetic,0.33538074631677944
4175,ZSDPc8de7cw,UgzgHOszm_GQJ1fdKeN4AaABAg,-0.1603,inflammatory,0.054975,sympathetic,0.4723286620564117
4176,54oSf8j9Eh0,UgzgRYt8MFKBtPZI8z14AaABAg,-0.5563,inflammatory,0.1368,sympathetic,0.3825365951992916
4177,Vm87-9F7OF4,UgzgRpgRxR9taifpszh4AaABAg,0.331075,sympathetic,-0.17020000000000002,inflammatory,0.29479504744822294
4178,fo6qLarJ52U,UgzgU7y1rgJ9AWHvad14AaABAg,-0.2732,inflammatory,-0.01783333333333333,neutral,0.46740522390462574
4179,GpmP2vtnXcc,UgzgW-LuTd60FhcaTWN4AaABAg,0.4404,sympathetic,0.0,neutral,0.0
4180,IJAwKvrhY58,UgzgWmvO1hkrHmBcd7h4AaABAg,-0.14836666666666667,inflammatory,-0.1326952380952381,inflammatory,0.3287678519505678
4181,IoqeVMg760U,Ugzga7tYAhkNnN7u0Bp4AaABAg,0.4853,sympathetic,-0.105025,inflammatory,0.21005
4182,xEXaGltX3UA,UgzgeNE5NkFvma7WHrh4AaABAg,-0.7096,inflammatory,0.24484,sympathetic,0.5398322637634768
4183,6D_RgBOrjI0,UgzgjWWOsKiKAb4d5EF4AaABAg,-0.6808,inflammatory,-0.10417692307692307,inflammatory,0.3532585506250961
4184,lhdAgnXWzFA,UgzguS-taujZhbq2EkN4AaABAg,0.2202,sympathetic,0.42965,sympathetic,0.03924442635585338
4185,50AKW9lBuNM,UgzgupAj_9qZF-vsl254AaABAg,-0.3062,inflammatory,0.1761166666666667,sympathetic,0.5115323873747716
4186,13q2vOdV9kE,UgzgvV9ZRNbTlfzABFV4AaABAg,-0.22463333333333335,inflammatory,0.0,neutral,0.0
4187,xHIyM7-R8Yw,UgzgyMm5v-Suxn24dyF4AaABAg,-0.2628,inflammatory,0.0,neutral,0.5108139387291619
4188,2EM-F3VfwUI,Ugzh1jN7fJwHVkdAfRh4AaABAg,-0.3884,inflammatory,-0.168825,inflammatory,0.42646904049414885
4189,TybnJ6mrvI4,Ugzh2VCdIUO5nQDizVV4AaABAg,-0.2342,inflammatory,0.2543666666666667,sympathetic,0.2212259553789594
4190,Bn7WbKVar1I,Ugzh7PY1JKgmRErJzyx4AaABAg,0.0,neutral,-0.15589230769230766,inflammatory,0.2898959826717693
4191,2EM-F3VfwUI,UgzhAM7iTEnId22QWqx4AaABAg,-0.41135,inflammatory,-0.19758571428571428,inflammatory,0.25266737309864806
4192,Umco8iQzKbs,UgzhEgzMOb4b8AAglQp4AaABAg,0.3715,sympathetic,0.11911000000000001,sympathetic,0.43478846312507724
4193,usjbT_SKy68,UgzhFwiwnTZ5H86iXl94AaABAg,0.3818,sympathetic,-0.2732,inflammatory,
4194,tKdJkhBFqtI,UgzhVSMV63pYJoV7oLB4AaABAg,-0.28645,inflammatory,-0.029787499999999995,neutral,0.4764829375973798
4195,zfQxhG5oWdU,UgzhVxjtkHo0gOt4F4Z4AaABAg,-0.0121,neutral,-0.013227272727272733,neutral,0.3040069870608539
4196,mMPRQSnKe9w,UgzheuF1O8bTcbepn6p4AaABAg,-0.1944,inflammatory,-0.2861666666666666,inflammatory,0.38651650762505174
4197,Djzvi2sVsdY,UgzhgS6oEP_54ESRJJt4AaABAg,-0.7184,inflammatory,-0.07387142857142857,inflammatory,0.31562443248416683
4198,RuHOwKXtDek,UgzhmiLSESc7LRtGNg14AaABAg,0.273225,sympathetic,0.17485555555555554,sympathetic,0.37461081842063476
4199,2EM-F3VfwUI,UgzhqnU5Uns2nXm7Tl54AaABAg,0.0,neutral,-0.057729411764705876,inflammatory,0.44992902602064067
4200,GPcb8SYe8tA,Ugzhr6gmOU5jqaIcI314AaABAg,0.22393333333333332,sympathetic,0.07793749999999999,sympathetic,0.3878074961977177
4201,xQEZ2SRu6bA,UgzhrSsO8NCgQZjbLTF4AaABAg,0.3612,sympathetic,-0.7717,inflammatory,
4202,zfQxhG5oWdU,Ugzhv5zrHdDmfgR4XIt4AaABAg,0.0,neutral,-0.16874444444444445,inflammatory,0.41090158831255175
4203,IoqeVMg760U,UgzhwSDhnBnA538o-WR4AaABAg,-0.4615,inflammatory,-0.10665714285714287,inflammatory,0.3504151673712334
4204,6Krjoo3fHtY,UgzhyDO1VtYL8I1io9d4AaABAg,-0.50615,inflammatory,-0.03036666666666667,neutral,0.380898415153787
4205,zfQxhG5oWdU,Ugzi1tzr8rloCNcxqX54AaABAg,-0.8625,inflammatory,-0.055299999999999995,inflammatory,0.5520235755835071
4206,nihE9Yt3b-U,Ugzi2W-DPtknTJGbGAd4AaABAg,-0.2933333333333334,inflammatory,-0.2527909090909091,inflammatory,0.32296625351434305
4207,eAF4_2edowo,Ugzi5iES0QguRhgmrU54AaABAg,0.0,neutral,0.16014,sympathetic,0.40980121766534566
4208,IOueE_uol8M,Ugzi7Q47G7onRp30CCt4AaABAg,0.2553,sympathetic,0.011640000000000006,neutral,0.578949706796713
4209,usjbT_SKy68,UgziFzQYWk6LceYBiYV4AaABAg,0.8076,sympathetic,0.1591,sympathetic,0.2250013777735594
4210,Tss1BYWFbtI,UgziHlD6_e-JVUKBMeF4AaABAg,-0.10717500000000002,inflammatory,0.04983333333333333,neutral,0.36536892656601216
4211,lqvigepgbqI,UgziND76Pdz4nodYKiB4AaABAg,-0.5848,inflammatory,-0.11466666666666667,inflammatory,0.22312953076632416
4212,vMKNBsd_XYg,UgziRn2JCwNrxdbtEGJ4AaABAg,-0.005783333333333325,neutral,0.3619,sympathetic,0.397004046998684
4213,zfQxhG5oWdU,UgziaPQxmN9ic8YdUyl4AaABAg,-0.1323,inflammatory,-0.11858333333333337,inflammatory,0.36458655168103316
4214,OqB0y-8Ej0c,UgziduCGWX0fG9Gx9Yh4AaABAg,-0.0644,inflammatory,0.14645555555555553,sympathetic,0.18133107228982512
4215,6D_RgBOrjI0,UgziehmMqIwtNhNVbCd4AaABAg,0.9118,sympathetic,0.2202,sympathetic,0.31140982643455556
4216,zx3JMdSDTJs,UgzijOldkaRgrdp9P454AaABAg,-0.08615,inflammatory,0.0,neutral,0.0
4217,fo6qLarJ52U,Ugzil-dHWwnmXTSOdxZ4AaABAg,0.04930000000000001,neutral,-0.009947619047619052,neutral,0.4154855468232892
4218,qRw6gOjwCbQ,Ugzinb-YTa3Le0LiTTt4AaABAg,0.0,neutral,-0.16597142857142858,inflammatory,0.258622251648266
4219,Sy8scM6B_nU,UgzioxsfYIo9UvLenrJ4AaABAg,0.15293333333333334,sympathetic,-0.17,inflammatory,0.24041630560342617
4220,aGLmGnuYb_8,UgzisLIRTibfbiyfjSt4AaABAg,0.5106,sympathetic,0.005683333333333336,neutral,0.2043694929941029
4221,2ytZhL25V4w,UgzivfAQy_LE-603HKt4AaABAg,-0.1003,inflammatory,-0.321925,inflammatory,0.2278176811253537
4222,DgOOpBixH80,Ugzixnx0I8gYkBEIixV4AaABAg,0.2221,sympathetic,0.443925,sympathetic,0.12487117027827789
4223,z_1OsbwBfJ0,Ugzj1OtZIE0U1mI_TOF4AaABAg,-0.22785,inflammatory,-0.08760000000000001,inflammatory,0.22196684437095557
4224,IJAwKvrhY58,Ugzj7CE-Adh63cmhCTV4AaABAg,0.3818,sympathetic,-0.054299999999999994,inflammatory,0.275322257934744
4225,iDuNFBjJ774,Ugzj9fwdL5oczW64UuB4AaABAg,-0.4767,inflammatory,-0.4772666666666667,inflammatory,0.15935075567230092
4226,eAF4_2edowo,UgzjHlZlw5v79ATPU614AaABAg,0.0,neutral,0.21354285714285717,sympathetic,0.43610244919110025
4227,6Krjoo3fHtY,UgzjP-peZn7vZmfuKvp4AaABAg,-0.6114,inflammatory,0.0022600000000000176,neutral,0.46734327640397266
4228,DgOOpBixH80,UgzjPnlgxzvk5OVyiO94AaABAg,0.0,neutral,-0.18805,inflammatory,0.3024295703134864
4229,xHIyM7-R8Yw,UgzjWKSlH4A2YauzL6x4AaABAg,0.0,neutral,0.004866666666666668,neutral,0.4490486061292994
4230,OLgwMqMkgsg,UgzjaRZqHUufqVfIGD14AaABAg,0.0,neutral,0.0,neutral,0.0
4231,qRw6gOjwCbQ,UgzjdBalbT-o4U9FmyV4AaABAg,-0.8429,inflammatory,0.250225,sympathetic,0.2763168820135937
4232,zx3JMdSDTJs,UgzjlIMUhzoXuAHseyB4AaABAg,0.0,neutral,0.0,neutral,0.0
4233,qYbQZNOX9zc,Ugzk1HTPoB6tnoFLIsp4AaABAg,-0.47163333333333335,inflammatory,-0.07172500000000001,inflammatory,0.4336276175640635
4234,OLgwMqMkgsg,Ugzk5kEPG-aCofjqUbV4AaABAg,-0.7579,inflammatory,-0.35600000000000004,inflammatory,0.30919178514313733
4235,6Krjoo3fHtY,Ugzk9-irqrRWcJGysk94AaABAg,-0.15715,inflammatory,-0.010566666666666669,neutral,0.5124361644797005
4236,IJAwKvrhY58,Ugzk9XBF7E11hceEj0h4AaABAg,-0.6652,inflammatory,0.18216666666666662,sympathetic,0.4916609590629163
4237,CJHJd1gOB48,UgzkB6h4Onc5jThuozd4AaABAg,0.0,neutral,0.0,neutral,
4238,zx3JMdSDTJs,UgzkFJvzw2sP3PqYWQl4AaABAg,0.005671428571428573,neutral,0.0,neutral,0.0
4239,fpVuA8E0KZs,UgzkFcrJL41nJL0B1gB4AaABAg,-0.24022500000000002,inflammatory,0.0011428571428571518,neutral,0.3451285937016465
4240,tKdJkhBFqtI,UgzkGaXgJo_7i6hHLYR4AaABAg,-0.6669,inflammatory,-0.4404,inflammatory,
4241,Umco8iQzKbs,UgzkIGWROn8DcPaAlvx4AaABAg,-0.9,inflammatory,-0.11734117647058823,inflammatory,0.43268918558652397
4242,Taz-d2zn6Vg,UgzkOyYyijszOcr0I9Z4AaABAg,-0.267675,inflammatory,0.5106,sympathetic,
4243,mja0Lze2l0c,UgzkPrS_QPBOIs6i9ox4AaABAg,-0.14806666666666665,inflammatory,0.4122666666666667,sympathetic,0.3989446745268488
4244,lP_9nYehuss,UgzkWXrLhYE-VGCltyp4AaABAg,0.4404,sympathetic,-0.06533333333333333,inflammatory,0.13823693318708172
4245,mMPRQSnKe9w,Ugzke1Qppr3WrI-E2Mx4AaABAg,0.8271,sympathetic,0.63375,sympathetic,0.2734381922848379
4246,Sy8scM6B_nU,Ugzkh3yqFJctrJFNEdl4AaABAg,-0.29295,inflammatory,0.05924999999999999,sympathetic,0.4497399400057367
4247,7bTckdh1-W0,UgzklesPyzY4JF4U0nd4AaABAg,-0.318,inflammatory,-0.17633333333333331,inflammatory,0.3326918375732696
4248,OLgwMqMkgsg,UgzkwLhsFrYAw8DEYDJ4AaABAg,-0.3723,inflammatory,-0.63835,inflammatory,0.07417550134646883
4249,7H-oD45q0MM,Ugzl1BB96DnwRI5Wsdl4AaABAg,-0.5267,inflammatory,0.7184,sympathetic,
4250,46xekr1CEUU,Ugzl3XYIHPD_qV3VrC14AaABAg,-0.18076666666666666,inflammatory,-0.05028888888888889,inflammatory,0.4074655244448432
4251,UGdWOPXE4Pc,Ugzl4103Bzg67iw5Sht4AaABAg,0.0,neutral,-0.06583684210526315,inflammatory,0.43861273504656617
4252,VCwKVFgL6zU,Ugzl4N8LVfVLBmeL5lt4AaABAg,-0.762,inflammatory,-0.035550000000000005,neutral,0.4648709384812568
4253,4pM7DLEL7xA,Ugzl5rFZSoZ02VmpYqJ4AaABAg,-0.1695,inflammatory,-0.2662333333333333,inflammatory,0.29451808546618435
4254,SFr12qevR18,Ugzl8esqk546k-oVRFd4AaABAg,0.08616666666666667,sympathetic,-0.07547500000000001,inflammatory,0.405865071703111
4255,OybJv6v8qKo,UgzlGwruzB6x5hvN6U54AaABAg,-0.5111,inflammatory,-0.38716,inflammatory,0.6277451736174481
4256,qRw6gOjwCbQ,UgzlIrxaVRnB0h6bHsZ4AaABAg,0.0,neutral,-0.02913846153846155,neutral,0.38495468464582844
4257,a7jLOtY-1VY,UgzlM5UdS0O-wmiddN54AaABAg,-0.1901,inflammatory,-0.0006250000000000006,neutral,0.30640968625899107
4258,Sy8scM6B_nU,UgzlRLa0u3tAwhBxkM54AaABAg,-0.5655,inflammatory,-0.05158888888888889,inflammatory,0.3843228442483105
4259,eAF4_2edowo,UgzlTntx6cDijuK2RhJ4AaABAg,0.0,neutral,0.05255652173913044,sympathetic,0.2923054906119576
4260,6D_RgBOrjI0,UgzlVQtZX7O98DBjRrx4AaABAg,0.1858,sympathetic,-0.2758055555555556,inflammatory,0.4002804964642584
4261,fpVuA8E0KZs,UgzlV_EPgklT-z3q62Z4AaABAg,0.07543333333333334,sympathetic,-0.15503333333333333,inflammatory,0.337596746627294
4262,eE61i2y1mJ0,UgzlXQS20ux7Tt0Dw3R4AaABAg,0.0,neutral,0.0771,sympathetic,0.17253719598973433
4263,z_1OsbwBfJ0,Ugzl_EXzLuRMdybY3g14AaABAg,-0.34,inflammatory,-0.14395714285714287,inflammatory,0.26412694458752756
4264,fpVuA8E0KZs,Ugzld3IoNXbaw30Q2j14AaABAg,0.4404,sympathetic,0.2843333333333333,sympathetic,0.33116086524024346
4265,UGdWOPXE4Pc,UgzlezWmin3dEAdppYh4AaABAg,0.10115,sympathetic,0.08444285714285714,sympathetic,0.30606696357247737
4266,3L2BXNMGTew,Ugzlko-jU8WaftviHvh4AaABAg,0.0772,sympathetic,-0.17832222222222216,inflammatory,0.556028222704967
4267,eE61i2y1mJ0,UgzloXfIpb_D96DLQZB4AaABAg,-0.1806,inflammatory,0.14578571428571432,sympathetic,0.28024553774961597
4268,xHIyM7-R8Yw,Ugzlpfjg9yRbMlL9_St4AaABAg,-0.4215,inflammatory,0.04052,neutral,0.36270326959896265
4269,iDuNFBjJ774,UgzlrCBIc_aosl_Inf14AaABAg,0.0,neutral,0.18472499999999997,sympathetic,0.4557515359271979
4270,mMPRQSnKe9w,UgzlziKLEXLIVv0UE4d4AaABAg,-0.7506,inflammatory,0.08426666666666667,sympathetic,0.27181919480909855
4271,IOueE_uol8M,Ugzm0EjmhrR4VStPH-Z4AaABAg,-0.2732,inflammatory,-0.053259999999999995,inflammatory,0.1553020798315335
4272,Djzvi2sVsdY,Ugzm0W3GvVVYNedJFrN4AaABAg,-0.64625,inflammatory,-0.009269230769230771,neutral,0.4344039141345122
4273,tKdJkhBFqtI,Ugzm3KeHVGiZWRbu5JV4AaABAg,0.0,neutral,-0.14248181818181818,inflammatory,0.4273524910847761
4274,xEXaGltX3UA,Ugzm60rBFGwzT01rb8t4AaABAg,0.0,neutral,-0.07224,inflammatory,0.1615335506945848
4275,Sy8scM6B_nU,Ugzm9BGBKPizE7geaCV4AaABAg,0.0,neutral,-0.4028909090909091,inflammatory,0.34848792075062074
4276,bd04zIyOCas,Ugzm9TH5b2q685EJlI14AaABAg,0.34,sympathetic,-0.324675,inflammatory,0.3950778267210989
4277,8QB4UxnzCrg,Ugzm9rHVeAEBtGcFidl4AaABAg,-0.4767,inflammatory,0.2833666666666667,sympathetic,0.23948253102609943
4278,Bn7WbKVar1I,Ugzm9uYKRPgfdeYgrr14AaABAg,-0.4939,inflammatory,-0.07588333333333334,inflammatory,0.2952571047050145
4279,fFsTLNhzylo,UgzmCGeCJEQbMaV_TQN4AaABAg,0.0,neutral,-0.0516,inflammatory,
4280,eE61i2y1mJ0,UgzmE6wCF0diSjbMJzZ4AaABAg,-0.32985,inflammatory,-0.42976666666666663,inflammatory,0.4083279849989875
4281,13q2vOdV9kE,UgzmEO8aIQDzRy--QD14AaABAg,-0.3595,inflammatory,-0.44895,inflammatory,0.634911178827401
4282,SFr12qevR18,UgzmFxIt_ZRGjPzsc_54AaABAg,-0.2985,inflammatory,-0.15419545454545452,inflammatory,0.4495589123714941
4283,tKdJkhBFqtI,UgzmIYB2mcQ9iRr4BxZ4AaABAg,0.0459,neutral,-0.041118181818181825,neutral,0.09210186554225509
4284,GpmP2vtnXcc,UgzmKjInMnIR72EOpX54AaABAg,0.0,neutral,0.0,neutral,
4285,eAF4_2edowo,UgzmMjX8nl_56yX7bBZ4AaABAg,-0.3404,inflammatory,-0.011355555555555563,neutral,0.42714200247432677
4286,OqB0y-8Ej0c,UgzmPA4BIUOJazh0jfx4AaABAg,-0.39994999999999997,inflammatory,0.05741428571428571,sympathetic,0.1519039217024084
4287,SFr12qevR18,Ugzm_whBsAFwWg8d-294AaABAg,0.25583333333333336,sympathetic,-0.13541111111111112,inflammatory,0.4139857740443639
4288,_BS6EnE31XM,Ugzmac0MiD3Ag-wNd3V4AaABAg,-0.57755,inflammatory,0.07462222222222221,sympathetic,0.3823808271140754
4289,UGdWOPXE4Pc,UgzmqmnyNEsw50d6QNF4AaABAg,0.0,neutral,-0.19847142857142858,inflammatory,0.4317717132709742
4290,X4jrbP6ZnP4,Ugzmt50IZWPd_9HeEbp4AaABAg,-0.5574,inflammatory,-0.15525555555555556,inflammatory,0.33696840026592667
4291,zx3JMdSDTJs,Ugzmvzv8da19NBzNbB14AaABAg,0.0,neutral,-0.050868421052631584,inflammatory,0.21527232895575568
4292,WcIOWDNlR7s,UgzmxaG9R39eGeIAVGN4AaABAg,-0.47605,inflammatory,0.0,neutral,
4293,xXAIcenT5KQ,UgzmzTx-u58KQrxJ3Kd4AaABAg,-0.23120000000000002,inflammatory,-0.05135,inflammatory,0.07261986642785843
4294,UGdWOPXE4Pc,Ugzn1SeDYHZEYnfLg2l4AaABAg,0.0,neutral,0.18295714285714285,sympathetic,0.3613780331690664
4295,DgOOpBixH80,Ugzn3-ThImJlLNr3CRV4AaABAg,-0.5859,inflammatory,0.1784875,sympathetic,0.26188026401119163
4296,aGLmGnuYb_8,Ugzn3JsPq7fSsqfx1R14AaABAg,-0.2263,inflammatory,0.1862666666666667,sympathetic,0.4997770778056953
4297,eE61i2y1mJ0,Ugzn5S2AMYjyHrbfkj54AaABAg,-0.836,inflammatory,-0.058311111111111105,inflammatory,0.25124830568804063
4298,yySFCBFXevg,Ugzn9nft2pY67vsbFaV4AaABAg,0.07955,sympathetic,0.7351,sympathetic,
4299,DgOOpBixH80,UgznCJklwGYVuQqJp1p4AaABAg,-0.0516,inflammatory,-0.022028571428571436,neutral,0.2968184726634879
4300,OqB0y-8Ej0c,UgznGJjrrb4DPya9puN4AaABAg,0.3548,sympathetic,-0.24303333333333335,inflammatory,0.22725528083339816
4301,fpVuA8E0KZs,UgznIOPxcr7MaLMFJ0V4AaABAg,-0.6705,inflammatory,0.0018666666666666666,neutral,0.003233161507461904
4302,UGdWOPXE4Pc,UgznJt6CwhlRevK-gBl4AaABAg,-0.4767,inflammatory,-0.03434545454545455,neutral,0.4004915413929147
4303,pgZTLDI3AAA,UgznLfWDuP2OZHZ0SEF4AaABAg,-0.8074,inflammatory,-0.24648461538461539,inflammatory,0.5212118488774564
4304,yySFCBFXevg,UgznMGNl12dnfA7ujCR4AaABAg,0.8271,sympathetic,0.6908,sympathetic,
4305,tKdJkhBFqtI,UgznQLcw44gPCCKKQ8Z4AaABAg,0.3595,sympathetic,0.09794444444444445,sympathetic,0.32173195019733086
4306,qYbQZNOX9zc,UgznSgJzCNUuH5ZGAXB4AaABAg,-0.5719,inflammatory,0.10729999999999999,sympathetic,0.44866939573216563
4307,psP1uxfO6CQ,UgznUNEMI0Tzw3IlGT54AaABAg,-0.2141,inflammatory,0.08038,sympathetic,0.33625366466404494
4308,lP_9nYehuss,UgznYwfau45Sv1qYm6t4AaABAg,0.6814,sympathetic,-0.0795,inflammatory,0.3770916378459397
4309,IoqeVMg760U,Ugznb76K21A0aZPc88B4AaABAg,-0.29295,inflammatory,-0.1379142857142857,inflammatory,0.4948800912967754
4310,RuHOwKXtDek,UgzncobeJgp8xNTHGGJ4AaABAg,-0.0305,neutral,-0.05264285714285716,inflammatory,0.5718627366106394
4311,vMKNBsd_XYg,UgznheByRJJencSavRZ4AaABAg,0.0,neutral,0.1161,sympathetic,0.18023024857109862
4312,mgeeD8rYAwc,UgznpziOOI2NHWjCDPl4AaABAg,0.0,neutral,0.2202,sympathetic,0.31140982643455556
4313,mja0Lze2l0c,Ugznqd6X_azevNkKn2V4AaABAg,0.11315,sympathetic,-0.4824,inflammatory,
4314,zfQxhG5oWdU,Ugznz_TApNvNVz81QYt4AaABAg,-0.7724,inflammatory,-0.051633333333333344,inflammatory,0.26633062785442707
4315,6GfCWFftDSA,Ugzo-umPsZdOPHnhknR4AaABAg,-0.379,inflammatory,0.03523333333333333,neutral,0.3116078154775112
4316,Vm87-9F7OF4,Ugzo18UOpicF5ehSVbl4AaABAg,-0.8591,inflammatory,-0.21203333333333335,inflammatory,0.26873634095964943
4317,4pM7DLEL7xA,UgzoAtnKKWw4LhBxcO94AaABAg,0.0903,sympathetic,-0.07724444444444444,inflammatory,0.49970666923484
4318,qYbQZNOX9zc,UgzoHODpejAnK1pgORh4AaABAg,-0.6682,inflammatory,0.134975,sympathetic,0.26995
4319,p8hpDXwUFvw,UgzoHSDU4GNsIUA18bt4AaABAg,-0.31835,inflammatory,0.0,neutral,0.0
4320,qRw6gOjwCbQ,UgzoJEOf-qLcQoX-tW54AaABAg,-0.4188,inflammatory,-0.2816111111111111,inflammatory,0.27092938399352534
4321,z_1OsbwBfJ0,UgzoKd2lkl760hTnKFh4AaABAg,-0.08333333333333333,inflammatory,-0.07382352941176468,inflammatory,0.5047389294593441
4322,mMPRQSnKe9w,UgzoMASfuRvDUFMf6Qx4AaABAg,0.0,neutral,0.4215,sympathetic,
4323,gc-7CsqGK9o,UgzoMCEceQsd6TOcNYF4AaABAg,-0.49823333333333336,inflammatory,-0.20263636363636364,inflammatory,0.42178090822778425
4324,pePQ6YdNww4,UgzoQsiT2Z-BOks2v-J4AaABAg,-0.011642857142857137,neutral,-0.011359999999999992,neutral,0.4727139230020626
4325,mgeeD8rYAwc,UgzoVw-R5fMI62SDdIp4AaABAg,0.9432,sympathetic,0.2315,sympathetic,0.463
4326,iDuNFBjJ774,UgzoW_ZcvYEYqOHN-LN4AaABAg,-0.5713333333333334,inflammatory,0.08201666666666667,sympathetic,0.2992661899116611
4327,VCwKVFgL6zU,UgzoWqtb8k4-dgEyU-l4AaABAg,-0.20506666666666665,inflammatory,-0.05101818181818181,inflammatory,0.2357945793192957
4328,54oSf8j9Eh0,UgzoZdrRo5_mxTT_1MV4AaABAg,0.6808,sympathetic,-0.0641,inflammatory,0.4538404345141583
4329,aGLmGnuYb_8,Ugzoa0CpDnbJ5N7jwAt4AaABAg,0.0,neutral,0.4404,sympathetic,
4330,Taz-d2zn6Vg,UgzobpjJDvHitHLK8bR4AaABAg,0.0,neutral,0.296,sympathetic,
4331,mja0Lze2l0c,Ugzoce9ZIrlEtlNPwB54AaABAg,0.5423,sympathetic,0.04930000000000001,neutral,0.43343654668244114
4332,Tss1BYWFbtI,UgzodHPXQjQcMXr8CE54AaABAg,-0.21989999999999998,inflammatory,0.034120000000000004,neutral,0.3043400598015319
4333,Sy8scM6B_nU,Ugzodedxcfb2y14jaZJ4AaABAg,0.0,neutral,0.1482181818181818,sympathetic,0.2767441013578494
4334,Bn7WbKVar1I,UgzohbRbCjsFCyNCgER4AaABAg,-0.296,inflammatory,-0.03581666666666671,neutral,0.6195806401645122
4335,Umco8iQzKbs,UgzosNOLMhPqrgYes_B4AaABAg,0.0,neutral,0.3612,sympathetic,
4336,WcIOWDNlR7s,UgzotCk0_RdFqkab7NJ4AaABAg,-0.14645,inflammatory,-0.06971111111111111,inflammatory,0.18234677433700633
4337,qYbQZNOX9zc,UgzoyBdCGpssq4T3Yc94AaABAg,0.2202,sympathetic,-0.20607999999999999,inflammatory,0.39904926638198446
4338,eE61i2y1mJ0,Ugzp8UTHIIXOoRHimHx4AaABAg,-0.079,inflammatory,0.12101999999999999,sympathetic,0.314606948429306
4339,aGLmGnuYb_8,UgzpBArK8EMN64kgc5V4AaABAg,-0.802,inflammatory,-0.03125714285714286,neutral,0.12023364555651435
4340,p8UbRG5hbiM,UgzpDI0LkOS-7cPdCpZ4AaABAg,-0.2732,inflammatory,-0.1854333333333333,inflammatory,0.3569352305221198
4341,50AKW9lBuNM,UgzpDacvipNcgkl1CNF4AaABAg,0.0,neutral,0.018000000000000016,neutral,0.48535809460644624
4342,OLgwMqMkgsg,UgzpMZAZK1_hGOBFB5J4AaABAg,0.6705,sympathetic,-0.2615,inflammatory,0.45293128617926137
4343,mja0Lze2l0c,UgzpVIpSvJBmtQdp95t4AaABAg,0.128,sympathetic,-0.2732,inflammatory,
4344,lP_9nYehuss,UgzpYOcJAwVQ1nrCTjR4AaABAg,0.15735,sympathetic,-0.32249999999999995,inflammatory,0.453596924592749
4345,gc-7CsqGK9o,Ugzpg6Y7lkLUp1IMv054AaABAg,-0.28803333333333336,inflammatory,-0.1589,inflammatory,0.27522287332269463
4346,xHIyM7-R8Yw,Ugzpueg_tmnp3NJhRcV4AaABAg,-0.6808,inflammatory,0.05303333333333333,sympathetic,0.2854551640217193
4347,aGLmGnuYb_8,UgzpwLjHI0wgK-aySv94AaABAg,-0.25066666666666665,inflammatory,0.6268,sympathetic,0.1643316159477536
4348,OybJv6v8qKo,UgzpzqhmUIkgw1KDQmx4AaABAg,0.2553,sympathetic,0.029400000000000016,neutral,0.576267789313267
4349,6D_RgBOrjI0,Ugzq-sCzL5Xmgpq8yLt4AaABAg,-0.20095,inflammatory,0.0253,neutral,0.3102527195690636
4350,qYbQZNOX9zc,Ugzq1KcW6dsoR7YjdMh4AaABAg,0.06293333333333333,sympathetic,0.07253333333333332,sympathetic,0.3829234631968465
4351,qYbQZNOX9zc,Ugzq6LCggdWAF56lReZ4AaABAg,-0.3243,inflammatory,-0.2458888888888889,inflammatory,0.39148270218633047
4352,Sy8scM6B_nU,Ugzq6QY50lCPfX83dy54AaABAg,-0.4939,inflammatory,0.0,neutral,
4353,tKdJkhBFqtI,Ugzq6pm85VYpVS0QH294AaABAg,-0.5859,inflammatory,0.15760000000000002,sympathetic,0.34539654746392584
4354,ZSDPc8de7cw,Ugzq7oX7YMyXqc2BkgB4AaABAg,0.1806,sympathetic,0.1906333333333333,sympathetic,0.6216398421379804
4355,3L2BXNMGTew,UgzqBJU9BIjc6HY6Cx54AaABAg,-0.30495,inflammatory,0.04257857142857142,neutral,0.36001166887302233
4356,qYbQZNOX9zc,UgzqBfVms2j_1ywcgJR4AaABAg,0.07016666666666667,sympathetic,0.068,sympathetic,0.4357260790909812
4357,50AKW9lBuNM,UgzqO_5DZ4CkqDNVyCh4AaABAg,-0.3818000000000001,inflammatory,-0.11065000000000003,inflammatory,0.31958925983205383
4358,p8UbRG5hbiM,UgzqWhyUwlinIh-Oa9p4AaABAg,0.0,neutral,-0.06722857142857143,inflammatory,0.2869435816456243
4359,eE61i2y1mJ0,UgzqXYw5Rso-bBmlVwR4AaABAg,-0.14736,inflammatory,0.053042857142857135,sympathetic,0.28609251334223373
4360,iDuNFBjJ774,UgzqariesXj3DusUjZ14AaABAg,-0.7845,inflammatory,-0.21244999999999997,inflammatory,0.498268859820345
4361,IJAwKvrhY58,UgzqgVJ9hfWi072PjWZ4AaABAg,-0.06380000000000001,inflammatory,0.06210000000000001,sympathetic,0.3437942698766226
4362,fo6qLarJ52U,UgzqjY0j9WWfk6Dzh8Z4AaABAg,-0.1045,inflammatory,0.0,neutral,
4363,qRw6gOjwCbQ,UgzqkY2fiihWrqjRYrN4AaABAg,0.0,neutral,-0.931,inflammatory,
4364,ykwxUGxIDrQ,UgzqktR0juWtadwc7Eh4AaABAg,-0.4404,inflammatory,-0.1034111111111111,inflammatory,0.41884050497905656
4365,6D_RgBOrjI0,Ugzqnn2BCOenu8pvCxV4AaABAg,0.0,neutral,0.1052,sympathetic,0.13954517957585327
4366,_BS6EnE31XM,Ugzqpa9Z8nEhztpFC8Z4AaABAg,-0.11315,inflammatory,0.18538571428571426,sympathetic,0.38298722967644505
4367,zfQxhG5oWdU,UgzqrySnJcMkaH2ZCzV4AaABAg,0.0,neutral,0.03062,neutral,0.06846840147104356
4368,UGdWOPXE4Pc,Ugzqs3ZW8M5lOHGvCZp4AaABAg,0.0,neutral,-0.27717499999999995,inflammatory,0.4232578908217272
4369,t5mmdQiyhxc,UgzqwtPI_GMmmMs2pn54AaABAg,-0.0495,neutral,-0.29473571428571427,inflammatory,0.45358288633966315
4370,eAF4_2edowo,UgzqxYXlav_90hWwfxh4AaABAg,-0.1363,inflammatory,-0.07632,inflammatory,0.33440557262103154
4371,OLgwMqMkgsg,UgzqyrRrbO84xTefjZZ4AaABAg,0.0,neutral,0.0,neutral,
4372,Tss1BYWFbtI,UgzqyvljleFUZsbvkfx4AaABAg,-0.05135,inflammatory,0.05279999999999996,sympathetic,0.6649817459900685
4373,GPcb8SYe8tA,Ugzr3NBLZAQa6nu_Smt4AaABAg,-0.6763,inflammatory,0.296,sympathetic,
4374,dR8H-nQkz4k,Ugzr4ST5mtcVuECodHN4AaABAg,0.3641,sympathetic,0.170775,sympathetic,0.3303815263518005
4375,tKdJkhBFqtI,Ugzr9e5BFgiv0LI50Vl4AaABAg,-0.25475,inflammatory,-0.11702499999999999,inflammatory,0.22409552650599698
4376,a7jLOtY-1VY,UgzrDojrovRDslrQFLJ4AaABAg,-0.17504999999999998,inflammatory,-0.012699999999999998,neutral,0.1748489919902314
4377,fpVuA8E0KZs,UgzrL8es-3QFjGsgUjB4AaABAg,0.0,neutral,0.0771,sympathetic,0.35058888011051187
4378,6GfCWFftDSA,UgzrNdR3ZmV11DrO6Pl4AaABAg,-0.1759,inflammatory,0.022752941176470597,neutral,0.4076835723291519
4379,RuHOwKXtDek,UgzrUR3OtarUFzFBlel4AaABAg,0.20796666666666666,sympathetic,0.128,sympathetic,
4380,LRt16Fm8HtE,UgzraDAL6wltkeZA10Z4AaABAg,0.0,neutral,0.0,neutral,
4381,zfQxhG5oWdU,UgzraahRKIwPNmXJhd94AaABAg,-0.3182,inflammatory,-0.3225444444444444,inflammatory,0.34068699017980975
4382,7H-oD45q0MM,UgzrdHwxEad6U2WWeL14AaABAg,-0.4019,inflammatory,-0.4669,inflammatory,0.09192388155425123
4383,46xekr1CEUU,UgzrgTCNKCPk35vKyVp4AaABAg,0.0,neutral,-0.08606666666666667,inflammatory,0.31819225425309566
4384,6GfCWFftDSA,Ugzrl8halKTKpdtIUFR4AaABAg,0.0772,sympathetic,0.004000000000000015,neutral,0.3678997538581521
4385,p8UbRG5hbiM,UgzrnWXhA0fzoEcVPNl4AaABAg,-0.40775,inflammatory,-0.11951428571428575,inflammatory,0.4742695310635484
4386,kzEZ-0ym5Xg,Ugzs-uxP9YLqRXbpmQt4AaABAg,-0.2489090909090909,inflammatory,0.4201,sympathetic,
4387,fFsTLNhzylo,Ugzs6XxC38ksBp1UgKx4AaABAg,0.0,neutral,-0.34,inflammatory,
4388,tKdJkhBFqtI,Ugzs74IAlSsQyGB7xhl4AaABAg,0.1591,sympathetic,-0.14135,inflammatory,0.3309244433737439
4389,DgOOpBixH80,Ugzs92QcDlaF5oCsET14AaABAg,-0.1101,inflammatory,0.0035714285714285587,neutral,0.43057632197743884
4390,DgOOpBixH80,UgzsAQ1PypMT0aszG3l4AaABAg,0.4215,sympathetic,-0.02401666666666666,neutral,0.2731962987792233
4391,xEXaGltX3UA,UgzsEE6QVXRPB8C2GrJ4AaABAg,-0.3304,inflammatory,-0.14348999999999998,inflammatory,0.31015029134634425
4392,aGLmGnuYb_8,UgzsG9nkjvqzG7O4ipB4AaABAg,0.0,neutral,0.0,neutral,
4393,SFr12qevR18,UgzsIxwEWQ0JlCHIint4AaABAg,-0.2874,inflammatory,-0.08954285714285715,inflammatory,0.3572656194726031
4394,lhdAgnXWzFA,UgzsNRp1ZLko9ajwimp4AaABAg,-0.7184,inflammatory,-0.09067142857142858,inflammatory,0.46456719181867084
4395,mgeeD8rYAwc,UgzsPFPLDebXfEAEtnt4AaABAg,0.2975,sympathetic,0.5106,sympathetic,
4396,DgOOpBixH80,UgzsRUgOkiq8pu2xo1l4AaABAg,-0.8555,inflammatory,-0.2137,inflammatory,0.5175534626168263
4397,6GfCWFftDSA,Ugzsc10vsftl_BQm0iF4AaABAg,0.3182,sympathetic,0.4588,sympathetic,
4398,Taz-d2zn6Vg,UgzsryyUZo2R8B8KmPF4AaABAg,0.0,neutral,-0.4168,inflammatory,
4399,kzEZ-0ym5Xg,Ugzss_qNvs-6a0xdxu94AaABAg,-0.12755000000000002,inflammatory,0.0,neutral,
4400,nihE9Yt3b-U,UgzsxxUBTBZvygKCESV4AaABAg,-0.2287,inflammatory,-0.15131818181818182,inflammatory,0.4167699912857974
4401,eE61i2y1mJ0,UgztGVeZTSq0dB1HPK14AaABAg,0.03846666666666667,neutral,0.0014833333333333272,neutral,0.44602242731354513
4402,rdmy9RjkNtA,UgztGW9v1j5l5zcaFit4AaABAg,-0.3674,inflammatory,0.10405,sympathetic,0.3636650175642414
4403,Taz-d2zn6Vg,UgztL-OAdY40VISBkCF4AaABAg,-0.296,inflammatory,-0.08689999999999999,inflammatory,0.14150632494697896
4404,aGLmGnuYb_8,UgztNgohqevrpx20hrF4AaABAg,0.743,sympathetic,0.012483333333333327,neutral,0.5594874276216282
4405,Taz-d2zn6Vg,UgztQksQCXzjOUA1cP14AaABAg,0.0258,neutral,0.0007714285714285816,neutral,0.43124802111347216
4406,psP1uxfO6CQ,UgztYwzV1sP7cPC8LJx4AaABAg,-0.02150000000000002,neutral,-0.026799999999999997,neutral,0.3300502638488063
4407,a7jLOtY-1VY,UgztZXqJf2Ph3ZVlcsR4AaABAg,-0.1144,inflammatory,-0.23771428571428568,inflammatory,0.49331178926574565
4408,zfQxhG5oWdU,UgztaNd8KIhdyhFljAZ4AaABAg,-0.8591,inflammatory,0.13205,sympathetic,0.2249306670954408
4409,p8hpDXwUFvw,Ugztdj01Fuqr-xbHQs94AaABAg,0.0,neutral,0.08524999999999999,sympathetic,0.2658014390480232
4410,LRt16Fm8HtE,UgztizaiA5ocjcshqGN4AaABAg,0.0,neutral,0.0,neutral,0.0
4411,2ytZhL25V4w,UgztrF7wcY5wTM7Hr7l4AaABAg,0.6369,sympathetic,0.3548,sympathetic,0.5017629719299741
4412,Bn7WbKVar1I,Ugzts19OOgPTDG1A8Q14AaABAg,-0.18575,inflammatory,-0.19733225806451613,inflammatory,0.3670195375245454
4413,eE61i2y1mJ0,UgztuV2-0MyCzicKr2l4AaABAg,-0.34625,inflammatory,-0.04120000000000002,neutral,0.4878960340072463
4414,ZggP67JsVfU,Ugzu0wgTx-zPPzBmK_J4AaABAg,0.0,neutral,-0.312125,inflammatory,0.22293202813114732
4415,fo6qLarJ52U,Ugzu3brJWGpWhpRWp7J4AaABAg,-0.4819,inflammatory,-0.11333333333333334,inflammatory,0.19629909152447278
4416,IOueE_uol8M,Ugzu5gcxRhvzmpJabvt4AaABAg,0.049387499999999994,neutral,-0.10231304347826088,inflammatory,0.42308744884194915
4417,6D_RgBOrjI0,Ugzu7zCBLkpHq1hArrh4AaABAg,-0.046725,neutral,0.0,neutral,0.0
4418,7H-oD45q0MM,UgzuB1X42Ge-nLw9i5J4AaABAg,-0.2722,inflammatory,0.04354285714285715,neutral,0.3247233789814692
4419,X4jrbP6ZnP4,UgzuCyWAXEiuWVFzvnd4AaABAg,0.03609999999999999,neutral,0.16314285714285712,sympathetic,0.3341183892304912
4420,xXAIcenT5KQ,UgzuFQLvy99SM6aq2CZ4AaABAg,0.07220000000000001,sympathetic,-0.08036666666666667,inflammatory,0.28433876592811574
4421,3L2BXNMGTew,UgzuH87_44MhUnxelzd4AaABAg,-0.008966666666666678,neutral,-0.7845,inflammatory,
4422,xXAIcenT5KQ,UgzuKFXBJ_BMGesJT_J4AaABAg,0.19395,sympathetic,-0.04566250000000001,neutral,0.40444136266377767
4423,2EM-F3VfwUI,UgzuLYHIe1GkMuqwhl54AaABAg,0.29596666666666666,sympathetic,-0.12912857142857143,inflammatory,0.4031565068898418
4424,GpmP2vtnXcc,UgzuNnlMWyjuiQY97GN4AaABAg,0.0,neutral,0.0,neutral,0.0
4425,d6Pee6Fyvoo,UgzuQrPqUv9_aGC_2y54AaABAg,-0.8271,inflammatory,-0.13235,inflammatory,0.28835867546215027
4426,p8UbRG5hbiM,UgzuSmGI2FhvPfH54e14AaABAg,-0.29295,inflammatory,0.045822222222222216,neutral,0.1842485737921584
4427,6GfCWFftDSA,UgzuZ0l8rWM5n4Ejt3d4AaABAg,-0.1998,inflammatory,0.05641818181818182,sympathetic,0.2878012884550096
4428,X4jrbP6ZnP4,Ugzu_oHfGceo0Qu_PPd4AaABAg,-0.1858,inflammatory,-0.04880384615384615,neutral,0.2982967200366363
4429,p8UbRG5hbiM,UgzubFv3GVabzhd2acF4AaABAg,-0.341275,inflammatory,0.06824,sympathetic,0.366836128112934
4430,RuHOwKXtDek,Ugzui80Q1Q7CXDyfVCR4AaABAg,0.5767,sympathetic,-0.05285000000000001,inflammatory,0.5045693548848255
4431,xHIyM7-R8Yw,UgzupdbdZh24dO_-JnR4AaABAg,0.4939,sympathetic,-0.11481428571428573,inflammatory,0.44936764617467895
4432,ZSDPc8de7cw,Ugzur3YNzGobPdsiRHl4AaABAg,-0.4076,inflammatory,-0.13462666666666667,inflammatory,0.3399838409325333
4433,xEXaGltX3UA,UgzuyrPNJ6gMHuaet594AaABAg,0.2023,sympathetic,-0.13996666666666666,inflammatory,0.24242937803272385
4434,d6Pee6Fyvoo,Ugzuyso1SrYoFbbmP3N4AaABAg,-0.17336000000000001,inflammatory,0.016773333333333338,neutral,0.34133047971277397
4435,kin9OECNFRk,UgzuzViP9C7fGgvcZMZ4AaABAg,0.3177,sympathetic,-0.46914,inflammatory,0.599075965967589
4436,xEXaGltX3UA,Ugzv38xQI8ASxaOilup4AaABAg,0.10606666666666666,sympathetic,-0.0258,neutral,0.02979127389018469
4437,6D_RgBOrjI0,Ugzv8z4yxSY4LpvRDn14AaABAg,-0.15315,inflammatory,-0.004983333333333321,neutral,0.5505453166331239
4438,nihE9Yt3b-U,UgzvDFSr4rc9bo4Mbzx4AaABAg,-0.4767,inflammatory,0.03911666666666668,neutral,0.21568928037032037
4439,OybJv6v8qKo,UgzvE_cdY0qYnFcS9bV4AaABAg,-0.6369,inflammatory,-0.1027,inflammatory,
4440,fpVuA8E0KZs,UgzvFvW3hh4e39J6kX54AaABAg,0.20095,sympathetic,0.033699999999999994,neutral,0.3162187102738747
4441,mgeeD8rYAwc,UgzvPB4Ksk941m_J03B4AaABAg,-0.9354,inflammatory,-0.34,inflammatory,
4442,t5mmdQiyhxc,UgzvPHpoRj-ZsEdlX9l4AaABAg,-0.10838571428571428,inflammatory,-0.049612500000000004,neutral,0.3473050221244391
4443,8QB4UxnzCrg,UgzvTybudGBQvl4pj3x4AaABAg,0.0,neutral,0.1806,sympathetic,0.25540696936458096
4444,DgOOpBixH80,UgzvZHQyeZvlyaDb7Ex4AaABAg,-0.1366,inflammatory,-0.03700526315789474,neutral,0.31959672414133306
4445,OqB0y-8Ej0c,UgzvhdZ6ugu0ALcCFqd4AaABAg,-0.7845,inflammatory,-0.2228857142857143,inflammatory,0.32991600157500406
4446,eAF4_2edowo,UgzviBRkA93Zt-zHzmp4AaABAg,0.6908,sympathetic,0.0,neutral,
4447,z_1OsbwBfJ0,UgzvkD3r6Fz_7Rnimld4AaABAg,-0.44446666666666673,inflammatory,0.016283333333333334,neutral,0.5870209891193556
4448,2ytZhL25V4w,UgzvnCUII-9bJviYSyt4AaABAg,0.0,neutral,-0.11271111111111111,inflammatory,0.28523515493555684
4449,zfQxhG5oWdU,UgzvpPRmRnqSls9S6-V4AaABAg,-0.11333333333333334,inflammatory,-0.3404,inflammatory,
4450,IOueE_uol8M,UgzvsXi54ueme75jdK54AaABAg,-0.22097499999999998,inflammatory,0.06958,sympathetic,0.23528109335194974
4451,aWOy271EIKU,UgzvyGPzI7OiPsNoAlx4AaABAg,0.0,neutral,0.0,neutral,0.0
4452,Taz-d2zn6Vg,Ugzw5CT-Hv50YFr5YV14AaABAg,-0.3425,inflammatory,-0.12213684210526317,inflammatory,0.3754261892399776
4453,xHIyM7-R8Yw,Ugzw6BtXVUTJ5ChTgMZ4AaABAg,-0.4019,inflammatory,-0.028711111111111114,neutral,0.08613333333333334
4454,usjbT_SKy68,Ugzw7oxnkvzL8z0T0x54AaABAg,0.0,neutral,0.4215,sympathetic,
4455,dR8H-nQkz4k,UgzwCPb4Z1FvRkqyzOB4AaABAg,0.0,neutral,0.16608,sympathetic,0.19221662779270685
4456,d6Pee6Fyvoo,UgzwDGwYVODwHUen9594AaABAg,0.2202,sympathetic,0.09721666666666667,sympathetic,0.2831671746298974
4457,qRw6gOjwCbQ,UgzwDSI6nuzd6ScIEEl4AaABAg,-0.10606666666666666,inflammatory,0.04701666666666665,neutral,0.4494461988566225
4458,_BS6EnE31XM,UgzwFW1kykYiL8rraHt4AaABAg,0.51755,sympathetic,0.5206799999999999,sympathetic,0.20969573672347275
4459,lZqHWBKkcos,UgzwHr1EFuAQfrASARV4AaABAg,-0.011000000000000001,neutral,-0.06145882352941176,inflammatory,0.4548505634530196
4460,IoqeVMg760U,UgzwI-nY6EY1zPUAQYB4AaABAg,-0.051750000000000004,inflammatory,0.0,neutral,0.0
4461,xXAIcenT5KQ,UgzwICIXzeutZnggeGp4AaABAg,-0.8834,inflammatory,-0.0725,inflammatory,0.546054810435729
4462,pJGMNIsiiRo,UgzwJHcLxMOzaeQfmOB4AaABAg,0.0,neutral,0.07485,sympathetic,0.12445117516520283
4463,2ytZhL25V4w,UgzwLQYO7BxSjsos9Nx4AaABAg,0.2732,sympathetic,0.2395,sympathetic,0.224184834455857
4464,GPcb8SYe8tA,UgzwNB0A_uLBCaf0sot4AaABAg,-0.0516,inflammatory,0.0,neutral,0.0
4465,7H-oD45q0MM,UgzwR2fjG-K3uFMD_Cd4AaABAg,0.1027,sympathetic,0.061817647058823526,sympathetic,0.4479372517932815
4466,Bn7WbKVar1I,UgzwTR-LTfh3dxbFeUB4AaABAg,0.0,neutral,0.0256,neutral,0.05724334022399462
4467,qRw6gOjwCbQ,UgzwWyTn-M03Jp9z0WZ4AaABAg,0.2023,sympathetic,0.8519,sympathetic,
4468,_BS6EnE31XM,UgzwXADbE9Tp3xzcwIp4AaABAg,0.0,neutral,0.21005000000000001,sympathetic,0.4457692134576665
4469,6GfCWFftDSA,UgzwZ5nCMoA_xEYKbe54AaABAg,0.23013333333333333,sympathetic,-0.10699999999999998,inflammatory,0.4263926828640473
4470,fo6qLarJ52U,UgzwfYE44tPhPm0KukR4AaABAg,-0.07712,inflammatory,0.04019999999999998,neutral,0.4517668720332055
4471,Djzvi2sVsdY,UgzwnmglbrH_02fpr0N4AaABAg,0.49485,sympathetic,0.004885714285714283,neutral,0.35630846372024527
4472,zx3JMdSDTJs,Ugzwo5opUeetTDQ6PbB4AaABAg,-0.7269,inflammatory,0.0,neutral,0.0
4473,Bn7WbKVar1I,UgzwocT0UbNtGYAS6aV4AaABAg,-0.3182,inflammatory,-0.24836,inflammatory,0.42816146837379004
4474,tKdJkhBFqtI,UgzwsPSzgdP5rA0Vq-t4AaABAg,0.8643,sympathetic,0.0,neutral,0.0
4475,SFr12qevR18,Ugzx2UhDOHifs4ELrv14AaABAg,-0.42707999999999996,inflammatory,0.02407999999999999,neutral,0.5790149928974206
4476,GPcb8SYe8tA,Ugzx2YrBBVOca0y79rV4AaABAg,-0.1779,inflammatory,0.7579,sympathetic,
4477,gc-7CsqGK9o,UgzxAMfL7s12tw0JIFp4AaABAg,-0.26335,inflammatory,-0.21373999999999999,inflammatory,0.20859707092862068
4478,qRw6gOjwCbQ,UgzxBVdCMlUCetxBzvh4AaABAg,0.02883333333333336,neutral,-0.19796666666666665,inflammatory,0.2993154244828244
4479,BMteNzu1jIA,UgzxDAVjLR29GauifRd4AaABAg,-0.3548,inflammatory,0.0,neutral,
4480,ZSDPc8de7cw,UgzxDPZaJwMlT8S_3iF4AaABAg,-0.6908,inflammatory,-0.2867285714285714,inflammatory,0.3733756582823821
4481,OqB0y-8Ej0c,UgzxIJHsHhWrNPXG78h4AaABAg,0.4574,sympathetic,-0.12510000000000002,inflammatory,0.3064311668221756
4482,X4jrbP6ZnP4,UgzxNldrzPG82cPA_el4AaABAg,-0.11076666666666667,inflammatory,0.0,neutral,0.0
4483,xHIyM7-R8Yw,UgzxOiAJAeakuDAO6yt4AaABAg,-0.3582,inflammatory,-0.5574,inflammatory,
4484,46xekr1CEUU,UgzxRajsYfFZ1Il_dkV4AaABAg,0.0,neutral,-0.074,inflammatory,0.148
4485,xHIyM7-R8Yw,UgzxT6of9MfXI_QJghF4AaABAg,0.0,neutral,-0.11364,inflammatory,0.2541067649630761
4486,aGLmGnuYb_8,UgzxYtRUBrCDvT4r-GB4AaABAg,-0.20566666666666666,inflammatory,-0.2667111111111111,inflammatory,0.5234010685995121
4487,GPcb8SYe8tA,UgzxcBRooH13jleZmRd4AaABAg,0.0,neutral,0.16228571428571428,sympathetic,0.342257965227845
4488,aGLmGnuYb_8,UgzxdM9YpeUlcm3f9gh4AaABAg,-0.5106,inflammatory,0.0,neutral,
4489,tKdJkhBFqtI,UgzxkSnuz7NuF4_zXyV4AaABAg,0.0,neutral,0.0,neutral,
4490,46xekr1CEUU,UgzxktpwZHcpv15cLC14AaABAg,-0.2023,inflammatory,0.4404,sympathetic,
4491,xHIyM7-R8Yw,UgzxljLfw2mi6Xay53R4AaABAg,0.4404,sympathetic,-0.5106,inflammatory,
4492,Sy8scM6B_nU,UgzxmtAYCiUoA-uWNmR4AaABAg,-0.3802,inflammatory,0.06882,sympathetic,0.37341641575532747
4493,a7jLOtY-1VY,Ugzxt0ywhQ6wJIg2Jk14AaABAg,-0.3929666666666667,inflammatory,0.009675000000000003,neutral,0.1797993782763762
4494,8zjWbdItFTo,UgzxtypQU8I7AeZetaV4AaABAg,0.0382,neutral,-0.033578571428571444,neutral,0.45210294977781573
4495,tKdJkhBFqtI,UgzxvM99BpUCd2_z9zV4AaABAg,-0.5945,inflammatory,0.0,neutral,
4496,Djzvi2sVsdY,Ugzy4oVOMN6qA_Sb30B4AaABAg,0.42865,sympathetic,0.05573333333333332,sympathetic,0.40533754657897986
4497,GPcb8SYe8tA,UgzyIX6COOUgDEjJrq54AaABAg,-0.4019,inflammatory,-0.02301428571428571,neutral,0.21039071928653308
4498,yySFCBFXevg,UgzyOCYlvmEQC-fyzr54AaABAg,-0.22960000000000003,inflammatory,-0.24235,inflammatory,0.7290978020814491
4499,kJZNjjiWALs,UgzyP2ZqW8INpfcGNXB4AaABAg,0.29575,sympathetic,-0.15255000000000002,inflammatory,0.4153037803825051
4500,aWOy271EIKU,UgzyS9PompwxfUwMLu14AaABAg,0.0,neutral,0.0,neutral,0.0
4501,IOueE_uol8M,UgzyYpQG42XfqtsZmfx4AaABAg,0.0,neutral,-0.000614285714285726,neutral,0.3810794292907601
4502,fFsTLNhzylo,Ugzya0CtyHOls-dnZ_B4AaABAg,0.0,neutral,-0.7884,inflammatory,
4503,eE61i2y1mJ0,UgzymtILVL2S7A2SS0x4AaABAg,0.0,neutral,0.0195,neutral,0.5433525927056941
4504,IJAwKvrhY58,Ugzysg7v0hC3GLYjXHl4AaABAg,-0.23835,inflammatory,-0.17156666666666665,inflammatory,0.3782898161462981
4505,VCwKVFgL6zU,Ugzyv9i34I8e4_W0RLB4AaABAg,0.0,neutral,-0.000671428571428553,neutral,0.514111472070295
4506,lhdAgnXWzFA,Ugzyw4pHLwoZwS1gJRl4AaABAg,0.0,neutral,0.6617999999999999,sympathetic,0.0666839560914018
4507,gc-7CsqGK9o,Ugzyx47xQknEh8XT5ut4AaABAg,-0.11315,inflammatory,0.4753,sympathetic,
4508,OLgwMqMkgsg,Ugzyxo5rVuvFwxejCWt4AaABAg,-0.063,inflammatory,0.24841428571428573,sympathetic,0.4244305613743801
4509,fo6qLarJ52U,Ugzyz0Hgjw3e_cFRBsZ4AaABAg,-0.043179999999999996,neutral,-0.08774285714285714,inflammatory,0.2017953140962614
4510,xHIyM7-R8Yw,UgzyzHa8Hf_INFAEB-J4AaABAg,0.0,neutral,-0.07008571428571429,inflammatory,0.36430448999232967
4511,7bTckdh1-W0,Ugzz-9Mw_kPZgwje7Fp4AaABAg,-0.07524285714285714,inflammatory,-0.19918571428571427,inflammatory,0.3949755073780796
4512,p8hpDXwUFvw,Ugzz-npgBZNUbDfnrf54AaABAg,0.3182,sympathetic,0.19298,sympathetic,0.28279568950038825
4513,tKdJkhBFqtI,Ugzz1x-ANUOO2R3G8HZ4AaABAg,-0.10413333333333334,inflammatory,-0.07749999999999997,inflammatory,0.4159012983870091
4514,p8UbRG5hbiM,Ugzz6IJ2YjCjWm6qBzt4AaABAg,0.09700000000000003,sympathetic,0.0,neutral,
4515,a7jLOtY-1VY,UgzzB8mBi2loANMQr_x4AaABAg,0.13473333333333334,sympathetic,0.014047058823529412,neutral,0.15483199006361323
4516,54oSf8j9Eh0,UgzzETqgCwP4mn3mMjh4AaABAg,-0.7579,inflammatory,0.3612,sympathetic,
4517,pePQ6YdNww4,UgzzKYb8uoVcelblxu14AaABAg,-0.4063,inflammatory,0.0,neutral,0.0
4518,6D_RgBOrjI0,UgzzRwRutlhFA3dbQPV4AaABAg,0.0,neutral,0.059233333333333325,sympathetic,0.5213990825973261
4519,iDuNFBjJ774,UgzzU0yfnlKYUTnF0Fl4AaABAg,-0.23993333333333333,inflammatory,-0.01788181818181818,neutral,0.334477938938226
4520,OLgwMqMkgsg,UgzzUsK8nLOIaWaQw254AaABAg,0.7477,sympathetic,0.175,sympathetic,0.2037338787078215
4521,8zjWbdItFTo,UgzzWDr3JcEpje9-IJB4AaABAg,-0.5423,inflammatory,-0.1672,inflammatory,0.3361702544842419
4522,ZggP67JsVfU,UgzzaU5hxOyp0NC3ma54AaABAg,-0.3818,inflammatory,-0.25020000000000003,inflammatory,0.4333591120537331
4523,eE61i2y1mJ0,UgzzcoU-Y4g75ATks6t4AaABAg,0.0,neutral,0.048625,neutral,0.3033816961707291
4524,4pM7DLEL7xA,Ugzziay5SAnHWM6QiAB4AaABAg,-0.3182,inflammatory,-0.09922,inflammatory,0.14463454635736234
4525,xXAIcenT5KQ,UgzzjfcSpgl7Oj4KcSN4AaABAg,-0.053075,inflammatory,-0.15184000000000003,inflammatory,0.25703090691804187
4526,54oSf8j9Eh0,UgzzlwJRFvxy-Wnnorl4AaABAg,0.0,neutral,0.28885,sympathetic,0.4084955874914685
4527,IOueE_uol8M,UgzznkidMW1ne8v6mq94AaABAg,-0.4588,inflammatory,-0.019242857142857134,neutral,0.44291393800998907
4528,lhdAgnXWzFA,UgzznrSLheRr-18UAUR4AaABAg,-0.3333,inflammatory,0.21913999999999997,sympathetic,0.3066053456807301
4529,xEXaGltX3UA,UgzzqcqCEh2EPZ8jrjR4AaABAg,-0.5913,inflammatory,-0.20207142857142854,inflammatory,0.40793162709080594
4530,lP_9nYehuss,Ugzzu_TJzKDEv7eagx54AaABAg,-0.3182,inflammatory,-0.021071428571428567,neutral,0.3903138852867254
4531,4pM7DLEL7xA,Ugzzxv2PL77g7hX6I9N4AaABAg,-0.1471,inflammatory,-0.05240000000000001,inflammatory,0.5882345416583423
